recipe_name,source_file,source_ingredient,quantity,unit,match_status,matched_ingredient,action_required
CLASSIC COFFEE & TANG KBR-384 ONEGO V3,artifacts\recipe-upload-source\FW\CLASSIC COFFEE & TANG .docx,Instant Coffee Powder,200.0,g,item_code,TAFGA NESCAFE CLASIC COFFEE 12/200G,Review fuzzy name match
CLASSIC COFFEE & TANG KBR-384 ONEGO V3,artifacts\recipe-upload-source\FW\CLASSIC COFFEE & TANG .docx,Coffee Mate Powder,400.0,g,item_code,A-TAFGA NESTLE COFFEEMATE COFE 15/400G,Review fuzzy name match
CLASSIC COFFEE & TANG KBR-384 ONEGO V3,artifacts\recipe-upload-source\FW\CLASSIC COFFEE & TANG .docx,White Sugar,400.0,g,item_code,AL OSRA SUGAR FINE 10/2KG,Review fuzzy name match
CLASSIC COFFEE & TANG KBR-384 ONEGO V3,artifacts\recipe-upload-source\FW\CLASSIC COFFEE & TANG .docx,Hot Water,14.2,l,item_code,(TAFGA) NOVA WATER 24/0.55-0.6LTR,Review fuzzy name match
CLASSIC COFFEE & TANG KBR-384 ONEGO V3,artifacts\recipe-upload-source\FW\CLASSIC COFFEE & TANG .docx,Tang Powder,2.5,kg,item_code,TAFGA TANG ORANGE 6/2 KG,Review fuzzy name match
CLASSIC COFFEE & TANG KBR-384 ONEGO V3,artifacts\recipe-upload-source\FW\CLASSIC COFFEE & TANG .docx,Cold Water,18.5,l,item_code,(TAFGA) NOVA WATER 24/0.55-0.6LTR,Review fuzzy name match
Classic Russian Olivier Salad KBR-384 ONEGO V3,artifacts\recipe-upload-source\FW\Classic Russian Olivier Salad scaled for 100 servings.docx,Waxy Potatoes,6.5,kg,item_code,POTATO (LOCAL),Review fuzzy name match
Classic Russian Olivier Salad KBR-384 ONEGO V3,artifacts\recipe-upload-source\FW\Classic Russian Olivier Salad scaled for 100 servings.docx,Carrots,1.8,kg,item_code,CARROT (AUSTALIA/CHINA),Review fuzzy name match
Classic Russian Olivier Salad KBR-384 ONEGO V3,artifacts\recipe-upload-source\FW\Classic Russian Olivier Salad scaled for 100 servings.docx,Eggs,40.0,pieces,item_code,SAEDCO FRESH EGGS MEDIUM 12/30 CT,Review fuzzy name match
Classic Russian Olivier Salad KBR-384 ONEGO V3,artifacts\recipe-upload-source\FW\Classic Russian Olivier Salad scaled for 100 servings.docx,Cooked Ham or Chicken,1.2,kg,item_code,TANMIAH FRESH CHICKEN 1/900G,Review fuzzy name match
Classic Russian Olivier Salad KBR-384 ONEGO V3,artifacts\recipe-upload-source\FW\Classic Russian Olivier Salad scaled for 100 servings.docx,Dill Pickles,1.8,kg,item_code,TAFGA CH/GARDEN MIXED PICKLE 12/1KG,Review fuzzy name match
Classic Russian Olivier Salad KBR-384 ONEGO V3,artifacts\recipe-upload-source\FW\Classic Russian Olivier Salad scaled for 100 servings.docx,Green Peas,10.0,pieces,item_code,A-TOMEX GREEN PEAS 4/2.5KG,Review fuzzy name match
Classic Russian Olivier Salad KBR-384 ONEGO V3,artifacts\recipe-upload-source\FW\Classic Russian Olivier Salad scaled for 100 servings.docx,Quality Mayonnaise,1.3,l,item_code,TAFGA GOODY MAYONNAISE 12/32Z,Review fuzzy name match
Classic Russian Olivier Salad KBR-384 ONEGO V3,artifacts\recipe-upload-source\FW\Classic Russian Olivier Salad scaled for 100 servings.docx,Fine Salt,52.5,ml,item_code,TAFGA REHAN SALT IODIZED 24/700G,Review fuzzy name match
Classic Russian Olivier Salad KBR-384 ONEGO V3,artifacts\recipe-upload-source\FW\Classic Russian Olivier Salad scaled for 100 servings.docx,Black Pepper,30.0,ml,item_code,A-TAFGA FRESHLY PEPPER BLACK PWDR 6/16Z,Review fuzzy name match
Classic Russian Olivier Salad KBR-384 ONEGO V3,artifacts\recipe-upload-source\FW\Classic Russian Olivier Salad scaled for 100 servings.docx,Fresh Dill,150.0,ml,unmatched,,Confirm ingredient master item_code/id before production costing
FRUIT SALAD KBR-384 ONEGO V3,artifacts\recipe-upload-source\FW\FRUIT SALAD.docx,Watermelon,5.5,kg,item_code,(TAFGA) NOVA WATER 24/0.55-0.6LTR,Review fuzzy name match
FRUIT SALAD KBR-384 ONEGO V3,artifacts\recipe-upload-source\FW\FRUIT SALAD.docx,Cantaloupe or Sweet Melon,4.0,kg,item_code,WATERMELONS,Review fuzzy name match
FRUIT SALAD KBR-384 ONEGO V3,artifacts\recipe-upload-source\FW\FRUIT SALAD.docx,Seedless Grapes,3.5,kg,item_code,A-TFG FRESHLY FRUIT C/TAIL 6/2.5KG,Review fuzzy name match
FRUIT SALAD KBR-384 ONEGO V3,artifacts\recipe-upload-source\FW\FRUIT SALAD.docx,Red or Green Apples,15.0,pieces,item_code,APPLE (GALA) (USA/ITALY),Review fuzzy name match
FRUIT SALAD KBR-384 ONEGO V3,artifacts\recipe-upload-source\FW\FRUIT SALAD.docx,Oranges,15.0,pieces,item_code,ORANGE (AFRICAN/EGYPT) NAVEL (CLASS A),Review fuzzy name match
FRUIT SALAD KBR-384 ONEGO V3,artifacts\recipe-upload-source\FW\FRUIT SALAD.docx,Orange Juice,720.0,ml,item_code,TFG AL RABIE ORANGE JUCIE 8/1LTR,Review fuzzy name match
FRUIT SALAD KBR-384 ONEGO V3,artifacts\recipe-upload-source\FW\FRUIT SALAD.docx,Lemon or Lime Juice,360.0,ml,item_code,LEMON (AFRICAN/TURKEY),Review fuzzy name match
FRUIT SALAD KBR-384 ONEGO V3,artifacts\recipe-upload-source\FW\FRUIT SALAD.docx,Regular White Sugar,360.0,ml,item_code,AL OSRA SUGAR FINE 10/2KG,Review fuzzy name match
MIX MELON PORTION KBR-384 ONEGO V3,artifacts\recipe-upload-source\FW\MIX MELON PORTION .docx,Watermelon,8.5,kg,item_code,(TAFGA) NOVA WATER 24/0.55-0.6LTR,Review fuzzy name match
MIX MELON PORTION KBR-384 ONEGO V3,artifacts\recipe-upload-source\FW\MIX MELON PORTION .docx,Sweet Melon / Cantaloupe,6.5,kg,item_code,WATERMELONS,Review fuzzy name match
VIP FRUIT SALAD KBR-384 ONEGO V3,artifacts\recipe-upload-source\FW\VIP FRUIT SALAD RECIPE .docx,Strawberries,4.5,kg,unmatched,,Confirm ingredient master item_code/id before production costing
VIP FRUIT SALAD KBR-384 ONEGO V3,artifacts\recipe-upload-source\FW\VIP FRUIT SALAD RECIPE .docx,whole Pineapples,4.0,pieces,item_code,APPLE (GALA) (USA/ITALY),Review fuzzy name match
VIP FRUIT SALAD KBR-384 ONEGO V3,artifacts\recipe-upload-source\FW\VIP FRUIT SALAD RECIPE .docx,Seedless Grapes,2.7,kg,item_code,A-TFG FRESHLY FRUIT C/TAIL 6/2.5KG,Review fuzzy name match
VIP FRUIT SALAD KBR-384 ONEGO V3,artifacts\recipe-upload-source\FW\VIP FRUIT SALAD RECIPE .docx,Kiwis,20.0,pieces,item_code,KIWI FRUIT,Review fuzzy name match
VIP FRUIT SALAD KBR-384 ONEGO V3,artifacts\recipe-upload-source\FW\VIP FRUIT SALAD RECIPE .docx,Fresh Blueberries,1.5,kg,unmatched,,Confirm ingredient master item_code/id before production costing
VIP FRUIT SALAD KBR-384 ONEGO V3,artifacts\recipe-upload-source\FW\VIP FRUIT SALAD RECIPE .docx,Mandarin Oranges or Clementine’s,24.0,pieces,item_code,ORANGE (AFRICAN/EGYPT) NAVEL (CLASS A),Review fuzzy name match
VIP FRUIT SALAD KBR-384 ONEGO V3,artifacts\recipe-upload-source\FW\VIP FRUIT SALAD RECIPE .docx,Orange Juice,720.0,ml,item_code,TFG AL RABIE ORANGE JUCIE 8/1LTR,Review fuzzy name match
VIP FRUIT SALAD KBR-384 ONEGO V3,artifacts\recipe-upload-source\FW\VIP FRUIT SALAD RECIPE .docx,Fresh Lime or Lemon Juice,360.0,ml,item_code,TFG MOONATY LEMON JUICE 12/1LTR,Review fuzzy name match
VIP FRUIT SALAD KBR-384 ONEGO V3,artifacts\recipe-upload-source\FW\VIP FRUIT SALAD RECIPE .docx,Honey,480.0,ml,item_code,A-TAFGA SHIFA HONEY 12/500G,Review fuzzy name match
VIP FRUIT SALAD KBR-384 ONEGO V3,artifacts\recipe-upload-source\FW\VIP FRUIT SALAD RECIPE .docx,Orange & Lime Zest,45.0,ml,item_code,ORANGE (AFRICAN/EGYPT) NAVEL (CLASS A),Review fuzzy name match
Chana Masala KBR-384 ONEGO V3,artifacts\recipe-upload-source\MENU\MENU\Breakfast Items\DALL & BEANS\Chana Masala.100 pax.docx,Dried chickpeas,7.0,kg,item_code,A-TOMEX GREEN PEAS 4/2.5KG,Review fuzzy name match
Chana Masala KBR-384 ONEGO V3,artifacts\recipe-upload-source\MENU\MENU\Breakfast Items\DALL & BEANS\Chana Masala.100 pax.docx,Onion,5.0,kg,item_code,DRY ONION (LOCAL),Review fuzzy name match
Chana Masala KBR-384 ONEGO V3,artifacts\recipe-upload-source\MENU\MENU\Breakfast Items\DALL & BEANS\Chana Masala.100 pax.docx,Tomato,6.0,kg,item_code,TAFGA LUNA TOMATO PASTE 24/400G,Review fuzzy name match
Chana Masala KBR-384 ONEGO V3,artifacts\recipe-upload-source\MENU\MENU\Breakfast Items\DALL & BEANS\Chana Masala.100 pax.docx,Green chili,300.0,g,item_code,GREEN CHILLI (INDIAN),Review fuzzy name match
Chana Masala KBR-384 ONEGO V3,artifacts\recipe-upload-source\MENU\MENU\Breakfast Items\DALL & BEANS\Chana Masala.100 pax.docx,Ginger-garlic paste,800.0,g,item_code,GARLIC  (CHINA),Review fuzzy name match
Chana Masala KBR-384 ONEGO V3,artifacts\recipe-upload-source\MENU\MENU\Breakfast Items\DALL & BEANS\Chana Masala.100 pax.docx,Vegetable oil,2.5,l,item_code,TAFGA DALAL COOKING OIL-(SAUDI) 1/18LTR,Review fuzzy name match
Chana Masala KBR-384 ONEGO V3,artifacts\recipe-upload-source\MENU\MENU\Breakfast Items\DALL & BEANS\Chana Masala.100 pax.docx,Cumin seeds,100.0,g,item_code,SHAN CUMIN WHOLE  10/1KG,Review fuzzy name match
Chana Masala KBR-384 ONEGO V3,artifacts\recipe-upload-source\MENU\MENU\Breakfast Items\DALL & BEANS\Chana Masala.100 pax.docx,Bay leaves,20.0,pieces,item_code,TFG NIAZ BAY LEAVES 1/1KG,Review fuzzy name match
Chana Masala KBR-384 ONEGO V3,artifacts\recipe-upload-source\MENU\MENU\Breakfast Items\DALL & BEANS\Chana Masala.100 pax.docx,Turmeric powder,120.0,g,item_code,SHAN TURMERIC POWDER  10/1KG,Review fuzzy name match
Chana Masala KBR-384 ONEGO V3,artifacts\recipe-upload-source\MENU\MENU\Breakfast Items\DALL & BEANS\Chana Masala.100 pax.docx,Red chili powder,200.0,g,item_code,SHAN RED CHILLI POWDER 10/1KG,Review fuzzy name match
Chana Masala KBR-384 ONEGO V3,artifacts\recipe-upload-source\MENU\MENU\Breakfast Items\DALL & BEANS\Chana Masala.100 pax.docx,Coriander powder,400.0,g,item_code,SHAN CORIANDER POWDER  10/1KG,Review fuzzy name match
Chana Masala KBR-384 ONEGO V3,artifacts\recipe-upload-source\MENU\MENU\Breakfast Items\DALL & BEANS\Chana Masala.100 pax.docx,Cumin powder,200.0,g,item_code,SHAN CUMIN POWDER 10/1KG,Review fuzzy name match
Chana Masala KBR-384 ONEGO V3,artifacts\recipe-upload-source\MENU\MENU\Breakfast Items\DALL & BEANS\Chana Masala.100 pax.docx,Garam masala,150.0,g,item_code,SHAN KORMA MASALA 10/1KG,Review fuzzy name match
Chana Masala KBR-384 ONEGO V3,artifacts\recipe-upload-source\MENU\MENU\Breakfast Items\DALL & BEANS\Chana Masala.100 pax.docx,Chana masala spice mix,300.0,g,unmatched,,Confirm ingredient master item_code/id before production costing
Chana Masala KBR-384 ONEGO V3,artifacts\recipe-upload-source\MENU\MENU\Breakfast Items\DALL & BEANS\Chana Masala.100 pax.docx,Salt,350.0,g,item_code,AL MARAI BUTTER UNSALT 4/100/10G,Review fuzzy name match
Chana Masala KBR-384 ONEGO V3,artifacts\recipe-upload-source\MENU\MENU\Breakfast Items\DALL & BEANS\Chana Masala.100 pax.docx,Fresh coriander leaves,1.5,kg,item_code,CORIANDER LEAVES (BDL),Review fuzzy name match
Chana Masala KBR-384 ONEGO V3,artifacts\recipe-upload-source\MENU\MENU\Breakfast Items\DALL & BEANS\Chana Masala.100 pax.docx,Lemon juice,500.0,ml,item_code,TFG MOONATY LEMON JUICE 12/1LTR,Review fuzzy name match
Chana Masala KBR-384 ONEGO V3,artifacts\recipe-upload-source\MENU\MENU\Breakfast Items\DALL & BEANS\Chana Masala.100 pax.docx,Water,12.0,l,item_code,(TAFGA) NOVA WATER 24/0.55-0.6LTR,Review fuzzy name match
Dal Chana Fry (Breakfast Items 1) KBR-384 ONEGO V3,artifacts\recipe-upload-source\MENU\MENU\Breakfast Items\DALL & BEANS\Dal Chana Fry.100 pax.docx,Chana Dal,6.0,kg,item_code,A-MELOW INDIAN YELLOW SPLIT CHICK PEAS 1/15KG,Review fuzzy name match
Dal Chana Fry (Breakfast Items 1) KBR-384 ONEGO V3,artifacts\recipe-upload-source\MENU\MENU\Breakfast Items\DALL & BEANS\Dal Chana Fry.100 pax.docx,Onion,2.5,kg,item_code,DRY ONION (LOCAL),Review fuzzy name match
Dal Chana Fry (Breakfast Items 1) KBR-384 ONEGO V3,artifacts\recipe-upload-source\MENU\MENU\Breakfast Items\DALL & BEANS\Dal Chana Fry.100 pax.docx,Tomato,2.5,kg,item_code,TAFGA LUNA TOMATO PASTE 24/400G,Review fuzzy name match
Dal Chana Fry (Breakfast Items 1) KBR-384 ONEGO V3,artifacts\recipe-upload-source\MENU\MENU\Breakfast Items\DALL & BEANS\Dal Chana Fry.100 pax.docx,Ginger-Garlic paste,400.0,g,item_code,GARLIC  (CHINA),Review fuzzy name match
Dal Chana Fry (Breakfast Items 1) KBR-384 ONEGO V3,artifacts\recipe-upload-source\MENU\MENU\Breakfast Items\DALL & BEANS\Dal Chana Fry.100 pax.docx,Green chili,200.0,g,item_code,GREEN CHILLI (INDIAN),Review fuzzy name match
Dal Chana Fry (Breakfast Items 1) KBR-384 ONEGO V3,artifacts\recipe-upload-source\MENU\MENU\Breakfast Items\DALL & BEANS\Dal Chana Fry.100 pax.docx,Cooking oil / ghee,1.5,l,item_code,ALMARAI BUTTER GHEE 6/1600G,Review fuzzy name match
Dal Chana Fry (Breakfast Items 1) KBR-384 ONEGO V3,artifacts\recipe-upload-source\MENU\MENU\Breakfast Items\DALL & BEANS\Dal Chana Fry.100 pax.docx,Cumin seeds,100.0,g,item_code,SHAN CUMIN WHOLE  10/1KG,Review fuzzy name match
Dal Chana Fry (Breakfast Items 1) KBR-384 ONEGO V3,artifacts\recipe-upload-source\MENU\MENU\Breakfast Items\DALL & BEANS\Dal Chana Fry.100 pax.docx,Turmeric powder,80.0,g,item_code,SHAN TURMERIC POWDER  10/1KG,Review fuzzy name match
Dal Chana Fry (Breakfast Items 1) KBR-384 ONEGO V3,artifacts\recipe-upload-source\MENU\MENU\Breakfast Items\DALL & BEANS\Dal Chana Fry.100 pax.docx,Red chili powder,120.0,g,item_code,SHAN RED CHILLI POWDER 10/1KG,Review fuzzy name match
Dal Chana Fry (Breakfast Items 1) KBR-384 ONEGO V3,artifacts\recipe-upload-source\MENU\MENU\Breakfast Items\DALL & BEANS\Dal Chana Fry.100 pax.docx,Coriander powder,200.0,g,item_code,SHAN CORIANDER POWDER  10/1KG,Review fuzzy name match
Dal Chana Fry (Breakfast Items 1) KBR-384 ONEGO V3,artifacts\recipe-upload-source\MENU\MENU\Breakfast Items\DALL & BEANS\Dal Chana Fry.100 pax.docx,Garam masala,100.0,g,item_code,SHAN KORMA MASALA 10/1KG,Review fuzzy name match
Dal Chana Fry (Breakfast Items 1) KBR-384 ONEGO V3,artifacts\recipe-upload-source\MENU\MENU\Breakfast Items\DALL & BEANS\Dal Chana Fry.100 pax.docx,Salt,250.0,g,item_code,AL MARAI BUTTER UNSALT 4/100/10G,Review fuzzy name match
Dal Chana Fry (Breakfast Items 1) KBR-384 ONEGO V3,artifacts\recipe-upload-source\MENU\MENU\Breakfast Items\DALL & BEANS\Dal Chana Fry.100 pax.docx,Fresh coriander leaves,500.0,g,item_code,CORIANDER LEAVES (BDL),Review fuzzy name match
Dal Chana Fry (Breakfast Items 1) KBR-384 ONEGO V3,artifacts\recipe-upload-source\MENU\MENU\Breakfast Items\DALL & BEANS\Dal Chana Fry.100 pax.docx,Water,18.0,l,item_code,(TAFGA) NOVA WATER 24/0.55-0.6LTR,Review fuzzy name match
Dal Chana Fry (Breakfast Items 1) KBR-384 ONEGO V3,artifacts\recipe-upload-source\MENU\MENU\Breakfast Items\DALL & BEANS\Dal Chana Fry.100 pax.docx,Lemon juice,200.0,ml,item_code,TFG MOONATY LEMON JUICE 12/1LTR,Review fuzzy name match
Dal Masoor (Breakfast Items 1) KBR-384 ONEGO V3,artifacts\recipe-upload-source\MENU\MENU\Breakfast Items\DALL & BEANS\Dal Masoor.100 pax.docx,Red Lentils,7.0,kg,item_code,A-MELLOW PULSE RED LENTIL 1/15KG,Review fuzzy name match
Dal Masoor (Breakfast Items 1) KBR-384 ONEGO V3,artifacts\recipe-upload-source\MENU\MENU\Breakfast Items\DALL & BEANS\Dal Masoor.100 pax.docx,Water,28.0,l,item_code,(TAFGA) NOVA WATER 24/0.55-0.6LTR,Review fuzzy name match
Dal Masoor (Breakfast Items 1) KBR-384 ONEGO V3,artifacts\recipe-upload-source\MENU\MENU\Breakfast Items\DALL & BEANS\Dal Masoor.100 pax.docx,Onion,3.0,kg,item_code,DRY ONION (LOCAL),Review fuzzy name match
Dal Masoor (Breakfast Items 1) KBR-384 ONEGO V3,artifacts\recipe-upload-source\MENU\MENU\Breakfast Items\DALL & BEANS\Dal Masoor.100 pax.docx,Tomatoes,4.0,kg,item_code,TAFGA LUNA TOMATO PASTE 24/400G,Review fuzzy name match
Dal Masoor (Breakfast Items 1) KBR-384 ONEGO V3,artifacts\recipe-upload-source\MENU\MENU\Breakfast Items\DALL & BEANS\Dal Masoor.100 pax.docx,Green Chilies,250.0,g,item_code,GREEN CHILLI (INDIAN),Review fuzzy name match
Dal Masoor (Breakfast Items 1) KBR-384 ONEGO V3,artifacts\recipe-upload-source\MENU\MENU\Breakfast Items\DALL & BEANS\Dal Masoor.100 pax.docx,Ginger-Garlic Paste,500.0,g,item_code,GARLIC  (CHINA),Review fuzzy name match
Dal Masoor (Breakfast Items 1) KBR-384 ONEGO V3,artifacts\recipe-upload-source\MENU\MENU\Breakfast Items\DALL & BEANS\Dal Masoor.100 pax.docx,Turmeric Powder,120.0,g,item_code,SHAN TURMERIC POWDER  10/1KG,Review fuzzy name match
Dal Masoor (Breakfast Items 1) KBR-384 ONEGO V3,artifacts\recipe-upload-source\MENU\MENU\Breakfast Items\DALL & BEANS\Dal Masoor.100 pax.docx,Red Chili Powder,150.0,g,item_code,SHAN RED CHILLI POWDER 10/1KG,Review fuzzy name match
Dal Masoor (Breakfast Items 1) KBR-384 ONEGO V3,artifacts\recipe-upload-source\MENU\MENU\Breakfast Items\DALL & BEANS\Dal Masoor.100 pax.docx,Coriander Powder,300.0,g,item_code,SHAN CORIANDER POWDER  10/1KG,Review fuzzy name match
Dal Masoor (Breakfast Items 1) KBR-384 ONEGO V3,artifacts\recipe-upload-source\MENU\MENU\Breakfast Items\DALL & BEANS\Dal Masoor.100 pax.docx,Cumin Seeds,120.0,g,item_code,SHAN CUMIN WHOLE  10/1KG,Review fuzzy name match
Dal Masoor (Breakfast Items 1) KBR-384 ONEGO V3,artifacts\recipe-upload-source\MENU\MENU\Breakfast Items\DALL & BEANS\Dal Masoor.100 pax.docx,Garam Masala,120.0,g,item_code,SHAN KORMA MASALA 10/1KG,Review fuzzy name match
Dal Masoor (Breakfast Items 1) KBR-384 ONEGO V3,artifacts\recipe-upload-source\MENU\MENU\Breakfast Items\DALL & BEANS\Dal Masoor.100 pax.docx,Salt,400.0,g,item_code,AL MARAI BUTTER UNSALT 4/100/10G,Review fuzzy name match
Dall Mong KBR-384 ONEGO V3,artifacts\recipe-upload-source\MENU\MENU\Breakfast Items\DALL & BEANS\Dall Mong Recipe. 100 pax.docx,Dall Mongo,15.0,kg,item_code,A-TAFGA MELLOW DAL MOONG WHL 1/15KG,Review fuzzy name match
Dall Mong KBR-384 ONEGO V3,artifacts\recipe-upload-source\MENU\MENU\Breakfast Items\DALL & BEANS\Dall Mong Recipe. 100 pax.docx,Onions,5.0,kg,item_code,DRY ONION (LOCAL),Review fuzzy name match
Dall Mong KBR-384 ONEGO V3,artifacts\recipe-upload-source\MENU\MENU\Breakfast Items\DALL & BEANS\Dall Mong Recipe. 100 pax.docx,Tomatoes,5.0,kg,item_code,TAFGA LUNA TOMATO PASTE 24/400G,Review fuzzy name match
Dall Mong KBR-384 ONEGO V3,artifacts\recipe-upload-source\MENU\MENU\Breakfast Items\DALL & BEANS\Dall Mong Recipe. 100 pax.docx,Garlic,500.0,g,item_code,EASTERN GARLIC POWDER 24/200G,Review fuzzy name match
Dall Mong KBR-384 ONEGO V3,artifacts\recipe-upload-source\MENU\MENU\Breakfast Items\DALL & BEANS\Dall Mong Recipe. 100 pax.docx,Green chilies,300.0,g,item_code,GREEN CHILLI (INDIAN),Review fuzzy name match
Dall Mong KBR-384 ONEGO V3,artifacts\recipe-upload-source\MENU\MENU\Breakfast Items\DALL & BEANS\Dall Mong Recipe. 100 pax.docx,Ginger,250.0,g,item_code,GINGER (CHINA),Review fuzzy name match
Dall Mong KBR-384 ONEGO V3,artifacts\recipe-upload-source\MENU\MENU\Breakfast Items\DALL & BEANS\Dall Mong Recipe. 100 pax.docx,Vegetable oil / Ghee,2.5,l,item_code,ALMARAI BUTTER GHEE 6/1600G,Review fuzzy name match
Dall Mong KBR-384 ONEGO V3,artifacts\recipe-upload-source\MENU\MENU\Breakfast Items\DALL & BEANS\Dall Mong Recipe. 100 pax.docx,Cumin seeds,100.0,g,item_code,SHAN CUMIN WHOLE  10/1KG,Review fuzzy name match
Dall Mong KBR-384 ONEGO V3,artifacts\recipe-upload-source\MENU\MENU\Breakfast Items\DALL & BEANS\Dall Mong Recipe. 100 pax.docx,Coriander powder,200.0,g,item_code,SHAN CORIANDER POWDER  10/1KG,Review fuzzy name match
Dall Mong KBR-384 ONEGO V3,artifacts\recipe-upload-source\MENU\MENU\Breakfast Items\DALL & BEANS\Dall Mong Recipe. 100 pax.docx,Turmeric powder,50.0,g,item_code,SHAN TURMERIC POWDER  10/1KG,Review fuzzy name match
Dall Mong KBR-384 ONEGO V3,artifacts\recipe-upload-source\MENU\MENU\Breakfast Items\DALL & BEANS\Dall Mong Recipe. 100 pax.docx,Red chili powder,100.0,g,item_code,SHAN RED CHILLI POWDER 10/1KG,Review fuzzy name match
Dall Mong KBR-384 ONEGO V3,artifacts\recipe-upload-source\MENU\MENU\Breakfast Items\DALL & BEANS\Dall Mong Recipe. 100 pax.docx,Garam masala,50.0,g,item_code,SHAN KORMA MASALA 10/1KG,Review fuzzy name match
Dall Mong KBR-384 ONEGO V3,artifacts\recipe-upload-source\MENU\MENU\Breakfast Items\DALL & BEANS\Dall Mong Recipe. 100 pax.docx,Fresh coriander leaves,500.0,g,item_code,CORIANDER LEAVES (BDL),Review fuzzy name match
Foul Medames KBR-384 ONEGO V3,artifacts\recipe-upload-source\MENU\MENU\Breakfast Items\DALL & BEANS\Foul Medames.01 pax.docx,Fava beans,100.0,g,item_code,A-TFGA LUNA FOUL MEDAMAS 24/400G,Review fuzzy name match
Foul Medames KBR-384 ONEGO V3,artifacts\recipe-upload-source\MENU\MENU\Breakfast Items\DALL & BEANS\Foul Medames.01 pax.docx,Olive oil,5.0,ml,item_code,TAFGA OLIVE OIL 12/500ML,Review fuzzy name match
Foul Medames KBR-384 ONEGO V3,artifacts\recipe-upload-source\MENU\MENU\Breakfast Items\DALL & BEANS\Foul Medames.01 pax.docx,Lemon juice,5.0,ml,item_code,TFG MOONATY LEMON JUICE 12/1LTR,Review fuzzy name match
Boiled Eggs KBR-384 ONEGO V3,artifacts\recipe-upload-source\MENU\MENU\Breakfast Items\EGG\Boiled Eggs.docx,Fresh Eggs,100.0,pieces,item_code,SAEDCO FRESH EGGS MEDIUM 12/30 CT,Review fuzzy name match
Boiled Eggs KBR-384 ONEGO V3,artifacts\recipe-upload-source\MENU\MENU\Breakfast Items\EGG\Boiled Eggs.docx,Fine Salt,60.0,ml,item_code,TAFGA REHAN SALT IODIZED 24/700G,Review fuzzy name match
Boiled Eggs KBR-384 ONEGO V3,artifacts\recipe-upload-source\MENU\MENU\Breakfast Items\EGG\Boiled Eggs.docx,Water,40.0,l,item_code,(TAFGA) NOVA WATER 24/0.55-0.6LTR,Review fuzzy name match
Cheese Omelette.with onion tomato KBR-384 ONEGO V3,artifacts\recipe-upload-source\MENU\MENU\Breakfast Items\EGG\Cheese Omelette.with onion tomato 01 pax.docx,Eggs,2.0,pieces,item_code,SAEDCO FRESH EGGS MEDIUM 12/30 CT,Review fuzzy name match
Cheese Omelette.with onion tomato KBR-384 ONEGO V3,artifacts\recipe-upload-source\MENU\MENU\Breakfast Items\EGG\Cheese Omelette.with onion tomato 01 pax.docx,Onion,20.0,g,item_code,DRY ONION (LOCAL),Review fuzzy name match
Cheese Omelette.with onion tomato KBR-384 ONEGO V3,artifacts\recipe-upload-source\MENU\MENU\Breakfast Items\EGG\Cheese Omelette.with onion tomato 01 pax.docx,Tomato,20.0,g,item_code,TAFGA LUNA TOMATO PASTE 24/400G,Review fuzzy name match
Cheese Omelette.with onion tomato KBR-384 ONEGO V3,artifacts\recipe-upload-source\MENU\MENU\Breakfast Items\EGG\Cheese Omelette.with onion tomato 01 pax.docx,Butter or cooking oil,5.0,g,item_code,AL MARAI BUTTER UNSALT 4/100/10G,Review fuzzy name match
Cheese Omelette.with onion tomato KBR-384 ONEGO V3,artifacts\recipe-upload-source\MENU\MENU\Breakfast Items\EGG\Cheese Omelette.with onion tomato 01 pax.docx,Cheese slice,1.0,pieces,item_code,TAFGA SLICED CHEESE 9/800G,Review fuzzy name match
Cheese Omelette.with onion tomato KBR-384 ONEGO V3,artifacts\recipe-upload-source\MENU\MENU\Breakfast Items\EGG\Cheese Omelette.with onion tomato 01 pax.docx,Add cheese,1.0,pieces,item_code,TAFGA SLICED CHEESE 9/800G,Review fuzzy name match
Egg Shakshuka KBR-384 ONEGO V3,artifacts\recipe-upload-source\MENU\MENU\Breakfast Items\EGG\Egg Shakshuka.01 pax.docx,Eggs,2.0,pieces,item_code,SAEDCO FRESH EGGS MEDIUM 12/30 CT,Review fuzzy name match
Egg Shakshuka KBR-384 ONEGO V3,artifacts\recipe-upload-source\MENU\MENU\Breakfast Items\EGG\Egg Shakshuka.01 pax.docx,Tomatoes,150.0,g,item_code,TAFGA LUNA TOMATO PASTE 24/400G,Review fuzzy name match
Egg Shakshuka KBR-384 ONEGO V3,artifacts\recipe-upload-source\MENU\MENU\Breakfast Items\EGG\Egg Shakshuka.01 pax.docx,Onion,50.0,g,item_code,DRY ONION (LOCAL),Review fuzzy name match
Egg Shakshuka KBR-384 ONEGO V3,artifacts\recipe-upload-source\MENU\MENU\Breakfast Items\EGG\Egg Shakshuka.01 pax.docx,Red bell pepper,50.0,g,item_code,GREEN PEPPER (LBN),Review fuzzy name match
Egg Shakshuka KBR-384 ONEGO V3,artifacts\recipe-upload-source\MENU\MENU\Breakfast Items\EGG\Egg Shakshuka.01 pax.docx,Olive oil,15.0,ml,item_code,TAFGA OLIVE OIL 12/500ML,Review fuzzy name match
Egg Shakshuka KBR-384 ONEGO V3,artifacts\recipe-upload-source\MENU\MENU\Breakfast Items\EGG\Egg Shakshuka.01 pax.docx,Fresh parsley,15.0,ml,unmatched,,Confirm ingredient master item_code/id before production costing
Egg with Potato KBR-384 ONEGO V3,artifacts\recipe-upload-source\MENU\MENU\Breakfast Items\EGG\Egg with Potato Recipe.01 serving.docx,Egg,2.0,pieces,item_code,EGGPANT (BIG),Review fuzzy name match
Egg with Potato KBR-384 ONEGO V3,artifacts\recipe-upload-source\MENU\MENU\Breakfast Items\EGG\Egg with Potato Recipe.01 serving.docx,Potato,100.0,g,item_code,POTATO (LOCAL),Review fuzzy name match
Egg with Potato KBR-384 ONEGO V3,artifacts\recipe-upload-source\MENU\MENU\Breakfast Items\EGG\Egg with Potato Recipe.01 serving.docx,Olive oil,5.0,ml,item_code,TAFGA OLIVE OIL 12/500ML,Review fuzzy name match
Fried Eggs.2 pcs KBR-384 ONEGO V3,artifacts\recipe-upload-source\MENU\MENU\Breakfast Items\EGG\Fried Eggs.2 pcs.docx,eggs,2.0,pieces,item_code,SAEDCO FRESH EGGS MEDIUM 12/30 CT,Review fuzzy name match
Fried Eggs.2 pcs KBR-384 ONEGO V3,artifacts\recipe-upload-source\MENU\MENU\Breakfast Items\EGG\Fried Eggs.2 pcs.docx,oil or butter,5.0,ml,item_code,AL MARAI BUTTER UNSALT 4/100/10G,Review fuzzy name match
Omlette with onion and tomato KBR-384 ONEGO V3,artifacts\recipe-upload-source\MENU\MENU\Breakfast Items\EGG\Omlette with onion and tomato 01 pax.docx,Eggs,2.0,pieces,item_code,SAEDCO FRESH EGGS MEDIUM 12/30 CT,Review fuzzy name match
Omlette with onion and tomato KBR-384 ONEGO V3,artifacts\recipe-upload-source\MENU\MENU\Breakfast Items\EGG\Omlette with onion and tomato 01 pax.docx,Onion,30.0,g,item_code,DRY ONION (LOCAL),Review fuzzy name match
Omlette with onion and tomato KBR-384 ONEGO V3,artifacts\recipe-upload-source\MENU\MENU\Breakfast Items\EGG\Omlette with onion and tomato 01 pax.docx,Tomato,30.0,g,item_code,TAFGA LUNA TOMATO PASTE 24/400G,Review fuzzy name match
Pan omelette KBR-384 ONEGO V3,artifacts\recipe-upload-source\MENU\MENU\Breakfast Items\EGG\Pan omelette.docx,Fresh Eggs,200.0,pieces,item_code,SAEDCO FRESH EGGS MEDIUM 12/30 CT,Review fuzzy name match
Pan omelette KBR-384 ONEGO V3,artifacts\recipe-upload-source\MENU\MENU\Breakfast Items\EGG\Pan omelette.docx,Whole Milk or Water,720.0,ml,item_code,(TAFGA) NOVA WATER 24/0.55-0.6LTR,Review fuzzy name match
Pan omelette KBR-384 ONEGO V3,artifacts\recipe-upload-source\MENU\MENU\Breakfast Items\EGG\Pan omelette.docx,Fine Salt,60.0,ml,item_code,TAFGA REHAN SALT IODIZED 24/700G,Review fuzzy name match
Pan omelette KBR-384 ONEGO V3,artifacts\recipe-upload-source\MENU\MENU\Breakfast Items\EGG\Pan omelette.docx,Finely Ground White or Black Pepper,30.0,ml,item_code,A-TAFGA FRESHLY PEPPER BLACK PWDR 6/16Z,Review fuzzy name match
Pan omelette KBR-384 ONEGO V3,artifacts\recipe-upload-source\MENU\MENU\Breakfast Items\EGG\Pan omelette.docx,Unsalted Butter,450.0,g,item_code,AL MARAI BUTTER UNSALT 4/100/10G,Review fuzzy name match
Plan cheese omlette KBR-384 ONEGO V3,artifacts\recipe-upload-source\MENU\MENU\Breakfast Items\EGG\Plan cheese omlette.docx,Eggs,2.0,pieces,item_code,SAEDCO FRESH EGGS MEDIUM 12/30 CT,Review fuzzy name match
Plan cheese omlette KBR-384 ONEGO V3,artifacts\recipe-upload-source\MENU\MENU\Breakfast Items\EGG\Plan cheese omlette.docx,Salt,1.25,ml,item_code,AL MARAI BUTTER UNSALT 4/100/10G,Review fuzzy name match
Plan cheese omlette KBR-384 ONEGO V3,artifacts\recipe-upload-source\MENU\MENU\Breakfast Items\EGG\Plan cheese omlette.docx,Cheese slice,1.0,pieces,item_code,TAFGA SLICED CHEESE 9/800G,Review fuzzy name match
Scrambled Eggs KBR-384 ONEGO V3,artifacts\recipe-upload-source\MENU\MENU\Breakfast Items\EGG\Scrambled Eggs.01 pax.docx,Eggs,2.0,pieces,item_code,SAEDCO FRESH EGGS MEDIUM 12/30 CT,Review fuzzy name match
Scrambled Eggs KBR-384 ONEGO V3,artifacts\recipe-upload-source\MENU\MENU\Breakfast Items\EGG\Scrambled Eggs.01 pax.docx,Milk,15.0,ml,item_code,NZMP WHOLE MILK POWDER 1/25KG,Review fuzzy name match
Scrambled Eggs KBR-384 ONEGO V3,artifacts\recipe-upload-source\MENU\MENU\Breakfast Items\EGG\Scrambled Eggs.01 pax.docx,Butter or oil,5.0,ml,item_code,AL MARAI BUTTER UNSALT 4/100/10G,Review fuzzy name match
Vegetable Omelette KBR-384 ONEGO V3,artifacts\recipe-upload-source\MENU\MENU\Breakfast Items\EGG\Vegetable Omelette.01 serving.docx,eggs,2.0,pieces,item_code,SAEDCO FRESH EGGS MEDIUM 12/30 CT,Review fuzzy name match
Vegetable Omelette KBR-384 ONEGO V3,artifacts\recipe-upload-source\MENU\MENU\Breakfast Items\EGG\Vegetable Omelette.01 serving.docx,chopped onion,60.0,ml,item_code,DRY ONION (LOCAL),Review fuzzy name match
Vegetable Omelette KBR-384 ONEGO V3,artifacts\recipe-upload-source\MENU\MENU\Breakfast Items\EGG\Vegetable Omelette.01 serving.docx,chopped tomato,60.0,ml,item_code,TOMATO (ADY),Review fuzzy name match
Vegetable Omelette KBR-384 ONEGO V3,artifacts\recipe-upload-source\MENU\MENU\Breakfast Items\EGG\Vegetable Omelette.01 serving.docx,chopped bell pepper,60.0,ml,item_code,GREEN PEPPER (LBN),Review fuzzy name match
Vegetable Omelette KBR-384 ONEGO V3,artifacts\recipe-upload-source\MENU\MENU\Breakfast Items\EGG\Vegetable Omelette.01 serving.docx,chopped spinach or other greens,60.0,ml,item_code,TFG BOREAL/TOMEX BELGIUM SPINACH 4/2.5KG,Review fuzzy name match
Vegetable Omelette KBR-384 ONEGO V3,artifacts\recipe-upload-source\MENU\MENU\Breakfast Items\EGG\Vegetable Omelette.01 serving.docx,olive oil or butter,5.0,ml,item_code,AL MARAI BUTTER UNSALT 4/100/10G,Review fuzzy name match
Egg Curry KBR-384 ONEGO V3,artifacts\recipe-upload-source\MENU\MENU\Breakfast Items\Egg_Curry_Recipe_100_Servings.docx,Whole Eggs,200.0,pieces,item_code,SAEDCO FRESH EGGS MEDIUM 12/30 CT,Review fuzzy name match
Egg Curry KBR-384 ONEGO V3,artifacts\recipe-upload-source\MENU\MENU\Breakfast Items\Egg_Curry_Recipe_100_Servings.docx,Vegetable Oil,950.0,ml,item_code,TAFGA DALAL COOKING OIL-(SAUDI) 1/18LTR,Review fuzzy name match
Egg Curry KBR-384 ONEGO V3,artifacts\recipe-upload-source\MENU\MENU\Breakfast Items\Egg_Curry_Recipe_100_Servings.docx,Onions,6.8,kg,item_code,DRY ONION (LOCAL),Review fuzzy name match
Egg Curry KBR-384 ONEGO V3,artifacts\recipe-upload-source\MENU\MENU\Breakfast Items\Egg_Curry_Recipe_100_Servings.docx,Ginger Paste,350.0,g,item_code,GINGER (CHINA),Review fuzzy name match
Egg Curry KBR-384 ONEGO V3,artifacts\recipe-upload-source\MENU\MENU\Breakfast Items\Egg_Curry_Recipe_100_Servings.docx,Garlic Paste,350.0,g,item_code,GARLIC  (CHINA),Review fuzzy name match
Egg Curry KBR-384 ONEGO V3,artifacts\recipe-upload-source\MENU\MENU\Breakfast Items\Egg_Curry_Recipe_100_Servings.docx,Tomato Paste,500.0,g,item_code,TAFGA LUNA TOMATO PASTE 24/400G,Review fuzzy name match
Egg Curry KBR-384 ONEGO V3,artifacts\recipe-upload-source\MENU\MENU\Breakfast Items\Egg_Curry_Recipe_100_Servings.docx,Canned Crushed /Fresh Tomatoes,6.0,kg,item_code,A-TAFGA GOODY WHOLE PEELED TOMATO 6/#10,Review fuzzy name match
Egg Curry KBR-384 ONEGO V3,artifacts\recipe-upload-source\MENU\MENU\Breakfast Items\Egg_Curry_Recipe_100_Servings.docx,Water / Vegetable Stock,15.0,l,item_code,(TAFGA) NOVA WATER 24/0.55-0.6LTR,Review fuzzy name match
Egg Curry KBR-384 ONEGO V3,artifacts\recipe-upload-source\MENU\MENU\Breakfast Items\Egg_Curry_Recipe_100_Servings.docx,Salt,350.0,g,item_code,AL MARAI BUTTER UNSALT 4/100/10G,Review fuzzy name match
Egg Curry KBR-384 ONEGO V3,artifacts\recipe-upload-source\MENU\MENU\Breakfast Items\Egg_Curry_Recipe_100_Servings.docx,Turmeric Powder,250.0,g,item_code,SHAN TURMERIC POWDER  10/1KG,Review fuzzy name match
Egg Curry KBR-384 ONEGO V3,artifacts\recipe-upload-source\MENU\MENU\Breakfast Items\Egg_Curry_Recipe_100_Servings.docx,Kashmiri Chili Powder,300.0,g,item_code,SHAN RED CHILLI POWDER 10/1KG,Review fuzzy name match
Egg Curry KBR-384 ONEGO V3,artifacts\recipe-upload-source\MENU\MENU\Breakfast Items\Egg_Curry_Recipe_100_Servings.docx,Coriander Powder,350.0,g,item_code,SHAN CORIANDER POWDER  10/1KG,Review fuzzy name match
Egg Curry KBR-384 ONEGO V3,artifacts\recipe-upload-source\MENU\MENU\Breakfast Items\Egg_Curry_Recipe_100_Servings.docx,Cumin Powder,250.0,g,item_code,SHAN CUMIN POWDER 10/1KG,Review fuzzy name match
Egg Curry KBR-384 ONEGO V3,artifacts\recipe-upload-source\MENU\MENU\Breakfast Items\Egg_Curry_Recipe_100_Servings.docx,Garam Masala,300.0,g,item_code,SHAN KORMA MASALA 10/1KG,Review fuzzy name match
Egg Curry KBR-384 ONEGO V3,artifacts\recipe-upload-source\MENU\MENU\Breakfast Items\Egg_Curry_Recipe_100_Servings.docx,Kasuri Methi,30.0,g,item_code,A-MEHRAN KAUSRI METHILEAVES 12/50G,Review fuzzy name match
Egg Curry KBR-384 ONEGO V3,artifacts\recipe-upload-source\MENU\MENU\Breakfast Items\Egg_Curry_Recipe_100_Servings.docx,Fresh Coriander,4.0,pieces,item_code,SHAN CORIANDER POWDER  10/1KG,Review fuzzy name match
French Toast KBR-384 ONEGO V3,artifacts\recipe-upload-source\MENU\MENU\Breakfast Items\French Toast Recipe.01 pax.docx,of bread,2.0,pieces,item_code,SLICED BREAD WHITE,Review fuzzy name match
French Toast KBR-384 ONEGO V3,artifacts\recipe-upload-source\MENU\MENU\Breakfast Items\French Toast Recipe.01 pax.docx,egg,1.0,pieces,item_code,EGGPANT (BIG),Review fuzzy name match
French Toast KBR-384 ONEGO V3,artifacts\recipe-upload-source\MENU\MENU\Breakfast Items\French Toast Recipe.01 pax.docx,milk,60.0,ml,item_code,NZMP WHOLE MILK POWDER 1/25KG,Review fuzzy name match
French Toast KBR-384 ONEGO V3,artifacts\recipe-upload-source\MENU\MENU\Breakfast Items\French Toast Recipe.01 pax.docx,sugar,5.0,ml,item_code,AL OSRA SUGAR FINE 10/2KG,Review fuzzy name match
French Toast KBR-384 ONEGO V3,artifacts\recipe-upload-source\MENU\MENU\Breakfast Items\French Toast Recipe.01 pax.docx,cinnamon,2.5,ml,item_code,NIAZ CINNAMON STICK 1/1KG,Review fuzzy name match
French Toast KBR-384 ONEGO V3,artifacts\recipe-upload-source\MENU\MENU\Breakfast Items\French Toast Recipe.01 pax.docx,vanilla extract,2.5,ml,item_code,TFGA CUSTARD POWDER 24/450G,Review fuzzy name match
French Toast KBR-384 ONEGO V3,artifacts\recipe-upload-source\MENU\MENU\Breakfast Items\French Toast Recipe.01 pax.docx,butter or oil for cooking,5.0,ml,item_code,AL MARAI BUTTER UNSALT 4/100/10G,Review fuzzy name match
Oatmeal KBR-384 ONEGO V3,artifacts\recipe-upload-source\MENU\MENU\Breakfast Items\Oatmeal_Recipe_100_Portions.docx,Old-Fashioned Rolled Oats,5.0,kg,item_code,TFG RIYADH/HAIEL WHITE OATS 24/400G,Review fuzzy name match
Oatmeal KBR-384 ONEGO V3,artifacts\recipe-upload-source\MENU\MENU\Breakfast Items\Oatmeal_Recipe_100_Portions.docx,Liquid Base,20.0,l,item_code,(TAFGA) NOVA WATER 24/0.55-0.6LTR,Review fuzzy name match
Oatmeal KBR-384 ONEGO V3,artifacts\recipe-upload-source\MENU\MENU\Breakfast Items\Oatmeal_Recipe_100_Portions.docx,Salt,60.0,ml,item_code,AL MARAI BUTTER UNSALT 4/100/10G,Review fuzzy name match
Oatmeal KBR-384 ONEGO V3,artifacts\recipe-upload-source\MENU\MENU\Breakfast Items\Oatmeal_Recipe_100_Portions.docx,Butter,250.0,g,item_code,AL MARAI BUTTER UNSALT 4/100/10G,Review fuzzy name match
Oatmeal KBR-384 ONEGO V3,artifacts\recipe-upload-source\MENU\MENU\Breakfast Items\Oatmeal_Recipe_100_Portions.docx,Pour your 20 liters of liquid into the stockpot and add the 4 tablespoons of salt. Turn the heat to high.Chef's Note,100.0,pieces,item_code,TAFGA REHAN SALT IODIZED 24/700G,Review fuzzy name match
Oatmeal KBR-384 ONEGO V3,artifacts\recipe-upload-source\MENU\MENU\Breakfast Items\Oatmeal_Recipe_100_Portions.docx,"of rolled oats at once. Stir vigorously with your long paddle for 60 seconds to prevent clumps, then drop the burner heat to medium-low",5.0,kg,item_code,TFG RIYADH/HAIEL WHITE OATS 24/400G,Review fuzzy name match
Oatmeal KBR-384 ONEGO V3,artifacts\recipe-upload-source\MENU\MENU\Breakfast Items\Oatmeal_Recipe_100_Portions.docx,of butter. Seal the top of the pot immediately with heavy-duty foil or its lid and let it steam for 5 minutes to lock in moisture and finish cooking the grains perfectly,250.0,g,item_code,AL MARAI BUTTER UNSALT 4/100/10G,Review fuzzy name match
Butter Chicken KBR-384 ONEGO V3,artifacts\recipe-upload-source\MENU\MENU\Chicken\Butter Chicken Recipe.100 pax.docx,Boneless chicken,10.0,kg,item_code,TFG AMERICANA LOCAL CHICKEN BREAST1/10KG,Review fuzzy name match
Butter Chicken KBR-384 ONEGO V3,artifacts\recipe-upload-source\MENU\MENU\Chicken\Butter Chicken Recipe.100 pax.docx,Yogurt,2.5,kg,item_code,ALMARAI LABNEH FF 1/2.75KG,Review fuzzy name match
Butter Chicken KBR-384 ONEGO V3,artifacts\recipe-upload-source\MENU\MENU\Chicken\Butter Chicken Recipe.100 pax.docx,Ginger-garlic paste,400.0,g,item_code,GARLIC  (CHINA),Review fuzzy name match
Butter Chicken KBR-384 ONEGO V3,artifacts\recipe-upload-source\MENU\MENU\Chicken\Butter Chicken Recipe.100 pax.docx,Lemon juice,200.0,ml,item_code,TFG MOONATY LEMON JUICE 12/1LTR,Review fuzzy name match
Butter Chicken KBR-384 ONEGO V3,artifacts\recipe-upload-source\MENU\MENU\Chicken\Butter Chicken Recipe.100 pax.docx,Red chili powder,120.0,g,item_code,SHAN RED CHILLI POWDER 10/1KG,Review fuzzy name match
Butter Chicken KBR-384 ONEGO V3,artifacts\recipe-upload-source\MENU\MENU\Chicken\Butter Chicken Recipe.100 pax.docx,Turmeric powder,60.0,g,item_code,SHAN TURMERIC POWDER  10/1KG,Review fuzzy name match
Butter Chicken KBR-384 ONEGO V3,artifacts\recipe-upload-source\MENU\MENU\Chicken\Butter Chicken Recipe.100 pax.docx,Garam masala,150.0,g,item_code,SHAN KORMA MASALA 10/1KG,Review fuzzy name match
Butter Chicken KBR-384 ONEGO V3,artifacts\recipe-upload-source\MENU\MENU\Chicken\Butter Chicken Recipe.100 pax.docx,Salt,200.0,g,item_code,AL MARAI BUTTER UNSALT 4/100/10G,Review fuzzy name match
Butter Chicken KBR-384 ONEGO V3,artifacts\recipe-upload-source\MENU\MENU\Chicken\Butter Chicken Recipe.100 pax.docx,Butter,2.5,kg,item_code,AL MARAI BUTTER UNSALT 4/100/10G,Review fuzzy name match
Butter Chicken KBR-384 ONEGO V3,artifacts\recipe-upload-source\MENU\MENU\Chicken\Butter Chicken Recipe.100 pax.docx,Oil,1.0,l,item_code,AFIA SUNFLOWER OIL 4/2.9LTR,Review fuzzy name match
Butter Chicken KBR-384 ONEGO V3,artifacts\recipe-upload-source\MENU\MENU\Chicken\Butter Chicken Recipe.100 pax.docx,Tomato puree,6.0,kg,item_code,A-TAFGA GOODY WHOLE PEELED TOMATO 6/#10,Review fuzzy name match
Butter Chicken KBR-384 ONEGO V3,artifacts\recipe-upload-source\MENU\MENU\Chicken\Butter Chicken Recipe.100 pax.docx,Fresh cream,2.5,l,item_code,AL MARAI UHT MILF FF 12/1LTR,Review fuzzy name match
Butter Chicken KBR-384 ONEGO V3,artifacts\recipe-upload-source\MENU\MENU\Chicken\Butter Chicken Recipe.100 pax.docx,Cashew paste,1.5,kg,item_code,A- SPIXA CASHEW NUTS 1/1KG,Review fuzzy name match
Butter Chicken KBR-384 ONEGO V3,artifacts\recipe-upload-source\MENU\MENU\Chicken\Butter Chicken Recipe.100 pax.docx,Ginger-garlic paste,300.0,g,item_code,GARLIC  (CHINA),Review fuzzy name match
Butter Chicken KBR-384 ONEGO V3,artifacts\recipe-upload-source\MENU\MENU\Chicken\Butter Chicken Recipe.100 pax.docx,Kashmiri chili powder,150.0,g,item_code,SHAN RED CHILLI POWDER 10/1KG,Review fuzzy name match
Butter Chicken KBR-384 ONEGO V3,artifacts\recipe-upload-source\MENU\MENU\Chicken\Butter Chicken Recipe.100 pax.docx,Sugar,200.0,g,item_code,AL OSRA SUGAR FINE 10/2KG,Review fuzzy name match
Butter Chicken KBR-384 ONEGO V3,artifacts\recipe-upload-source\MENU\MENU\Chicken\Butter Chicken Recipe.100 pax.docx,Water,4.0,l,item_code,(TAFGA) NOVA WATER 24/0.55-0.6LTR,Review fuzzy name match
Butter Chicken KBR-384 ONEGO V3,artifacts\recipe-upload-source\MENU\MENU\Chicken\Butter Chicken Recipe.100 pax.docx,Kasuri methi,100.0,g,item_code,A-MEHRAN KAUSRI METHILEAVES 12/50G,Review fuzzy name match
Butter Chicken KBR-384 ONEGO V3,artifacts\recipe-upload-source\MENU\MENU\Chicken\Butter Chicken Recipe.100 pax.docx,Fresh coriander,500.0,g,item_code,SHAN CORIANDER POWDER  10/1KG,Review fuzzy name match
Chicken Biryani KBR-384 ONEGO V3,artifacts\recipe-upload-source\MENU\MENU\Chicken\Chicken Biryani Recipe.100 pax.docx,Basmati Rice,14.0,kg,item_code,NIAZ BASMATI EXTRA LONG GRAIN XXL 1/40KG,Review fuzzy name match
Chicken Biryani KBR-384 ONEGO V3,artifacts\recipe-upload-source\MENU\MENU\Chicken\Chicken Biryani Recipe.100 pax.docx,Salt,250.0,g,item_code,AL MARAI BUTTER UNSALT 4/100/10G,Review fuzzy name match
Chicken Biryani KBR-384 ONEGO V3,artifacts\recipe-upload-source\MENU\MENU\Chicken\Chicken Biryani Recipe.100 pax.docx,Chicken,18.0,kg,item_code,TAFGA MAGGI CUBES CHICKEN 24/24/20G,Review fuzzy name match
Chicken Biryani KBR-384 ONEGO V3,artifacts\recipe-upload-source\MENU\MENU\Chicken\Chicken Biryani Recipe.100 pax.docx,Yogurt,4.0,kg,item_code,ALMARAI LABNEH FF 1/2.75KG,Review fuzzy name match
Chicken Biryani KBR-384 ONEGO V3,artifacts\recipe-upload-source\MENU\MENU\Chicken\Chicken Biryani Recipe.100 pax.docx,Ginger garlic paste,1.0,kg,item_code,GARLIC  (CHINA),Review fuzzy name match
Chicken Biryani KBR-384 ONEGO V3,artifacts\recipe-upload-source\MENU\MENU\Chicken\Chicken Biryani Recipe.100 pax.docx,Red chili powder,400.0,g,item_code,SHAN RED CHILLI POWDER 10/1KG,Review fuzzy name match
Chicken Biryani KBR-384 ONEGO V3,artifacts\recipe-upload-source\MENU\MENU\Chicken\Chicken Biryani Recipe.100 pax.docx,Turmeric powder,150.0,g,item_code,SHAN TURMERIC POWDER  10/1KG,Review fuzzy name match
Chicken Biryani KBR-384 ONEGO V3,artifacts\recipe-upload-source\MENU\MENU\Chicken\Chicken Biryani Recipe.100 pax.docx,Coriander powder,500.0,g,item_code,SHAN CORIANDER POWDER  10/1KG,Review fuzzy name match
Chicken Biryani KBR-384 ONEGO V3,artifacts\recipe-upload-source\MENU\MENU\Chicken\Chicken Biryani Recipe.100 pax.docx,Garam masala,250.0,g,item_code,SHAN KORMA MASALA 10/1KG,Review fuzzy name match
Chicken Biryani KBR-384 ONEGO V3,artifacts\recipe-upload-source\MENU\MENU\Chicken\Chicken Biryani Recipe.100 pax.docx,Lemon juice,500.0,ml,item_code,TFG MOONATY LEMON JUICE 12/1LTR,Review fuzzy name match
Chicken Biryani KBR-384 ONEGO V3,artifacts\recipe-upload-source\MENU\MENU\Chicken\Chicken Biryani Recipe.100 pax.docx,Salt,350.0,g,item_code,AL MARAI BUTTER UNSALT 4/100/10G,Review fuzzy name match
Chicken Biryani KBR-384 ONEGO V3,artifacts\recipe-upload-source\MENU\MENU\Chicken\Chicken Biryani Recipe.100 pax.docx,Onions,6.0,kg,item_code,DRY ONION (LOCAL),Review fuzzy name match
Chicken Biryani KBR-384 ONEGO V3,artifacts\recipe-upload-source\MENU\MENU\Chicken\Chicken Biryani Recipe.100 pax.docx,Tomatoes,4.0,kg,item_code,TAFGA LUNA TOMATO PASTE 24/400G,Review fuzzy name match
Chicken Biryani KBR-384 ONEGO V3,artifacts\recipe-upload-source\MENU\MENU\Chicken\Chicken Biryani Recipe.100 pax.docx,Green chilies,300.0,g,item_code,GREEN CHILLI (INDIAN),Review fuzzy name match
Chicken Biryani KBR-384 ONEGO V3,artifacts\recipe-upload-source\MENU\MENU\Chicken\Chicken Biryani Recipe.100 pax.docx,Fresh coriander leaves,1.0,kg,item_code,CORIANDER LEAVES (BDL),Review fuzzy name match
Chicken Biryani KBR-384 ONEGO V3,artifacts\recipe-upload-source\MENU\MENU\Chicken\Chicken Biryani Recipe.100 pax.docx,Fresh mint leaves,800.0,g,item_code,MINT (BDL),Review fuzzy name match
Chicken Biryani KBR-384 ONEGO V3,artifacts\recipe-upload-source\MENU\MENU\Chicken\Chicken Biryani Recipe.100 pax.docx,Bay leaves,50.0,g,item_code,TFG NIAZ BAY LEAVES 1/1KG,Review fuzzy name match
Chicken Biryani KBR-384 ONEGO V3,artifacts\recipe-upload-source\MENU\MENU\Chicken\Chicken Biryani Recipe.100 pax.docx,Cinnamon sticks,100.0,g,item_code,NIAZ CINNAMON STICK 1/1KG,Review fuzzy name match
Chicken Biryani KBR-384 ONEGO V3,artifacts\recipe-upload-source\MENU\MENU\Chicken\Chicken Biryani Recipe.100 pax.docx,Green cardamom,80.0,g,item_code,NIAZ CARDAMON 1/1KG,Review fuzzy name match
Chicken Biryani KBR-384 ONEGO V3,artifacts\recipe-upload-source\MENU\MENU\Chicken\Chicken Biryani Recipe.100 pax.docx,Cloves,50.0,g,item_code,NIAZ CLOVE WHOLE 1/1KG,Review fuzzy name match
Chicken Biryani KBR-384 ONEGO V3,artifacts\recipe-upload-source\MENU\MENU\Chicken\Chicken Biryani Recipe.100 pax.docx,Black pepper,50.0,g,item_code,A-TAFGA FRESHLY PEPPER BLACK PWDR 6/16Z,Review fuzzy name match
Chicken Biryani KBR-384 ONEGO V3,artifacts\recipe-upload-source\MENU\MENU\Chicken\Chicken Biryani Recipe.100 pax.docx,Oil,4.0,l,item_code,AFIA SUNFLOWER OIL 4/2.9LTR,Review fuzzy name match
Chicken Biryani KBR-384 ONEGO V3,artifacts\recipe-upload-source\MENU\MENU\Chicken\Chicken Biryani Recipe.100 pax.docx,Ghee,2.0,l,item_code,ALMARAI BUTTER GHEE 6/1600G,Review fuzzy name match
Chicken Biryani KBR-384 ONEGO V3,artifacts\recipe-upload-source\MENU\MENU\Chicken\Chicken Biryani Recipe.100 pax.docx,Milk,2.0,l,item_code,NZMP WHOLE MILK POWDER 1/25KG,Review fuzzy name match
Chicken Biryani KBR-384 ONEGO V3,artifacts\recipe-upload-source\MENU\MENU\Chicken\Chicken Biryani Recipe.100 pax.docx,Saffron,5.0,g,unmatched,,Confirm ingredient master item_code/id before production costing
Chicken Broasted KBR-384 ONEGO V3,artifacts\recipe-upload-source\MENU\MENU\Chicken\Chicken Broasted Recipe.100 pax -.docx,Whole chicken,25.0,pieces,item_code,ADDOHA FRESH CHICKEN WHOLE IN BAG 1/900G,Review fuzzy name match
Chicken Broasted KBR-384 ONEGO V3,artifacts\recipe-upload-source\MENU\MENU\Chicken\Chicken Broasted Recipe.100 pax -.docx,All-purpose flour,6.0,kg,item_code,A-FOOM WHITE FLOUR 1/45KG,Review fuzzy name match
Chicken Broasted KBR-384 ONEGO V3,artifacts\recipe-upload-source\MENU\MENU\Chicken\Chicken Broasted Recipe.100 pax -.docx,Cornstarch,2.0,kg,contains,A-AL AMC CORN STARCH 1/25KG,Review fuzzy name match
Chicken Broasted KBR-384 ONEGO V3,artifacts\recipe-upload-source\MENU\MENU\Chicken\Chicken Broasted Recipe.100 pax -.docx,Salt,300.0,g,item_code,AL MARAI BUTTER UNSALT 4/100/10G,Review fuzzy name match
Chicken Broasted KBR-384 ONEGO V3,artifacts\recipe-upload-source\MENU\MENU\Chicken\Chicken Broasted Recipe.100 pax -.docx,Black pepper,100.0,g,item_code,A-TAFGA FRESHLY PEPPER BLACK PWDR 6/16Z,Review fuzzy name match
Chicken Broasted KBR-384 ONEGO V3,artifacts\recipe-upload-source\MENU\MENU\Chicken\Chicken Broasted Recipe.100 pax -.docx,Garlic powder,100.0,g,item_code,EASTERN GARLIC POWDER 24/200G,Review fuzzy name match
Chicken Broasted KBR-384 ONEGO V3,artifacts\recipe-upload-source\MENU\MENU\Chicken\Chicken Broasted Recipe.100 pax -.docx,Paprika,200.0,g,item_code,A-AL MANAKEL PAPRIKA SWEET JAR  6/1KG,Review fuzzy name match
Chicken Broasted KBR-384 ONEGO V3,artifacts\recipe-upload-source\MENU\MENU\Chicken\Chicken Broasted Recipe.100 pax -.docx,Buttermilk,6.0,l,item_code,AL MARAI UHT MILF FF 12/1LTR,Review fuzzy name match
Chicken Broasted KBR-384 ONEGO V3,artifacts\recipe-upload-source\MENU\MENU\Chicken\Chicken Broasted Recipe.100 pax -.docx,Vegetable oil,20.0,l,item_code,TAFGA DALAL COOKING OIL-(SAUDI) 1/18LTR,Review fuzzy name match
Chicken Chilli KBR-384 ONEGO V3,artifacts\recipe-upload-source\MENU\MENU\Chicken\Chicken Chilli Recipe.100 pax.docx,Boneless chicken,10.0,kg,item_code,TFG AMERICANA LOCAL CHICKEN BREAST1/10KG,Review fuzzy name match
Chicken Chilli KBR-384 ONEGO V3,artifacts\recipe-upload-source\MENU\MENU\Chicken\Chicken Chilli Recipe.100 pax.docx,Corn flour,1.5,kg,item_code,A-FOOM WHITE FLOUR 1/45KG,Review fuzzy name match
Chicken Chilli KBR-384 ONEGO V3,artifacts\recipe-upload-source\MENU\MENU\Chicken\Chicken Chilli Recipe.100 pax.docx,All-purpose flour,1.0,kg,item_code,A-FOOM WHITE FLOUR 1/45KG,Review fuzzy name match
Chicken Chilli KBR-384 ONEGO V3,artifacts\recipe-upload-source\MENU\MENU\Chicken\Chicken Chilli Recipe.100 pax.docx,Eggs,20.0,pieces,item_code,SAEDCO FRESH EGGS MEDIUM 12/30 CT,Review fuzzy name match
Chicken Chilli KBR-384 ONEGO V3,artifacts\recipe-upload-source\MENU\MENU\Chicken\Chicken Chilli Recipe.100 pax.docx,Ginger-garlic paste,500.0,g,item_code,GARLIC  (CHINA),Review fuzzy name match
Chicken Chilli KBR-384 ONEGO V3,artifacts\recipe-upload-source\MENU\MENU\Chicken\Chicken Chilli Recipe.100 pax.docx,Soy sauce,500.0,ml,item_code,TAFGA MAKATI SOY SAUCE 12/750ML,Review fuzzy name match
Chicken Chilli KBR-384 ONEGO V3,artifacts\recipe-upload-source\MENU\MENU\Chicken\Chicken Chilli Recipe.100 pax.docx,Salt,200.0,g,item_code,AL MARAI BUTTER UNSALT 4/100/10G,Review fuzzy name match
Chicken Chilli KBR-384 ONEGO V3,artifacts\recipe-upload-source\MENU\MENU\Chicken\Chicken Chilli Recipe.100 pax.docx,Black pepper,100.0,g,item_code,A-TAFGA FRESHLY PEPPER BLACK PWDR 6/16Z,Review fuzzy name match
Chicken Chilli KBR-384 ONEGO V3,artifacts\recipe-upload-source\MENU\MENU\Chicken\Chicken Chilli Recipe.100 pax.docx,Oil,4.0,l,item_code,AFIA SUNFLOWER OIL 4/2.9LTR,Review fuzzy name match
Chicken Chilli KBR-384 ONEGO V3,artifacts\recipe-upload-source\MENU\MENU\Chicken\Chicken Chilli Recipe.100 pax.docx,Garlic,500.0,g,item_code,EASTERN GARLIC POWDER 24/200G,Review fuzzy name match
Chicken Chilli KBR-384 ONEGO V3,artifacts\recipe-upload-source\MENU\MENU\Chicken\Chicken Chilli Recipe.100 pax.docx,Ginger,300.0,g,item_code,GINGER (CHINA),Review fuzzy name match
Chicken Chilli KBR-384 ONEGO V3,artifacts\recipe-upload-source\MENU\MENU\Chicken\Chicken Chilli Recipe.100 pax.docx,Green chilies,300.0,g,item_code,GREEN CHILLI (INDIAN),Review fuzzy name match
Chicken Chilli KBR-384 ONEGO V3,artifacts\recipe-upload-source\MENU\MENU\Chicken\Chicken Chilli Recipe.100 pax.docx,Onion,4.0,kg,item_code,DRY ONION (LOCAL),Review fuzzy name match
Chicken Chilli KBR-384 ONEGO V3,artifacts\recipe-upload-source\MENU\MENU\Chicken\Chicken Chilli Recipe.100 pax.docx,Capsicum,4.0,kg,item_code,GREEN PEPPER (LBN),Review fuzzy name match
Chicken Chilli KBR-384 ONEGO V3,artifacts\recipe-upload-source\MENU\MENU\Chicken\Chicken Chilli Recipe.100 pax.docx,Soy sauce,1.0,l,item_code,TAFGA MAKATI SOY SAUCE 12/750ML,Review fuzzy name match
Chicken Chilli KBR-384 ONEGO V3,artifacts\recipe-upload-source\MENU\MENU\Chicken\Chicken Chilli Recipe.100 pax.docx,Chili sauce,1.5,l,item_code,A-(TAFGA) AFFCO SWEET CORN 6/3KG,Review fuzzy name match
Chicken Chilli KBR-384 ONEGO V3,artifacts\recipe-upload-source\MENU\MENU\Chicken\Chicken Chilli Recipe.100 pax.docx,Tomato ketchup,2.0,l,item_code,TOMATO (ADY),Review fuzzy name match
Chicken Chilli KBR-384 ONEGO V3,artifacts\recipe-upload-source\MENU\MENU\Chicken\Chicken Chilli Recipe.100 pax.docx,Vinegar,500.0,ml,item_code,MAWASIM VINEGAR WHITE 4/3.78LTR,Review fuzzy name match
Chicken Chilli KBR-384 ONEGO V3,artifacts\recipe-upload-source\MENU\MENU\Chicken\Chicken Chilli Recipe.100 pax.docx,Sugar,300.0,g,item_code,AL OSRA SUGAR FINE 10/2KG,Review fuzzy name match
Chicken Chilli KBR-384 ONEGO V3,artifacts\recipe-upload-source\MENU\MENU\Chicken\Chicken Chilli Recipe.100 pax.docx,Water/stock,3.0,l,item_code,(TAFGA) NOVA WATER 24/0.55-0.6LTR,Review fuzzy name match
Chicken Chilli KBR-384 ONEGO V3,artifacts\recipe-upload-source\MENU\MENU\Chicken\Chicken Chilli Recipe.100 pax.docx,Corn flour,500.0,g,item_code,A-FOOM WHITE FLOUR 1/45KG,Review fuzzy name match
Chicken Chilli KBR-384 ONEGO V3,artifacts\recipe-upload-source\MENU\MENU\Chicken\Chicken Chilli Recipe.100 pax.docx,Water,1.0,l,item_code,(TAFGA) NOVA WATER 24/0.55-0.6LTR,Review fuzzy name match
Chicken Curry KBR-384 ONEGO V3,artifacts\recipe-upload-source\MENU\MENU\Chicken\Chicken Curry Recipe.100 pax.docx,Chicken,18.0,kg,item_code,TAFGA MAGGI CUBES CHICKEN 24/24/20G,Review fuzzy name match
Chicken Curry KBR-384 ONEGO V3,artifacts\recipe-upload-source\MENU\MENU\Chicken\Chicken Curry Recipe.100 pax.docx,Yogurt,2.0,kg,item_code,ALMARAI LABNEH FF 1/2.75KG,Review fuzzy name match
Chicken Curry KBR-384 ONEGO V3,artifacts\recipe-upload-source\MENU\MENU\Chicken\Chicken Curry Recipe.100 pax.docx,Ginger garlic paste,500.0,g,item_code,GARLIC  (CHINA),Review fuzzy name match
Chicken Curry KBR-384 ONEGO V3,artifacts\recipe-upload-source\MENU\MENU\Chicken\Chicken Curry Recipe.100 pax.docx,Turmeric powder,150.0,g,item_code,SHAN TURMERIC POWDER  10/1KG,Review fuzzy name match
Chicken Curry KBR-384 ONEGO V3,artifacts\recipe-upload-source\MENU\MENU\Chicken\Chicken Curry Recipe.100 pax.docx,Red chili powder,250.0,g,item_code,SHAN RED CHILLI POWDER 10/1KG,Review fuzzy name match
Chicken Curry KBR-384 ONEGO V3,artifacts\recipe-upload-source\MENU\MENU\Chicken\Chicken Curry Recipe.100 pax.docx,Salt,250.0,g,item_code,AL MARAI BUTTER UNSALT 4/100/10G,Review fuzzy name match
Chicken Curry KBR-384 ONEGO V3,artifacts\recipe-upload-source\MENU\MENU\Chicken\Chicken Curry Recipe.100 pax.docx,Onions,5.0,kg,item_code,DRY ONION (LOCAL),Review fuzzy name match
Chicken Curry KBR-384 ONEGO V3,artifacts\recipe-upload-source\MENU\MENU\Chicken\Chicken Curry Recipe.100 pax.docx,Tomatoes,4.0,kg,item_code,TAFGA LUNA TOMATO PASTE 24/400G,Review fuzzy name match
Chicken Curry KBR-384 ONEGO V3,artifacts\recipe-upload-source\MENU\MENU\Chicken\Chicken Curry Recipe.100 pax.docx,Green chilies,300.0,g,item_code,GREEN CHILLI (INDIAN),Review fuzzy name match
Chicken Curry KBR-384 ONEGO V3,artifacts\recipe-upload-source\MENU\MENU\Chicken\Chicken Curry Recipe.100 pax.docx,Ginger garlic paste,400.0,g,item_code,GARLIC  (CHINA),Review fuzzy name match
Chicken Curry KBR-384 ONEGO V3,artifacts\recipe-upload-source\MENU\MENU\Chicken\Chicken Curry Recipe.100 pax.docx,Coriander powder,300.0,g,item_code,SHAN CORIANDER POWDER  10/1KG,Review fuzzy name match
Chicken Curry KBR-384 ONEGO V3,artifacts\recipe-upload-source\MENU\MENU\Chicken\Chicken Curry Recipe.100 pax.docx,Cumin powder,150.0,g,item_code,SHAN CUMIN POWDER 10/1KG,Review fuzzy name match
Chicken Curry KBR-384 ONEGO V3,artifacts\recipe-upload-source\MENU\MENU\Chicken\Chicken Curry Recipe.100 pax.docx,Garam masala,120.0,g,item_code,SHAN KORMA MASALA 10/1KG,Review fuzzy name match
Chicken Curry KBR-384 ONEGO V3,artifacts\recipe-upload-source\MENU\MENU\Chicken\Chicken Curry Recipe.100 pax.docx,Whole spices,100.0,g,unmatched,,Confirm ingredient master item_code/id before production costing
Chicken Grilled with Lemon Sauce KBR-384 ONEGO V3,artifacts\recipe-upload-source\MENU\MENU\Chicken\Chicken Grilled with Lemon Sauce.100 pax.docx,Chicken breasts,100.0,pieces,item_code,TFG AMERICANA LOCAL CHICKEN BREAST1/10KG,Review fuzzy name match
Chicken Grilled with Lemon Sauce KBR-384 ONEGO V3,artifacts\recipe-upload-source\MENU\MENU\Chicken\Chicken Grilled with Lemon Sauce.100 pax.docx,Olive oil,500.0,ml,item_code,TAFGA OLIVE OIL 12/500ML,Review fuzzy name match
Chicken Grilled with Lemon Sauce KBR-384 ONEGO V3,artifacts\recipe-upload-source\MENU\MENU\Chicken\Chicken Grilled with Lemon Sauce.100 pax.docx,Garlic,100.0,g,item_code,EASTERN GARLIC POWDER 24/200G,Review fuzzy name match
Chicken Grilled with Lemon Sauce KBR-384 ONEGO V3,artifacts\recipe-upload-source\MENU\MENU\Chicken\Chicken Grilled with Lemon Sauce.100 pax.docx,Salt,200.0,g,item_code,AL MARAI BUTTER UNSALT 4/100/10G,Review fuzzy name match
Chicken Grilled with Lemon Sauce KBR-384 ONEGO V3,artifacts\recipe-upload-source\MENU\MENU\Chicken\Chicken Grilled with Lemon Sauce.100 pax.docx,Black pepper,100.0,g,item_code,A-TAFGA FRESHLY PEPPER BLACK PWDR 6/16Z,Review fuzzy name match
Chicken Grilled with Lemon Sauce KBR-384 ONEGO V3,artifacts\recipe-upload-source\MENU\MENU\Chicken\Chicken Grilled with Lemon Sauce.100 pax.docx,Paprika,50.0,g,item_code,A-AL MANAKEL PAPRIKA SWEET JAR  6/1KG,Review fuzzy name match
Chicken Grilled with Lemon Sauce KBR-384 ONEGO V3,artifacts\recipe-upload-source\MENU\MENU\Chicken\Chicken Grilled with Lemon Sauce.100 pax.docx,Lemon juice,500.0,ml,item_code,TFG MOONATY LEMON JUICE 12/1LTR,Review fuzzy name match
Chicken Grilled with Lemon Sauce KBR-384 ONEGO V3,artifacts\recipe-upload-source\MENU\MENU\Chicken\Chicken Grilled with Lemon Sauce.100 pax.docx,Butter,400.0,g,item_code,AL MARAI BUTTER UNSALT 4/100/10G,Review fuzzy name match
Chicken Grilled with Lemon Sauce KBR-384 ONEGO V3,artifacts\recipe-upload-source\MENU\MENU\Chicken\Chicken Grilled with Lemon Sauce.100 pax.docx,Garlic,50.0,g,item_code,EASTERN GARLIC POWDER 24/200G,Review fuzzy name match
Chicken Grilled with Lemon Sauce KBR-384 ONEGO V3,artifacts\recipe-upload-source\MENU\MENU\Chicken\Chicken Grilled with Lemon Sauce.100 pax.docx,Cornstarch,50.0,g,contains,A-AL AMC CORN STARCH 1/25KG,Review fuzzy name match
Chicken Grilled with Lemon Sauce KBR-384 ONEGO V3,artifacts\recipe-upload-source\MENU\MENU\Chicken\Chicken Grilled with Lemon Sauce.100 pax.docx,Salt,50.0,g,item_code,AL MARAI BUTTER UNSALT 4/100/10G,Review fuzzy name match
Chicken Grilled with Lemon Sauce KBR-384 ONEGO V3,artifacts\recipe-upload-source\MENU\MENU\Chicken\Chicken Grilled with Lemon Sauce.100 pax.docx,Black pepper,25.0,g,item_code,A-TAFGA FRESHLY PEPPER BLACK PWDR 6/16Z,Review fuzzy name match
Chicken Grilled with Lemon Sauce KBR-384 ONEGO V3,artifacts\recipe-upload-source\MENU\MENU\Chicken\Chicken Grilled with Lemon Sauce.100 pax.docx,Fresh parsley,50.0,g,unmatched,,Confirm ingredient master item_code/id before production costing
Chicken Haleem KBR-384 ONEGO V3,artifacts\recipe-upload-source\MENU\MENU\Chicken\Chicken Haleem Recipe.100 pax.docx,Boneless chicken,8.0,kg,item_code,TFG AMERICANA LOCAL CHICKEN BREAST1/10KG,Review fuzzy name match
Chicken Haleem KBR-384 ONEGO V3,artifacts\recipe-upload-source\MENU\MENU\Chicken\Chicken Haleem Recipe.100 pax.docx,Broken wheat,3.5,kg,item_code,A-TAFGA ADELCO HAREES TURKEY 1/10KG,Review fuzzy name match
Chicken Haleem KBR-384 ONEGO V3,artifacts\recipe-upload-source\MENU\MENU\Chicken\Chicken Haleem Recipe.100 pax.docx,Yellow lentils,1.5,kg,item_code,A-MELOW INDIAN YELLOW SPLIT CHICK PEAS 1/15KG,Review fuzzy name match
Chicken Haleem KBR-384 ONEGO V3,artifacts\recipe-upload-source\MENU\MENU\Chicken\Chicken Haleem Recipe.100 pax.docx,Chana dal,1.0,kg,item_code,A-MELOW INDIAN YELLOW SPLIT CHICK PEAS 1/15KG,Review fuzzy name match
Chicken Haleem KBR-384 ONEGO V3,artifacts\recipe-upload-source\MENU\MENU\Chicken\Chicken Haleem Recipe.100 pax.docx,Onion,2.0,kg,item_code,DRY ONION (LOCAL),Review fuzzy name match
Chicken Haleem KBR-384 ONEGO V3,artifacts\recipe-upload-source\MENU\MENU\Chicken\Chicken Haleem Recipe.100 pax.docx,Garlic paste,200.0,g,item_code,GARLIC  (CHINA),Review fuzzy name match
Chicken Haleem KBR-384 ONEGO V3,artifacts\recipe-upload-source\MENU\MENU\Chicken\Chicken Haleem Recipe.100 pax.docx,Ginger paste,200.0,g,item_code,GINGER (CHINA),Review fuzzy name match
Chicken Haleem KBR-384 ONEGO V3,artifacts\recipe-upload-source\MENU\MENU\Chicken\Chicken Haleem Recipe.100 pax.docx,Yogurt,500.0,g,item_code,ALMARAI LABNEH FF 1/2.75KG,Review fuzzy name match
Chicken Haleem KBR-384 ONEGO V3,artifacts\recipe-upload-source\MENU\MENU\Chicken\Chicken Haleem Recipe.100 pax.docx,Green chilies,150.0,g,item_code,GREEN CHILLI (INDIAN),Review fuzzy name match
Chicken Haleem KBR-384 ONEGO V3,artifacts\recipe-upload-source\MENU\MENU\Chicken\Chicken Haleem Recipe.100 pax.docx,Ghee / Cooking oil,500.0,g,item_code,ALMARAI BUTTER GHEE 6/1600G,Review fuzzy name match
Chicken Haleem KBR-384 ONEGO V3,artifacts\recipe-upload-source\MENU\MENU\Chicken\Chicken Haleem Recipe.100 pax.docx,Haleem masala,150.0,g,item_code,MAA HALEEM MASALA 10/1KG,Review fuzzy name match
Chicken Haleem KBR-384 ONEGO V3,artifacts\recipe-upload-source\MENU\MENU\Chicken\Chicken Haleem Recipe.100 pax.docx,Turmeric powder,50.0,g,item_code,SHAN TURMERIC POWDER  10/1KG,Review fuzzy name match
Chicken Haleem KBR-384 ONEGO V3,artifacts\recipe-upload-source\MENU\MENU\Chicken\Chicken Haleem Recipe.100 pax.docx,Red chili powder,50.0,g,item_code,SHAN RED CHILLI POWDER 10/1KG,Review fuzzy name match
Chicken Haleem KBR-384 ONEGO V3,artifacts\recipe-upload-source\MENU\MENU\Chicken\Chicken Haleem Recipe.100 pax.docx,Salt,100.0,g,item_code,AL MARAI BUTTER UNSALT 4/100/10G,Review fuzzy name match
Chicken Haleem KBR-384 ONEGO V3,artifacts\recipe-upload-source\MENU\MENU\Chicken\Chicken Haleem Recipe.100 pax.docx,Lemon juice,100.0,ml,item_code,TFG MOONATY LEMON JUICE 12/1LTR,Review fuzzy name match
Chicken Haleem KBR-384 ONEGO V3,artifacts\recipe-upload-source\MENU\MENU\Chicken\Chicken Haleem Recipe.100 pax.docx,Fresh coriander & mint leaves,200.0,g,item_code,CORIANDER LEAVES (BDL),Review fuzzy name match
Chicken Haleem KBR-384 ONEGO V3,artifacts\recipe-upload-source\MENU\MENU\Chicken\Chicken Haleem Recipe.100 pax.docx,Water,15.0,l,item_code,(TAFGA) NOVA WATER 24/0.55-0.6LTR,Review fuzzy name match
Chicken Handi KBR-384 ONEGO V3,artifacts\recipe-upload-source\MENU\MENU\Chicken\Chicken Handi Recipe.100 pax.docx,Chicken,18.0,kg,item_code,TAFGA MAGGI CUBES CHICKEN 24/24/20G,Review fuzzy name match
Chicken Handi KBR-384 ONEGO V3,artifacts\recipe-upload-source\MENU\MENU\Chicken\Chicken Handi Recipe.100 pax.docx,Oil or Ghee,3.5,l,item_code,ALMARAI BUTTER GHEE 6/1600G,Review fuzzy name match
Chicken Handi KBR-384 ONEGO V3,artifacts\recipe-upload-source\MENU\MENU\Chicken\Chicken Handi Recipe.100 pax.docx,Onions,5.0,kg,item_code,DRY ONION (LOCAL),Review fuzzy name match
Chicken Handi KBR-384 ONEGO V3,artifacts\recipe-upload-source\MENU\MENU\Chicken\Chicken Handi Recipe.100 pax.docx,Tomatoes,6.0,kg,item_code,TAFGA LUNA TOMATO PASTE 24/400G,Review fuzzy name match
Chicken Handi KBR-384 ONEGO V3,artifacts\recipe-upload-source\MENU\MENU\Chicken\Chicken Handi Recipe.100 pax.docx,Yogurt,4.0,kg,item_code,ALMARAI LABNEH FF 1/2.75KG,Review fuzzy name match
Chicken Handi KBR-384 ONEGO V3,artifacts\recipe-upload-source\MENU\MENU\Chicken\Chicken Handi Recipe.100 pax.docx,Fresh cream,2.0,l,item_code,AL MARAI UHT MILF FF 12/1LTR,Review fuzzy name match
Chicken Handi KBR-384 ONEGO V3,artifacts\recipe-upload-source\MENU\MENU\Chicken\Chicken Handi Recipe.100 pax.docx,Ginger paste,600.0,g,item_code,GINGER (CHINA),Review fuzzy name match
Chicken Handi KBR-384 ONEGO V3,artifacts\recipe-upload-source\MENU\MENU\Chicken\Chicken Handi Recipe.100 pax.docx,Garlic paste,600.0,g,item_code,GARLIC  (CHINA),Review fuzzy name match
Chicken Handi KBR-384 ONEGO V3,artifacts\recipe-upload-source\MENU\MENU\Chicken\Chicken Handi Recipe.100 pax.docx,Salt,350.0,g,item_code,AL MARAI BUTTER UNSALT 4/100/10G,Review fuzzy name match
Chicken Handi KBR-384 ONEGO V3,artifacts\recipe-upload-source\MENU\MENU\Chicken\Chicken Handi Recipe.100 pax.docx,Red chili powder,300.0,g,item_code,SHAN RED CHILLI POWDER 10/1KG,Review fuzzy name match
Chicken Handi KBR-384 ONEGO V3,artifacts\recipe-upload-source\MENU\MENU\Chicken\Chicken Handi Recipe.100 pax.docx,Turmeric powder,120.0,g,item_code,SHAN TURMERIC POWDER  10/1KG,Review fuzzy name match
Chicken Handi KBR-384 ONEGO V3,artifacts\recipe-upload-source\MENU\MENU\Chicken\Chicken Handi Recipe.100 pax.docx,Coriander powder,400.0,g,item_code,SHAN CORIANDER POWDER  10/1KG,Review fuzzy name match
Chicken Handi KBR-384 ONEGO V3,artifacts\recipe-upload-source\MENU\MENU\Chicken\Chicken Handi Recipe.100 pax.docx,Cumin powder,200.0,g,item_code,SHAN CUMIN POWDER 10/1KG,Review fuzzy name match
Chicken Handi KBR-384 ONEGO V3,artifacts\recipe-upload-source\MENU\MENU\Chicken\Chicken Handi Recipe.100 pax.docx,Garam masala,150.0,g,item_code,SHAN KORMA MASALA 10/1KG,Review fuzzy name match
Chicken Handi KBR-384 ONEGO V3,artifacts\recipe-upload-source\MENU\MENU\Chicken\Chicken Handi Recipe.100 pax.docx,Black pepper powder,80.0,g,item_code,A-TAFGA FRESHLY PEPPER BLACK PWDR 6/16Z,Review fuzzy name match
Chicken Handi KBR-384 ONEGO V3,artifacts\recipe-upload-source\MENU\MENU\Chicken\Chicken Handi Recipe.100 pax.docx,Cinnamon sticks,50.0,g,item_code,NIAZ CINNAMON STICK 1/1KG,Review fuzzy name match
Chicken Handi KBR-384 ONEGO V3,artifacts\recipe-upload-source\MENU\MENU\Chicken\Chicken Handi Recipe.100 pax.docx,Green cardamom,40.0,g,item_code,NIAZ CARDAMON 1/1KG,Review fuzzy name match
Chicken Handi KBR-384 ONEGO V3,artifacts\recipe-upload-source\MENU\MENU\Chicken\Chicken Handi Recipe.100 pax.docx,Cloves,30.0,g,item_code,NIAZ CLOVE WHOLE 1/1KG,Review fuzzy name match
Chicken Handi KBR-384 ONEGO V3,artifacts\recipe-upload-source\MENU\MENU\Chicken\Chicken Handi Recipe.100 pax.docx,Bay leaves,20.0,g,item_code,TFG NIAZ BAY LEAVES 1/1KG,Review fuzzy name match
Chicken Handi KBR-384 ONEGO V3,artifacts\recipe-upload-source\MENU\MENU\Chicken\Chicken Handi Recipe.100 pax.docx,Green chilies,500.0,g,item_code,GREEN CHILLI (INDIAN),Review fuzzy name match
Chicken Handi KBR-384 ONEGO V3,artifacts\recipe-upload-source\MENU\MENU\Chicken\Chicken Handi Recipe.100 pax.docx,Fresh coriander leaves,1.5,kg,item_code,CORIANDER LEAVES (BDL),Review fuzzy name match
Chicken Handi KBR-384 ONEGO V3,artifacts\recipe-upload-source\MENU\MENU\Chicken\Chicken Handi Recipe.100 pax.docx,Fresh ginger,500.0,g,item_code,GINGER (CHINA),Review fuzzy name match
Chicken Handi KBR-384 ONEGO V3,artifacts\recipe-upload-source\MENU\MENU\Chicken\Chicken Handi Recipe.100 pax.docx,Kasuri methi,100.0,g,item_code,A-MEHRAN KAUSRI METHILEAVES 12/50G,Review fuzzy name match
Chicken Jalfrezi KBR-384 ONEGO V3,artifacts\recipe-upload-source\MENU\MENU\Chicken\Chicken Jalfrezi Recipe.100 pax.docx,"Chicken, boneless, cubed",15.0,kg,item_code,TANMIAH FRESH CHICKEN 1/900G,Review fuzzy name match
Chicken Jalfrezi KBR-384 ONEGO V3,artifacts\recipe-upload-source\MENU\MENU\Chicken\Chicken Jalfrezi Recipe.100 pax.docx,Yogurt,1.5,kg,item_code,ALMARAI LABNEH FF 1/2.75KG,Review fuzzy name match
Chicken Jalfrezi KBR-384 ONEGO V3,artifacts\recipe-upload-source\MENU\MENU\Chicken\Chicken Jalfrezi Recipe.100 pax.docx,Ginger-garlic paste,300.0,g,item_code,GARLIC  (CHINA),Review fuzzy name match
Chicken Jalfrezi KBR-384 ONEGO V3,artifacts\recipe-upload-source\MENU\MENU\Chicken\Chicken Jalfrezi Recipe.100 pax.docx,Turmeric powder,50.0,g,item_code,SHAN TURMERIC POWDER  10/1KG,Review fuzzy name match
Chicken Jalfrezi KBR-384 ONEGO V3,artifacts\recipe-upload-source\MENU\MENU\Chicken\Chicken Jalfrezi Recipe.100 pax.docx,Red chili powder,75.0,g,item_code,SHAN RED CHILLI POWDER 10/1KG,Review fuzzy name match
Chicken Jalfrezi KBR-384 ONEGO V3,artifacts\recipe-upload-source\MENU\MENU\Chicken\Chicken Jalfrezi Recipe.100 pax.docx,Salt,200.0,g,item_code,AL MARAI BUTTER UNSALT 4/100/10G,Review fuzzy name match
Chicken Jalfrezi KBR-384 ONEGO V3,artifacts\recipe-upload-source\MENU\MENU\Chicken\Chicken Jalfrezi Recipe.100 pax.docx,"Bell peppers , chopped",5.0,kg,item_code,GREEN PEPPER (LBN),Review fuzzy name match
Chicken Jalfrezi KBR-384 ONEGO V3,artifacts\recipe-upload-source\MENU\MENU\Chicken\Chicken Jalfrezi Recipe.100 pax.docx,"Onions, sliced",4.0,kg,item_code,DRY ONION (LOCAL),Review fuzzy name match
Chicken Jalfrezi KBR-384 ONEGO V3,artifacts\recipe-upload-source\MENU\MENU\Chicken\Chicken Jalfrezi Recipe.100 pax.docx,"Tomatoes, chopped",4.0,kg,item_code,TOMATO (ADY),Review fuzzy name match
Chicken Jalfrezi KBR-384 ONEGO V3,artifacts\recipe-upload-source\MENU\MENU\Chicken\Chicken Jalfrezi Recipe.100 pax.docx,"Green chilies, slit",250.0,g,item_code,GREEN CHILLI (INDIAN),Review fuzzy name match
Chicken Jalfrezi KBR-384 ONEGO V3,artifacts\recipe-upload-source\MENU\MENU\Chicken\Chicken Jalfrezi Recipe.100 pax.docx,Cumin seeds,100.0,g,item_code,SHAN CUMIN WHOLE  10/1KG,Review fuzzy name match
Chicken Jalfrezi KBR-384 ONEGO V3,artifacts\recipe-upload-source\MENU\MENU\Chicken\Chicken Jalfrezi Recipe.100 pax.docx,Coriander powder,200.0,g,item_code,SHAN CORIANDER POWDER  10/1KG,Review fuzzy name match
Chicken Jalfrezi KBR-384 ONEGO V3,artifacts\recipe-upload-source\MENU\MENU\Chicken\Chicken Jalfrezi Recipe.100 pax.docx,Garam masala,50.0,g,item_code,SHAN KORMA MASALA 10/1KG,Review fuzzy name match
Chicken Jalfrezi KBR-384 ONEGO V3,artifacts\recipe-upload-source\MENU\MENU\Chicken\Chicken Jalfrezi Recipe.100 pax.docx,Black pepper,25.0,g,item_code,A-TAFGA FRESHLY PEPPER BLACK PWDR 6/16Z,Review fuzzy name match
Chicken Jalfrezi KBR-384 ONEGO V3,artifacts\recipe-upload-source\MENU\MENU\Chicken\Chicken Jalfrezi Recipe.100 pax.docx,Vegetable oil,1.5,l,item_code,TAFGA DALAL COOKING OIL-(SAUDI) 1/18LTR,Review fuzzy name match
Chicken Jalfrezi KBR-384 ONEGO V3,artifacts\recipe-upload-source\MENU\MENU\Chicken\Chicken Jalfrezi Recipe.100 pax.docx,"Fresh coriander leaves, chopped",500.0,g,item_code,CORIANDER LEAVES (BDL),Review fuzzy name match
Chicken Jalfrezi KBR-384 ONEGO V3,artifacts\recipe-upload-source\MENU\MENU\Chicken\Chicken Jalfrezi Recipe.100 pax.docx,Lemon juice,250.0,ml,item_code,TFG MOONATY LEMON JUICE 12/1LTR,Review fuzzy name match
Chicken Korma KBR-384 ONEGO V3,artifacts\recipe-upload-source\MENU\MENU\Chicken\Chicken Korma.100 PAX.docx,Chicken,12.0,kg,item_code,TAFGA MAGGI CUBES CHICKEN 24/24/20G,Review fuzzy name match
Chicken Masala. bone in chicken KBR-384 ONEGO V3,artifacts\recipe-upload-source\MENU\MENU\Chicken\Chicken Masala. 100 pax bone in chicken - Copy.docx,Bone-in chicken,15.0,kg,item_code,TANMIAH FRESH CHICKEN 1/900G,Review fuzzy name match
Chicken Masala. bone in chicken KBR-384 ONEGO V3,artifacts\recipe-upload-source\MENU\MENU\Chicken\Chicken Masala. 100 pax bone in chicken - Copy.docx,Onion,3.5,kg,item_code,DRY ONION (LOCAL),Review fuzzy name match
Chicken Masala. bone in chicken KBR-384 ONEGO V3,artifacts\recipe-upload-source\MENU\MENU\Chicken\Chicken Masala. 100 pax bone in chicken - Copy.docx,Tomato puree,3.0,kg,item_code,A-TAFGA GOODY WHOLE PEELED TOMATO 6/#10,Review fuzzy name match
Chicken Masala. bone in chicken KBR-384 ONEGO V3,artifacts\recipe-upload-source\MENU\MENU\Chicken\Chicken Masala. 100 pax bone in chicken - Copy.docx,Yogurt,2.0,kg,item_code,ALMARAI LABNEH FF 1/2.75KG,Review fuzzy name match
Chicken Masala. bone in chicken KBR-384 ONEGO V3,artifacts\recipe-upload-source\MENU\MENU\Chicken\Chicken Masala. 100 pax bone in chicken - Copy.docx,Oil / Ghee,700.0,ml,item_code,ALMARAI BUTTER GHEE 6/1600G,Review fuzzy name match
Chicken Masala. bone in chicken KBR-384 ONEGO V3,artifacts\recipe-upload-source\MENU\MENU\Chicken\Chicken Masala. 100 pax bone in chicken - Copy.docx,Ginger-garlic paste,700.0,g,item_code,GARLIC  (CHINA),Review fuzzy name match
Chicken Masala. bone in chicken KBR-384 ONEGO V3,artifacts\recipe-upload-source\MENU\MENU\Chicken\Chicken Masala. 100 pax bone in chicken - Copy.docx,Turmeric powder,80.0,g,item_code,SHAN TURMERIC POWDER  10/1KG,Review fuzzy name match
Chicken Masala. bone in chicken KBR-384 ONEGO V3,artifacts\recipe-upload-source\MENU\MENU\Chicken\Chicken Masala. 100 pax bone in chicken - Copy.docx,Red chili powder,80.0,g,item_code,SHAN RED CHILLI POWDER 10/1KG,Review fuzzy name match
Chicken Masala. bone in chicken KBR-384 ONEGO V3,artifacts\recipe-upload-source\MENU\MENU\Chicken\Chicken Masala. 100 pax bone in chicken - Copy.docx,Coriander powder,200.0,g,item_code,SHAN CORIANDER POWDER  10/1KG,Review fuzzy name match
Chicken Masala. bone in chicken KBR-384 ONEGO V3,artifacts\recipe-upload-source\MENU\MENU\Chicken\Chicken Masala. 100 pax bone in chicken - Copy.docx,Garam masala,90.0,g,item_code,SHAN KORMA MASALA 10/1KG,Review fuzzy name match
Chicken Masala. bone in chicken KBR-384 ONEGO V3,artifacts\recipe-upload-source\MENU\MENU\Chicken\Chicken Masala. 100 pax bone in chicken - Copy.docx,Bay leaves,10.0,pieces,item_code,TFG NIAZ BAY LEAVES 1/1KG,Review fuzzy name match
Chicken Masala. bone in chicken KBR-384 ONEGO V3,artifacts\recipe-upload-source\MENU\MENU\Chicken\Chicken Masala. 100 pax bone in chicken - Copy.docx,Cinnamon sticks,20.0,g,item_code,NIAZ CINNAMON STICK 1/1KG,Review fuzzy name match
Chicken Masala. bone in chicken KBR-384 ONEGO V3,artifacts\recipe-upload-source\MENU\MENU\Chicken\Chicken Masala. 100 pax bone in chicken - Copy.docx,Green cardamom,20.0,g,item_code,NIAZ CARDAMON 1/1KG,Review fuzzy name match
Chicken Masala. bone in chicken KBR-384 ONEGO V3,artifacts\recipe-upload-source\MENU\MENU\Chicken\Chicken Masala. 100 pax bone in chicken - Copy.docx,Salt,200.0,g,item_code,AL MARAI BUTTER UNSALT 4/100/10G,Review fuzzy name match
Chicken Masala. bone in chicken KBR-384 ONEGO V3,artifacts\recipe-upload-source\MENU\MENU\Chicken\Chicken Masala. 100 pax bone in chicken - Copy.docx,Fresh coriander leaves,300.0,g,item_code,CORIANDER LEAVES (BDL),Review fuzzy name match
Chicken Palak KBR-384 ONEGO V3,artifacts\recipe-upload-source\MENU\MENU\Chicken\Chicken Palak Recipe.100 PAX - Copy.docx,Chicken,12.0,kg,item_code,TAFGA MAGGI CUBES CHICKEN 24/24/20G,Review fuzzy name match
Chicken Palak KBR-384 ONEGO V3,artifacts\recipe-upload-source\MENU\MENU\Chicken\Chicken Palak Recipe.100 PAX - Copy.docx,Fresh spinach,8.0,kg,item_code,TFG BOREAL/TOMEX BELGIUM SPINACH 4/2.5KG,Review fuzzy name match
Chicken Palak KBR-384 ONEGO V3,artifacts\recipe-upload-source\MENU\MENU\Chicken\Chicken Palak Recipe.100 PAX - Copy.docx,Onion,2.5,kg,item_code,DRY ONION (LOCAL),Review fuzzy name match
Chicken Palak KBR-384 ONEGO V3,artifacts\recipe-upload-source\MENU\MENU\Chicken\Chicken Palak Recipe.100 PAX - Copy.docx,Tomato,2.0,kg,item_code,TAFGA LUNA TOMATO PASTE 24/400G,Review fuzzy name match
Chicken Palak KBR-384 ONEGO V3,artifacts\recipe-upload-source\MENU\MENU\Chicken\Chicken Palak Recipe.100 PAX - Copy.docx,Green chili,200.0,g,item_code,GREEN CHILLI (INDIAN),Review fuzzy name match
Chicken Palak KBR-384 ONEGO V3,artifacts\recipe-upload-source\MENU\MENU\Chicken\Chicken Palak Recipe.100 PAX - Copy.docx,Ginger-garlic paste,500.0,g,item_code,GARLIC  (CHINA),Review fuzzy name match
Chicken Palak KBR-384 ONEGO V3,artifacts\recipe-upload-source\MENU\MENU\Chicken\Chicken Palak Recipe.100 PAX - Copy.docx,Turmeric powder,80.0,g,item_code,SHAN TURMERIC POWDER  10/1KG,Review fuzzy name match
Chicken Palak KBR-384 ONEGO V3,artifacts\recipe-upload-source\MENU\MENU\Chicken\Chicken Palak Recipe.100 PAX - Copy.docx,Red chili powder,120.0,g,item_code,SHAN RED CHILLI POWDER 10/1KG,Review fuzzy name match
Chicken Palak KBR-384 ONEGO V3,artifacts\recipe-upload-source\MENU\MENU\Chicken\Chicken Palak Recipe.100 PAX - Copy.docx,Coriander powder,200.0,g,item_code,SHAN CORIANDER POWDER  10/1KG,Review fuzzy name match
Chicken Palak KBR-384 ONEGO V3,artifacts\recipe-upload-source\MENU\MENU\Chicken\Chicken Palak Recipe.100 PAX - Copy.docx,Cumin powder,120.0,g,item_code,SHAN CUMIN POWDER 10/1KG,Review fuzzy name match
Chicken Palak KBR-384 ONEGO V3,artifacts\recipe-upload-source\MENU\MENU\Chicken\Chicken Palak Recipe.100 PAX - Copy.docx,Garam masala,100.0,g,item_code,SHAN KORMA MASALA 10/1KG,Review fuzzy name match
Chicken Palak KBR-384 ONEGO V3,artifacts\recipe-upload-source\MENU\MENU\Chicken\Chicken Palak Recipe.100 PAX - Copy.docx,Salt,300.0,g,item_code,AL MARAI BUTTER UNSALT 4/100/10G,Review fuzzy name match
Chicken Palak KBR-384 ONEGO V3,artifacts\recipe-upload-source\MENU\MENU\Chicken\Chicken Palak Recipe.100 PAX - Copy.docx,Bay leaves,20.0,g,item_code,TFG NIAZ BAY LEAVES 1/1KG,Review fuzzy name match
Chicken Palak KBR-384 ONEGO V3,artifacts\recipe-upload-source\MENU\MENU\Chicken\Chicken Palak Recipe.100 PAX - Copy.docx,Cinnamon sticks,30.0,g,item_code,NIAZ CINNAMON STICK 1/1KG,Review fuzzy name match
Chicken Palak KBR-384 ONEGO V3,artifacts\recipe-upload-source\MENU\MENU\Chicken\Chicken Palak Recipe.100 PAX - Copy.docx,Cardamom,20.0,g,item_code,BLACK CARDAMON INDIA  1/1KG,Review fuzzy name match
Chicken Palak KBR-384 ONEGO V3,artifacts\recipe-upload-source\MENU\MENU\Chicken\Chicken Palak Recipe.100 PAX - Copy.docx,Cloves,15.0,g,item_code,NIAZ CLOVE WHOLE 1/1KG,Review fuzzy name match
Chicken Tandori KBR-384 ONEGO V3,artifacts\recipe-upload-source\MENU\MENU\Chicken\Chicken Tandori Recipe 100 pax.docx,Boneless chicken,18.0,kg,item_code,TFG AMERICANA LOCAL CHICKEN BREAST1/10KG,Review fuzzy name match
Chicken Tandori KBR-384 ONEGO V3,artifacts\recipe-upload-source\MENU\MENU\Chicken\Chicken Tandori Recipe 100 pax.docx,Lemon juice,500.0,ml,item_code,TFG MOONATY LEMON JUICE 12/1LTR,Review fuzzy name match
Chicken Tandori KBR-384 ONEGO V3,artifacts\recipe-upload-source\MENU\MENU\Chicken\Chicken Tandori Recipe 100 pax.docx,Kashmiri chili powder,100.0,g,item_code,SHAN RED CHILLI POWDER 10/1KG,Review fuzzy name match
Chicken Tandori KBR-384 ONEGO V3,artifacts\recipe-upload-source\MENU\MENU\Chicken\Chicken Tandori Recipe 100 pax.docx,Salt,150.0,g,item_code,AL MARAI BUTTER UNSALT 4/100/10G,Review fuzzy name match
Chicken Tandori KBR-384 ONEGO V3,artifacts\recipe-upload-source\MENU\MENU\Chicken\Chicken Tandori Recipe 100 pax.docx,Hung curd / Thick Greek yogurt,4.0,kg,item_code,ALMARAI LABNEH FF 1/2.75KG,Review fuzzy name match
Chicken Tandori KBR-384 ONEGO V3,artifacts\recipe-upload-source\MENU\MENU\Chicken\Chicken Tandori Recipe 100 pax.docx,Ginger-garlic paste,600.0,g,item_code,GARLIC  (CHINA),Review fuzzy name match
Chicken Tandori KBR-384 ONEGO V3,artifacts\recipe-upload-source\MENU\MENU\Chicken\Chicken Tandori Recipe 100 pax.docx,Mustard oil,400.0,ml,item_code,TAFGA DALAL COOKING OIL-(SAUDI) 1/18LTR,Review fuzzy name match
Chicken Tandori KBR-384 ONEGO V3,artifacts\recipe-upload-source\MENU\MENU\Chicken\Chicken Tandori Recipe 100 pax.docx,Kashmiri chili powder,300.0,g,item_code,SHAN RED CHILLI POWDER 10/1KG,Review fuzzy name match
Chicken Tandori KBR-384 ONEGO V3,artifacts\recipe-upload-source\MENU\MENU\Chicken\Chicken Tandori Recipe 100 pax.docx,Garam masala,150.0,g,item_code,SHAN KORMA MASALA 10/1KG,Review fuzzy name match
Chicken Tandori KBR-384 ONEGO V3,artifacts\recipe-upload-source\MENU\MENU\Chicken\Chicken Tandori Recipe 100 pax.docx,Cumin powder,100.0,g,item_code,SHAN CUMIN POWDER 10/1KG,Review fuzzy name match
Chicken Tandori KBR-384 ONEGO V3,artifacts\recipe-upload-source\MENU\MENU\Chicken\Chicken Tandori Recipe 100 pax.docx,Coriander powder,100.0,g,item_code,SHAN CORIANDER POWDER  10/1KG,Review fuzzy name match
Chicken Tandori KBR-384 ONEGO V3,artifacts\recipe-upload-source\MENU\MENU\Chicken\Chicken Tandori Recipe 100 pax.docx,Turmeric powder,50.0,g,item_code,SHAN TURMERIC POWDER  10/1KG,Review fuzzy name match
Chicken Tandori KBR-384 ONEGO V3,artifacts\recipe-upload-source\MENU\MENU\Chicken\Chicken Tandori Recipe 100 pax.docx,Chaat masala,100.0,g,item_code,MAA CHAAT MASALA TUB 6/750G,Review fuzzy name match
Chicken Tandori KBR-384 ONEGO V3,artifacts\recipe-upload-source\MENU\MENU\Chicken\Chicken Tandori Recipe 100 pax.docx,Kasuri methi,50.0,g,item_code,A-MEHRAN KAUSRI METHILEAVES 12/50G,Review fuzzy name match
Chicken Tandori KBR-384 ONEGO V3,artifacts\recipe-upload-source\MENU\MENU\Chicken\Chicken Tandori Recipe 100 pax.docx,Salt,100.0,g,item_code,AL MARAI BUTTER UNSALT 4/100/10G,Review fuzzy name match
Chicken Tandori KBR-384 ONEGO V3,artifacts\recipe-upload-source\MENU\MENU\Chicken\Chicken Tandori Recipe 100 pax.docx,Melted butter,1.0,kg,item_code,AL MARAI BUTTER UNSALT 4/100/10G,Review fuzzy name match
Chicken Tandori KBR-384 ONEGO V3,artifacts\recipe-upload-source\MENU\MENU\Chicken\Chicken Tandori Recipe 100 pax.docx,Chaat masala,50.0,g,item_code,MAA CHAAT MASALA TUB 6/750G,Review fuzzy name match
Chicken Tandori KBR-384 ONEGO V3,artifacts\recipe-upload-source\MENU\MENU\Chicken\Chicken Tandori Recipe 100 pax.docx,Fresh coriander,300.0,g,item_code,SHAN CORIANDER POWDER  10/1KG,Review fuzzy name match
Chicken Tandori KBR-384 ONEGO V3,artifacts\recipe-upload-source\MENU\MENU\Chicken\Chicken Tandori Recipe 100 pax.docx,Lemon wedges,50.0,pieces,item_code,LEMON (AFRICAN/TURKEY),Review fuzzy name match
Chicken Tikka KBR-384 ONEGO V3,artifacts\recipe-upload-source\MENU\MENU\Chicken\Chicken Tikka Recipe.100 pax.docx,Whole chicken,25.0,pieces,item_code,ADDOHA FRESH CHICKEN WHOLE IN BAG 1/900G,Review fuzzy name match
Chicken Tikka KBR-384 ONEGO V3,artifacts\recipe-upload-source\MENU\MENU\Chicken\Chicken Tikka Recipe.100 pax.docx,Lemon juice,600.0,ml,item_code,TFG MOONATY LEMON JUICE 12/1LTR,Review fuzzy name match
Chicken Tikka KBR-384 ONEGO V3,artifacts\recipe-upload-source\MENU\MENU\Chicken\Chicken Tikka Recipe.100 pax.docx,Salt,250.0,g,item_code,AL MARAI BUTTER UNSALT 4/100/10G,Review fuzzy name match
Chicken Tikka KBR-384 ONEGO V3,artifacts\recipe-upload-source\MENU\MENU\Chicken\Chicken Tikka Recipe.100 pax.docx,Red chili powder,200.0,g,item_code,SHAN RED CHILLI POWDER 10/1KG,Review fuzzy name match
Chicken Tikka KBR-384 ONEGO V3,artifacts\recipe-upload-source\MENU\MENU\Chicken\Chicken Tikka Recipe.100 pax.docx,Yogurt,8.0,kg,item_code,ALMARAI LABNEH FF 1/2.75KG,Review fuzzy name match
Chicken Tikka KBR-384 ONEGO V3,artifacts\recipe-upload-source\MENU\MENU\Chicken\Chicken Tikka Recipe.100 pax.docx,Ginger-garlic paste,1.5,kg,item_code,GARLIC  (CHINA),Review fuzzy name match
Chicken Tikka KBR-384 ONEGO V3,artifacts\recipe-upload-source\MENU\MENU\Chicken\Chicken Tikka Recipe.100 pax.docx,Red chili powder,300.0,g,item_code,SHAN RED CHILLI POWDER 10/1KG,Review fuzzy name match
Chicken Tikka KBR-384 ONEGO V3,artifacts\recipe-upload-source\MENU\MENU\Chicken\Chicken Tikka Recipe.100 pax.docx,Turmeric powder,100.0,g,item_code,SHAN TURMERIC POWDER  10/1KG,Review fuzzy name match
Chicken Tikka KBR-384 ONEGO V3,artifacts\recipe-upload-source\MENU\MENU\Chicken\Chicken Tikka Recipe.100 pax.docx,Coriander powder,250.0,g,item_code,SHAN CORIANDER POWDER  10/1KG,Review fuzzy name match
Chicken Tikka KBR-384 ONEGO V3,artifacts\recipe-upload-source\MENU\MENU\Chicken\Chicken Tikka Recipe.100 pax.docx,Garam masala,200.0,g,item_code,SHAN KORMA MASALA 10/1KG,Review fuzzy name match
Chicken Tikka KBR-384 ONEGO V3,artifacts\recipe-upload-source\MENU\MENU\Chicken\Chicken Tikka Recipe.100 pax.docx,Cumin powder,150.0,g,item_code,SHAN CUMIN POWDER 10/1KG,Review fuzzy name match
Chicken Tikka KBR-384 ONEGO V3,artifacts\recipe-upload-source\MENU\MENU\Chicken\Chicken Tikka Recipe.100 pax.docx,Kashmiri chili powder,200.0,g,item_code,SHAN RED CHILLI POWDER 10/1KG,Review fuzzy name match
Chicken Tikka KBR-384 ONEGO V3,artifacts\recipe-upload-source\MENU\MENU\Chicken\Chicken Tikka Recipe.100 pax.docx,Mustard oil or vegetable oil,2.0,l,item_code,TAFGA DALAL COOKING OIL-(SAUDI) 1/18LTR,Review fuzzy name match
Chicken Tikka KBR-384 ONEGO V3,artifacts\recipe-upload-source\MENU\MENU\Chicken\Chicken Tikka Recipe.100 pax.docx,Lemon juice,1.0,l,item_code,TFG MOONATY LEMON JUICE 12/1LTR,Review fuzzy name match
Chicken Tikka KBR-384 ONEGO V3,artifacts\recipe-upload-source\MENU\MENU\Chicken\Chicken Tikka Recipe.100 pax.docx,Salt,300.0,g,item_code,AL MARAI BUTTER UNSALT 4/100/10G,Review fuzzy name match
Chicken Tikka KBR-384 ONEGO V3,artifacts\recipe-upload-source\MENU\MENU\Chicken\Chicken Tikka Recipe.100 pax.docx,Fresh coriander,1.0,kg,item_code,SHAN CORIANDER POWDER  10/1KG,Review fuzzy name match
Chicken Tikka KBR-384 ONEGO V3,artifacts\recipe-upload-source\MENU\MENU\Chicken\Chicken Tikka Recipe.100 pax.docx,Lemon wedges,100.0,pieces,item_code,LEMON (AFRICAN/TURKEY),Review fuzzy name match
Chicken Tikka KBR-384 ONEGO V3,artifacts\recipe-upload-source\MENU\MENU\Chicken\Chicken Tikka Recipe.100 pax.docx,Onion rings,5.0,kg,item_code,DRY ONION (LOCAL),Review fuzzy name match
Crispy Chicken Strips KBR-384 ONEGO V3,artifacts\recipe-upload-source\MENU\MENU\Chicken\Crispy_Chicken_Strips_100_Pax.docx,"Boneless, skinless chicken breasts",15.0,kg,item_code,TFG AMERICANA LOCAL CHICKEN BREAST1/10KG,Review fuzzy name match
Crispy Chicken Strips KBR-384 ONEGO V3,artifacts\recipe-upload-source\MENU\MENU\Chicken\Crispy_Chicken_Strips_100_Pax.docx,Fine sea salt,60.0,g,item_code,TAFGA REHAN SALT IODIZED 24/700G,Review fuzzy name match
Crispy Chicken Strips KBR-384 ONEGO V3,artifacts\recipe-upload-source\MENU\MENU\Chicken\Crispy_Chicken_Strips_100_Pax.docx,Garlic paste,200.0,g,item_code,GARLIC  (CHINA),Review fuzzy name match
Crispy Chicken Strips KBR-384 ONEGO V3,artifacts\recipe-upload-source\MENU\MENU\Chicken\Crispy_Chicken_Strips_100_Pax.docx,Black pepper,20.0,g,item_code,A-TAFGA FRESHLY PEPPER BLACK PWDR 6/16Z,Review fuzzy name match
Crispy Chicken Strips KBR-384 ONEGO V3,artifacts\recipe-upload-source\MENU\MENU\Chicken\Crispy_Chicken_Strips_100_Pax.docx,Buttermilk,2.0,l,item_code,AL MARAI UHT MILF FF 12/1LTR,Review fuzzy name match
Crispy Chicken Strips KBR-384 ONEGO V3,artifacts\recipe-upload-source\MENU\MENU\Chicken\Crispy_Chicken_Strips_100_Pax.docx,All-purpose flour,1.4,kg,item_code,A-FOOM WHITE FLOUR 1/45KG,Review fuzzy name match
Crispy Chicken Strips KBR-384 ONEGO V3,artifacts\recipe-upload-source\MENU\MENU\Chicken\Crispy_Chicken_Strips_100_Pax.docx,Cornstarch,400.0,g,contains,A-AL AMC CORN STARCH 1/25KG,Review fuzzy name match
Crispy Chicken Strips KBR-384 ONEGO V3,artifacts\recipe-upload-source\MENU\MENU\Chicken\Crispy_Chicken_Strips_100_Pax.docx,Eggs,30.0,pieces,item_code,SAEDCO FRESH EGGS MEDIUM 12/30 CT,Review fuzzy name match
Crispy Chicken Strips KBR-384 ONEGO V3,artifacts\recipe-upload-source\MENU\MENU\Chicken\Crispy_Chicken_Strips_100_Pax.docx,Milk,1.0,l,item_code,NZMP WHOLE MILK POWDER 1/25KG,Review fuzzy name match
Crispy Chicken Strips KBR-384 ONEGO V3,artifacts\recipe-upload-source\MENU\MENU\Chicken\Crispy_Chicken_Strips_100_Pax.docx,Panko breadcrumbs,2.0,kg,item_code,SLICED BREAD WHITE,Review fuzzy name match
Crispy Chicken Strips KBR-384 ONEGO V3,artifacts\recipe-upload-source\MENU\MENU\Chicken\Crispy_Chicken_Strips_100_Pax.docx,Salt,60.0,g,item_code,AL MARAI BUTTER UNSALT 4/100/10G,Review fuzzy name match
Crispy Chicken Strips KBR-384 ONEGO V3,artifacts\recipe-upload-source\MENU\MENU\Chicken\Crispy_Chicken_Strips_100_Pax.docx,Garlic powder,50.0,g,item_code,EASTERN GARLIC POWDER 24/200G,Review fuzzy name match
Crispy Chicken Strips KBR-384 ONEGO V3,artifacts\recipe-upload-source\MENU\MENU\Chicken\Crispy_Chicken_Strips_100_Pax.docx,Onion powder,50.0,g,item_code,DRY ONION (LOCAL),Review fuzzy name match
Crispy Chicken Strips KBR-384 ONEGO V3,artifacts\recipe-upload-source\MENU\MENU\Chicken\Crispy_Chicken_Strips_100_Pax.docx,Smoked paprika,35.0,g,item_code,A-AL MANAKEL PAPRIKA SWEET JAR  6/1KG,Review fuzzy name match
Arabic Foul Medames KBR-384 ONEGO V3,artifacts\recipe-upload-source\MENU\MENU\Dall\Arabic Foul Medames.100 pax.docx,Cooked fava beans,12.0,kg,item_code,A-TFGA LUNA FOUL MEDAMAS 24/400G,Review fuzzy name match
Arabic Foul Medames KBR-384 ONEGO V3,artifacts\recipe-upload-source\MENU\MENU\Dall\Arabic Foul Medames.100 pax.docx,Olive oil,1.5,l,item_code,TAFGA OLIVE OIL 12/500ML,Review fuzzy name match
Arabic Foul Medames KBR-384 ONEGO V3,artifacts\recipe-upload-source\MENU\MENU\Dall\Arabic Foul Medames.100 pax.docx,Garlic,300.0,g,item_code,EASTERN GARLIC POWDER 24/200G,Review fuzzy name match
Arabic Foul Medames KBR-384 ONEGO V3,artifacts\recipe-upload-source\MENU\MENU\Dall\Arabic Foul Medames.100 pax.docx,Lemon juice,1.5,l,item_code,TFG MOONATY LEMON JUICE 12/1LTR,Review fuzzy name match
Arabic Foul Medames KBR-384 ONEGO V3,artifacts\recipe-upload-source\MENU\MENU\Dall\Arabic Foul Medames.100 pax.docx,Tahini,1.0,kg,item_code,TAFGA LIQ TAHINA 12/1KG,Review fuzzy name match
Arabic Foul Medames KBR-384 ONEGO V3,artifacts\recipe-upload-source\MENU\MENU\Dall\Arabic Foul Medames.100 pax.docx,Salt,200.0,g,item_code,AL MARAI BUTTER UNSALT 4/100/10G,Review fuzzy name match
Arabic Foul Medames KBR-384 ONEGO V3,artifacts\recipe-upload-source\MENU\MENU\Dall\Arabic Foul Medames.100 pax.docx,Ground cumin,150.0,g,item_code,SHAN CUMIN POWDER 10/1KG,Review fuzzy name match
Arabic Foul Medames KBR-384 ONEGO V3,artifacts\recipe-upload-source\MENU\MENU\Dall\Arabic Foul Medames.100 pax.docx,Fresh parsley,1.0,kg,unmatched,,Confirm ingredient master item_code/id before production costing
Arabic Foul Medames KBR-384 ONEGO V3,artifacts\recipe-upload-source\MENU\MENU\Dall\Arabic Foul Medames.100 pax.docx,Green chili,200.0,g,item_code,GREEN CHILLI (INDIAN),Review fuzzy name match
Arabic Foul Medames KBR-384 ONEGO V3,artifacts\recipe-upload-source\MENU\MENU\Dall\Arabic Foul Medames.100 pax.docx,Water,2.0,l,item_code,(TAFGA) NOVA WATER 24/0.55-0.6LTR,Review fuzzy name match
Chickpeas Masala KBR-384 ONEGO V3,artifacts\recipe-upload-source\MENU\MENU\Dall\Chickpeas Masala.100 PAX.docx,Chickpeas,7.5,kg,item_code,A-TOMEX GREEN PEAS 4/2.5KG,Review fuzzy name match
Chickpeas Masala KBR-384 ONEGO V3,artifacts\recipe-upload-source\MENU\MENU\Dall\Chickpeas Masala.100 PAX.docx,Onion,5.0,kg,item_code,DRY ONION (LOCAL),Review fuzzy name match
Chickpeas Masala KBR-384 ONEGO V3,artifacts\recipe-upload-source\MENU\MENU\Dall\Chickpeas Masala.100 PAX.docx,Tomatoes,5.0,kg,item_code,TAFGA LUNA TOMATO PASTE 24/400G,Review fuzzy name match
Chickpeas Masala KBR-384 ONEGO V3,artifacts\recipe-upload-source\MENU\MENU\Dall\Chickpeas Masala.100 PAX.docx,Garlic,200.0,g,item_code,EASTERN GARLIC POWDER 24/200G,Review fuzzy name match
Chickpeas Masala KBR-384 ONEGO V3,artifacts\recipe-upload-source\MENU\MENU\Dall\Chickpeas Masala.100 PAX.docx,Ginger,200.0,g,item_code,GINGER (CHINA),Review fuzzy name match
Chickpeas Masala KBR-384 ONEGO V3,artifacts\recipe-upload-source\MENU\MENU\Dall\Chickpeas Masala.100 PAX.docx,Green Chili,100.0,g,item_code,GREEN CHILLI (INDIAN),Review fuzzy name match
Chickpeas Masala KBR-384 ONEGO V3,artifacts\recipe-upload-source\MENU\MENU\Dall\Chickpeas Masala.100 PAX.docx,Yogurt,2.0,kg,item_code,ALMARAI LABNEH FF 1/2.75KG,Review fuzzy name match
Chickpeas Masala KBR-384 ONEGO V3,artifacts\recipe-upload-source\MENU\MENU\Dall\Chickpeas Masala.100 PAX.docx,Cooking Oil,1.5,l,item_code,TAFGA DALAL COOKING OIL-(SAUDI) 1/18LTR,Review fuzzy name match
Chickpeas Masala KBR-384 ONEGO V3,artifacts\recipe-upload-source\MENU\MENU\Dall\Chickpeas Masala.100 PAX.docx,Cumin Seeds,50.0,g,item_code,SHAN CUMIN WHOLE  10/1KG,Review fuzzy name match
Chickpeas Masala KBR-384 ONEGO V3,artifacts\recipe-upload-source\MENU\MENU\Dall\Chickpeas Masala.100 PAX.docx,Turmeric Powder,50.0,g,item_code,SHAN TURMERIC POWDER  10/1KG,Review fuzzy name match
Chickpeas Masala KBR-384 ONEGO V3,artifacts\recipe-upload-source\MENU\MENU\Dall\Chickpeas Masala.100 PAX.docx,Red Chili Powder,80.0,g,item_code,SHAN RED CHILLI POWDER 10/1KG,Review fuzzy name match
Chickpeas Masala KBR-384 ONEGO V3,artifacts\recipe-upload-source\MENU\MENU\Dall\Chickpeas Masala.100 PAX.docx,Coriander Powder,120.0,g,item_code,SHAN CORIANDER POWDER  10/1KG,Review fuzzy name match
Chickpeas Masala KBR-384 ONEGO V3,artifacts\recipe-upload-source\MENU\MENU\Dall\Chickpeas Masala.100 PAX.docx,Garam Masala,50.0,g,item_code,SHAN KORMA MASALA 10/1KG,Review fuzzy name match
Chickpeas Masala KBR-384 ONEGO V3,artifacts\recipe-upload-source\MENU\MENU\Dall\Chickpeas Masala.100 PAX.docx,Salt,200.0,g,item_code,AL MARAI BUTTER UNSALT 4/100/10G,Review fuzzy name match
Chickpeas Masala KBR-384 ONEGO V3,artifacts\recipe-upload-source\MENU\MENU\Dall\Chickpeas Masala.100 PAX.docx,Fresh Coriander Leaves,200.0,g,item_code,CORIANDER LEAVES (BDL),Review fuzzy name match
Daal Lobia KBR-384 ONEGO V3,artifacts\recipe-upload-source\MENU\MENU\Dall\Daal Lobia.100 PAX.docx,"Daal Lobia , soaked",10.0,kg,item_code,A-88 RED KIDNEY BEANS 1/15KG,Review fuzzy name match
Daal Lobia KBR-384 ONEGO V3,artifacts\recipe-upload-source\MENU\MENU\Dall\Daal Lobia.100 PAX.docx,"Onion, finely chopped",5.0,kg,item_code,DRY ONION (LOCAL),Review fuzzy name match
Daal Lobia KBR-384 ONEGO V3,artifacts\recipe-upload-source\MENU\MENU\Dall\Daal Lobia.100 PAX.docx,"Tomato, chopped",4.0,kg,item_code,TOMATO (ADY),Review fuzzy name match
Daal Lobia KBR-384 ONEGO V3,artifacts\recipe-upload-source\MENU\MENU\Dall\Daal Lobia.100 PAX.docx,"Green chilies, slit",200.0,g,item_code,GREEN CHILLI (INDIAN),Review fuzzy name match
Daal Lobia KBR-384 ONEGO V3,artifacts\recipe-upload-source\MENU\MENU\Dall\Daal Lobia.100 PAX.docx,Ginger-garlic paste,500.0,g,item_code,GARLIC  (CHINA),Review fuzzy name match
Daal Lobia KBR-384 ONEGO V3,artifacts\recipe-upload-source\MENU\MENU\Dall\Daal Lobia.100 PAX.docx,Vegetable oil,1.5,l,item_code,TAFGA DALAL COOKING OIL-(SAUDI) 1/18LTR,Review fuzzy name match
Daal Lobia KBR-384 ONEGO V3,artifacts\recipe-upload-source\MENU\MENU\Dall\Daal Lobia.100 PAX.docx,Cumin seeds,100.0,g,item_code,SHAN CUMIN WHOLE  10/1KG,Review fuzzy name match
Daal Lobia KBR-384 ONEGO V3,artifacts\recipe-upload-source\MENU\MENU\Dall\Daal Lobia.100 PAX.docx,Turmeric powder,50.0,g,item_code,SHAN TURMERIC POWDER  10/1KG,Review fuzzy name match
Daal Lobia KBR-384 ONEGO V3,artifacts\recipe-upload-source\MENU\MENU\Dall\Daal Lobia.100 PAX.docx,Coriander powder,150.0,g,item_code,SHAN CORIANDER POWDER  10/1KG,Review fuzzy name match
Daal Lobia KBR-384 ONEGO V3,artifacts\recipe-upload-source\MENU\MENU\Dall\Daal Lobia.100 PAX.docx,Red chili powder,100.0,g,item_code,SHAN RED CHILLI POWDER 10/1KG,Review fuzzy name match
Daal Lobia KBR-384 ONEGO V3,artifacts\recipe-upload-source\MENU\MENU\Dall\Daal Lobia.100 PAX.docx,Garam masala powder,50.0,g,item_code,SHAN KORMA MASALA 10/1KG,Review fuzzy name match
Daal Lobia KBR-384 ONEGO V3,artifacts\recipe-upload-source\MENU\MENU\Dall\Daal Lobia.100 PAX.docx,"Fresh coriander leaves, chopped",200.0,g,item_code,CORIANDER LEAVES (BDL),Review fuzzy name match
Dal Chana Fry (Dall 2) KBR-384 ONEGO V3,artifacts\recipe-upload-source\MENU\MENU\Dall\Dal Chana Fry.100 pax.docx,Chana Dal,6.0,kg,item_code,A-MELOW INDIAN YELLOW SPLIT CHICK PEAS 1/15KG,Review fuzzy name match
Dal Chana Fry (Dall 2) KBR-384 ONEGO V3,artifacts\recipe-upload-source\MENU\MENU\Dall\Dal Chana Fry.100 pax.docx,Onion,2.5,kg,item_code,DRY ONION (LOCAL),Review fuzzy name match
Dal Chana Fry (Dall 2) KBR-384 ONEGO V3,artifacts\recipe-upload-source\MENU\MENU\Dall\Dal Chana Fry.100 pax.docx,Tomato,2.5,kg,item_code,TAFGA LUNA TOMATO PASTE 24/400G,Review fuzzy name match
Dal Chana Fry (Dall 2) KBR-384 ONEGO V3,artifacts\recipe-upload-source\MENU\MENU\Dall\Dal Chana Fry.100 pax.docx,Ginger-Garlic paste,400.0,g,item_code,GARLIC  (CHINA),Review fuzzy name match
Dal Chana Fry (Dall 2) KBR-384 ONEGO V3,artifacts\recipe-upload-source\MENU\MENU\Dall\Dal Chana Fry.100 pax.docx,Green chili,200.0,g,item_code,GREEN CHILLI (INDIAN),Review fuzzy name match
Dal Chana Fry (Dall 2) KBR-384 ONEGO V3,artifacts\recipe-upload-source\MENU\MENU\Dall\Dal Chana Fry.100 pax.docx,Cooking oil / ghee,1.5,l,item_code,ALMARAI BUTTER GHEE 6/1600G,Review fuzzy name match
Dal Chana Fry (Dall 2) KBR-384 ONEGO V3,artifacts\recipe-upload-source\MENU\MENU\Dall\Dal Chana Fry.100 pax.docx,Cumin seeds,100.0,g,item_code,SHAN CUMIN WHOLE  10/1KG,Review fuzzy name match
Dal Chana Fry (Dall 2) KBR-384 ONEGO V3,artifacts\recipe-upload-source\MENU\MENU\Dall\Dal Chana Fry.100 pax.docx,Turmeric powder,80.0,g,item_code,SHAN TURMERIC POWDER  10/1KG,Review fuzzy name match
Dal Chana Fry (Dall 2) KBR-384 ONEGO V3,artifacts\recipe-upload-source\MENU\MENU\Dall\Dal Chana Fry.100 pax.docx,Red chili powder,120.0,g,item_code,SHAN RED CHILLI POWDER 10/1KG,Review fuzzy name match
Dal Chana Fry (Dall 2) KBR-384 ONEGO V3,artifacts\recipe-upload-source\MENU\MENU\Dall\Dal Chana Fry.100 pax.docx,Coriander powder,200.0,g,item_code,SHAN CORIANDER POWDER  10/1KG,Review fuzzy name match
Dal Chana Fry (Dall 2) KBR-384 ONEGO V3,artifacts\recipe-upload-source\MENU\MENU\Dall\Dal Chana Fry.100 pax.docx,Garam masala,100.0,g,item_code,SHAN KORMA MASALA 10/1KG,Review fuzzy name match
Dal Chana Fry (Dall 2) KBR-384 ONEGO V3,artifacts\recipe-upload-source\MENU\MENU\Dall\Dal Chana Fry.100 pax.docx,Salt,250.0,g,item_code,AL MARAI BUTTER UNSALT 4/100/10G,Review fuzzy name match
Dal Chana Fry (Dall 2) KBR-384 ONEGO V3,artifacts\recipe-upload-source\MENU\MENU\Dall\Dal Chana Fry.100 pax.docx,Fresh coriander leaves,500.0,g,item_code,CORIANDER LEAVES (BDL),Review fuzzy name match
Dal Chana Fry (Dall 2) KBR-384 ONEGO V3,artifacts\recipe-upload-source\MENU\MENU\Dall\Dal Chana Fry.100 pax.docx,Water,18.0,l,item_code,(TAFGA) NOVA WATER 24/0.55-0.6LTR,Review fuzzy name match
Dal Chana Fry (Dall 2) KBR-384 ONEGO V3,artifacts\recipe-upload-source\MENU\MENU\Dall\Dal Chana Fry.100 pax.docx,Lemon juice,200.0,ml,item_code,TFG MOONATY LEMON JUICE 12/1LTR,Review fuzzy name match
Dal Makhni KBR-384 ONEGO V3,artifacts\recipe-upload-source\MENU\MENU\Dall\Dal Makhni.100 pax.docx,Whole black lentils,4.5,kg,item_code,A-TAFGA MELLOW URID DAL 1/15KG,Review fuzzy name match
Dal Makhni KBR-384 ONEGO V3,artifacts\recipe-upload-source\MENU\MENU\Dall\Dal Makhni.100 pax.docx,Red kidney beans,1.5,kg,item_code,A-88 RED KIDNEY BEANS 1/15KG,Review fuzzy name match
Dal Makhni KBR-384 ONEGO V3,artifacts\recipe-upload-source\MENU\MENU\Dall\Dal Makhni.100 pax.docx,Water,25.0,l,item_code,(TAFGA) NOVA WATER 24/0.55-0.6LTR,Review fuzzy name match
Dal Makhni KBR-384 ONEGO V3,artifacts\recipe-upload-source\MENU\MENU\Dall\Dal Makhni.100 pax.docx,Butter,1.8,kg,item_code,AL MARAI BUTTER UNSALT 4/100/10G,Review fuzzy name match
Dal Mash Fry KBR-384 ONEGO V3,artifacts\recipe-upload-source\MENU\MENU\Dall\Dal Mash Fry.100 pax.docx,Split urad dal,6.0,kg,item_code,A-TAFGA MELLOW URID DAL 1/15KG,Review fuzzy name match
Dal Mash Fry KBR-384 ONEGO V3,artifacts\recipe-upload-source\MENU\MENU\Dall\Dal Mash Fry.100 pax.docx,Onion,2.0,kg,item_code,DRY ONION (LOCAL),Review fuzzy name match
Dal Mash Fry KBR-384 ONEGO V3,artifacts\recipe-upload-source\MENU\MENU\Dall\Dal Mash Fry.100 pax.docx,Tomatoes,2.5,kg,item_code,TAFGA LUNA TOMATO PASTE 24/400G,Review fuzzy name match
Dal Mash Fry KBR-384 ONEGO V3,artifacts\recipe-upload-source\MENU\MENU\Dall\Dal Mash Fry.100 pax.docx,Ginger-garlic paste,400.0,g,item_code,GARLIC  (CHINA),Review fuzzy name match
Dal Mash Fry KBR-384 ONEGO V3,artifacts\recipe-upload-source\MENU\MENU\Dall\Dal Mash Fry.100 pax.docx,Green chili,200.0,g,item_code,GREEN CHILLI (INDIAN),Review fuzzy name match
Dal Mash Fry KBR-384 ONEGO V3,artifacts\recipe-upload-source\MENU\MENU\Dall\Dal Mash Fry.100 pax.docx,Cooking oil / ghee,2.0,l,item_code,ALMARAI BUTTER GHEE 6/1600G,Review fuzzy name match
Dal Mash Fry KBR-384 ONEGO V3,artifacts\recipe-upload-source\MENU\MENU\Dall\Dal Mash Fry.100 pax.docx,Cumin seeds,80.0,g,item_code,SHAN CUMIN WHOLE  10/1KG,Review fuzzy name match
Dal Mash Fry KBR-384 ONEGO V3,artifacts\recipe-upload-source\MENU\MENU\Dall\Dal Mash Fry.100 pax.docx,Turmeric powder,60.0,g,item_code,SHAN TURMERIC POWDER  10/1KG,Review fuzzy name match
Dal Mash Fry KBR-384 ONEGO V3,artifacts\recipe-upload-source\MENU\MENU\Dall\Dal Mash Fry.100 pax.docx,Red chili powder,120.0,g,item_code,SHAN RED CHILLI POWDER 10/1KG,Review fuzzy name match
Dal Mash Fry KBR-384 ONEGO V3,artifacts\recipe-upload-source\MENU\MENU\Dall\Dal Mash Fry.100 pax.docx,Coriander powder,150.0,g,item_code,SHAN CORIANDER POWDER  10/1KG,Review fuzzy name match
Dal Mash Fry KBR-384 ONEGO V3,artifacts\recipe-upload-source\MENU\MENU\Dall\Dal Mash Fry.100 pax.docx,Garam masala,80.0,g,item_code,SHAN KORMA MASALA 10/1KG,Review fuzzy name match
Dal Mash Fry KBR-384 ONEGO V3,artifacts\recipe-upload-source\MENU\MENU\Dall\Dal Mash Fry.100 pax.docx,Salt,250.0,g,item_code,AL MARAI BUTTER UNSALT 4/100/10G,Review fuzzy name match
Dal Mash Fry KBR-384 ONEGO V3,artifacts\recipe-upload-source\MENU\MENU\Dall\Dal Mash Fry.100 pax.docx,Fresh coriander leaves,500.0,g,item_code,CORIANDER LEAVES (BDL),Review fuzzy name match
Dal Mash Fry KBR-384 ONEGO V3,artifacts\recipe-upload-source\MENU\MENU\Dall\Dal Mash Fry.100 pax.docx,Water,18.0,l,item_code,(TAFGA) NOVA WATER 24/0.55-0.6LTR,Review fuzzy name match
Dal Masoor (Dall 2) KBR-384 ONEGO V3,artifacts\recipe-upload-source\MENU\MENU\Dall\Dal Masoor.100 pax.docx,Red Lentils,7.0,kg,item_code,A-MELLOW PULSE RED LENTIL 1/15KG,Review fuzzy name match
Dal Masoor (Dall 2) KBR-384 ONEGO V3,artifacts\recipe-upload-source\MENU\MENU\Dall\Dal Masoor.100 pax.docx,Water,28.0,l,item_code,(TAFGA) NOVA WATER 24/0.55-0.6LTR,Review fuzzy name match
Dal Masoor (Dall 2) KBR-384 ONEGO V3,artifacts\recipe-upload-source\MENU\MENU\Dall\Dal Masoor.100 pax.docx,Onion,3.0,kg,item_code,DRY ONION (LOCAL),Review fuzzy name match
Dal Masoor (Dall 2) KBR-384 ONEGO V3,artifacts\recipe-upload-source\MENU\MENU\Dall\Dal Masoor.100 pax.docx,Tomatoes,4.0,kg,item_code,TAFGA LUNA TOMATO PASTE 24/400G,Review fuzzy name match
Dal Masoor (Dall 2) KBR-384 ONEGO V3,artifacts\recipe-upload-source\MENU\MENU\Dall\Dal Masoor.100 pax.docx,Green Chilies,250.0,g,item_code,GREEN CHILLI (INDIAN),Review fuzzy name match
Dal Masoor (Dall 2) KBR-384 ONEGO V3,artifacts\recipe-upload-source\MENU\MENU\Dall\Dal Masoor.100 pax.docx,Ginger-Garlic Paste,500.0,g,item_code,GARLIC  (CHINA),Review fuzzy name match
Dal Masoor (Dall 2) KBR-384 ONEGO V3,artifacts\recipe-upload-source\MENU\MENU\Dall\Dal Masoor.100 pax.docx,Turmeric Powder,120.0,g,item_code,SHAN TURMERIC POWDER  10/1KG,Review fuzzy name match
Dal Masoor (Dall 2) KBR-384 ONEGO V3,artifacts\recipe-upload-source\MENU\MENU\Dall\Dal Masoor.100 pax.docx,Red Chili Powder,150.0,g,item_code,SHAN RED CHILLI POWDER 10/1KG,Review fuzzy name match
Dal Masoor (Dall 2) KBR-384 ONEGO V3,artifacts\recipe-upload-source\MENU\MENU\Dall\Dal Masoor.100 pax.docx,Coriander Powder,300.0,g,item_code,SHAN CORIANDER POWDER  10/1KG,Review fuzzy name match
Dal Masoor (Dall 2) KBR-384 ONEGO V3,artifacts\recipe-upload-source\MENU\MENU\Dall\Dal Masoor.100 pax.docx,Cumin Seeds,120.0,g,item_code,SHAN CUMIN WHOLE  10/1KG,Review fuzzy name match
Dal Masoor (Dall 2) KBR-384 ONEGO V3,artifacts\recipe-upload-source\MENU\MENU\Dall\Dal Masoor.100 pax.docx,Garam Masala,120.0,g,item_code,SHAN KORMA MASALA 10/1KG,Review fuzzy name match
Dal Masoor (Dall 2) KBR-384 ONEGO V3,artifacts\recipe-upload-source\MENU\MENU\Dall\Dal Masoor.100 pax.docx,Salt,400.0,g,item_code,AL MARAI BUTTER UNSALT 4/100/10G,Review fuzzy name match
Dall Chana100 pax KBR-384 ONEGO V3,artifacts\recipe-upload-source\MENU\MENU\Dall\Dall Chana100 pax .docx,"Dried Chana Dal , rinsed & soaked 2 hours",5.0,kg,item_code,A-MELOW INDIAN YELLOW SPLIT CHICK PEAS 1/15KG,Review fuzzy name match
Dall Chana100 pax KBR-384 ONEGO V3,artifacts\recipe-upload-source\MENU\MENU\Dall\Dall Chana100 pax .docx,Water,16.0,l,item_code,(TAFGA) NOVA WATER 24/0.55-0.6LTR,Review fuzzy name match
Dall Chana100 pax KBR-384 ONEGO V3,artifacts\recipe-upload-source\MENU\MENU\Dall\Dall Chana100 pax .docx,Pure Ghee or Mustard Oil,500.0,g,item_code,ALMARAI BUTTER GHEE 6/1600G,Review fuzzy name match
Dall Chana100 pax KBR-384 ONEGO V3,artifacts\recipe-upload-source\MENU\MENU\Dall\Dall Chana100 pax .docx,"Yellow Onions, finely sliced",3.0,kg,item_code,DRY ONION (LOCAL),Review fuzzy name match
Dall Chana100 pax KBR-384 ONEGO V3,artifacts\recipe-upload-source\MENU\MENU\Dall\Dall Chana100 pax .docx,Fresh Ginger Paste,250.0,g,item_code,GINGER (CHINA),Review fuzzy name match
Dall Chana100 pax KBR-384 ONEGO V3,artifacts\recipe-upload-source\MENU\MENU\Dall\Dall Chana100 pax .docx,Fresh Garlic Paste,200.0,g,item_code,GARLIC  (CHINA),Review fuzzy name match
Dall Chana100 pax KBR-384 ONEGO V3,artifacts\recipe-upload-source\MENU\MENU\Dall\Dall Chana100 pax .docx,"Fresh Tomatoes, finely chopped",2.0,kg,item_code,TOMATO (ADY),Review fuzzy name match
Dall Makhni Mix KBR-384 ONEGO V3,artifacts\recipe-upload-source\MENU\MENU\Dall\Dall Makhni Mix 100 pax .docx,"Red Kidney Beans , rinsed & soaked 12 hours",1.0,kg,item_code,A-88 RED KIDNEY BEANS 1/15KG,Review fuzzy name match
Dall Makhni Mix KBR-384 ONEGO V3,artifacts\recipe-upload-source\MENU\MENU\Dall\Dall Makhni Mix 100 pax .docx,Water,22.0,l,item_code,(TAFGA) NOVA WATER 24/0.55-0.6LTR,Review fuzzy name match
Dall Makhni Mix KBR-384 ONEGO V3,artifacts\recipe-upload-source\MENU\MENU\Dall\Dall Makhni Mix 100 pax .docx,Unsalted White Butter or Ghee,800.0,g,item_code,ALMARAI BUTTER GHEE 6/1600G,Review fuzzy name match
Dall Makhni Mix KBR-384 ONEGO V3,artifacts\recipe-upload-source\MENU\MENU\Dall\Dall Makhni Mix 100 pax .docx,Fresh Heavy Dairy Cream,600.0,ml,item_code,TAFGA MARAI COOKING CREAM 12/1LTR,Review fuzzy name match
Dall Makhni Mix KBR-384 ONEGO V3,artifacts\recipe-upload-source\MENU\MENU\Dall\Dall Makhni Mix 100 pax .docx,Fresh Ginger-Garlic Paste,300.0,g,item_code,GARLIC  (CHINA),Review fuzzy name match
Dall Makhni Mix KBR-384 ONEGO V3,artifacts\recipe-upload-source\MENU\MENU\Dall\Dall Makhni Mix 100 pax .docx,Pureed Fresh Tomatoes or Canned Tomato Puree,1.5,l,item_code,A-TAFGA GOODY WHOLE PEELED TOMATO 6/#10,Review fuzzy name match
Dall Mash KBR-384 ONEGO V3,artifacts\recipe-upload-source\MENU\MENU\Dall\Dall Mash 100 pax .docx,,,,no_ingredients_parsed,,Enter recipe ingredient lines manually or revise source document format
Dall Mongo KBR-384 ONEGO V3,artifacts\recipe-upload-source\MENU\MENU\Dall\Dall Mongo Recipe. 100 pax.docx,Dall Mongo,15.0,kg,item_code,A-TAFGA MELLOW DAL MOONG WHL 1/15KG,Review fuzzy name match
Dall Mongo KBR-384 ONEGO V3,artifacts\recipe-upload-source\MENU\MENU\Dall\Dall Mongo Recipe. 100 pax.docx,Onions,5.0,kg,item_code,DRY ONION (LOCAL),Review fuzzy name match
Dall Mongo KBR-384 ONEGO V3,artifacts\recipe-upload-source\MENU\MENU\Dall\Dall Mongo Recipe. 100 pax.docx,Tomatoes,5.0,kg,item_code,TAFGA LUNA TOMATO PASTE 24/400G,Review fuzzy name match
Dall Mongo KBR-384 ONEGO V3,artifacts\recipe-upload-source\MENU\MENU\Dall\Dall Mongo Recipe. 100 pax.docx,Garlic,500.0,g,item_code,EASTERN GARLIC POWDER 24/200G,Review fuzzy name match
Dall Mongo KBR-384 ONEGO V3,artifacts\recipe-upload-source\MENU\MENU\Dall\Dall Mongo Recipe. 100 pax.docx,Green chilies,300.0,g,item_code,GREEN CHILLI (INDIAN),Review fuzzy name match
Dall Mongo KBR-384 ONEGO V3,artifacts\recipe-upload-source\MENU\MENU\Dall\Dall Mongo Recipe. 100 pax.docx,Ginger,250.0,g,item_code,GINGER (CHINA),Review fuzzy name match
Dall Mongo KBR-384 ONEGO V3,artifacts\recipe-upload-source\MENU\MENU\Dall\Dall Mongo Recipe. 100 pax.docx,Vegetable oil / Ghee,2.5,l,item_code,ALMARAI BUTTER GHEE 6/1600G,Review fuzzy name match
Dall Mongo KBR-384 ONEGO V3,artifacts\recipe-upload-source\MENU\MENU\Dall\Dall Mongo Recipe. 100 pax.docx,Cumin seeds,100.0,g,item_code,SHAN CUMIN WHOLE  10/1KG,Review fuzzy name match
Dall Mongo KBR-384 ONEGO V3,artifacts\recipe-upload-source\MENU\MENU\Dall\Dall Mongo Recipe. 100 pax.docx,Coriander powder,200.0,g,item_code,SHAN CORIANDER POWDER  10/1KG,Review fuzzy name match
Dall Mongo KBR-384 ONEGO V3,artifacts\recipe-upload-source\MENU\MENU\Dall\Dall Mongo Recipe. 100 pax.docx,Turmeric powder,50.0,g,item_code,SHAN TURMERIC POWDER  10/1KG,Review fuzzy name match
Dall Mongo KBR-384 ONEGO V3,artifacts\recipe-upload-source\MENU\MENU\Dall\Dall Mongo Recipe. 100 pax.docx,Red chili powder,100.0,g,item_code,SHAN RED CHILLI POWDER 10/1KG,Review fuzzy name match
Dall Mongo KBR-384 ONEGO V3,artifacts\recipe-upload-source\MENU\MENU\Dall\Dall Mongo Recipe. 100 pax.docx,Garam masala,50.0,g,item_code,SHAN KORMA MASALA 10/1KG,Review fuzzy name match
Dall Mongo KBR-384 ONEGO V3,artifacts\recipe-upload-source\MENU\MENU\Dall\Dall Mongo Recipe. 100 pax.docx,Fresh coriander leaves,500.0,g,item_code,CORIANDER LEAVES (BDL),Review fuzzy name match
Baked Lemon Butter fillet fish KBR-384 ONEGO V3,artifacts\recipe-upload-source\MENU\MENU\Fish\Baked Lemon Butter fillet fish 100 pax.docx,Fillets,14.2,kg,item_code,TAFGA WHITE / HAMOUR FISH FILLET  1/1KG,Review fuzzy name match
Baked Lemon Butter fillet fish KBR-384 ONEGO V3,artifacts\recipe-upload-source\MENU\MENU\Fish\Baked Lemon Butter fillet fish 100 pax.docx,Unsalted Butter,1.48,l,item_code,AL MARAI BUTTER UNSALT 4/100/10G,Review fuzzy name match
Baked Lemon Butter fillet fish KBR-384 ONEGO V3,artifacts\recipe-upload-source\MENU\MENU\Fish\Baked Lemon Butter fillet fish 100 pax.docx,Fresh Lemon Juice,740.0,ml,item_code,TFG MOONATY LEMON JUICE 12/1LTR,Review fuzzy name match
Baked Lemon Butter fillet fish KBR-384 ONEGO V3,artifacts\recipe-upload-source\MENU\MENU\Fish\Baked Lemon Butter fillet fish 100 pax.docx,Lemon Zest,45.0,g,item_code,LEMON (AFRICAN/TURKEY),Review fuzzy name match
Baked Lemon Butter fillet fish KBR-384 ONEGO V3,artifacts\recipe-upload-source\MENU\MENU\Fish\Baked Lemon Butter fillet fish 100 pax.docx,Minced Garlic,340.0,g,item_code,GARLIC  (CHINA),Review fuzzy name match
Baked Lemon Butter fillet fish KBR-384 ONEGO V3,artifacts\recipe-upload-source\MENU\MENU\Fish\Baked Lemon Butter fillet fish 100 pax.docx,Paprika,21.0,g,item_code,A-AL MANAKEL PAPRIKA SWEET JAR  6/1KG,Review fuzzy name match
Baked Lemon Butter fillet fish KBR-384 ONEGO V3,artifacts\recipe-upload-source\MENU\MENU\Fish\Baked Lemon Butter fillet fish 100 pax.docx,Fine Salt,72.0,g,item_code,TAFGA REHAN SALT IODIZED 24/700G,Review fuzzy name match
Baked Lemon Butter fillet fish KBR-384 ONEGO V3,artifacts\recipe-upload-source\MENU\MENU\Fish\Baked Lemon Butter fillet fish 100 pax.docx,Ground Black Pepper,14.0,g,item_code,A-TAFGA FRESHLY PEPPER BLACK PWDR 6/16Z,Review fuzzy name match
Baked Lemon Butter fillet fish KBR-384 ONEGO V3,artifacts\recipe-upload-source\MENU\MENU\Fish\Baked Lemon Butter fillet fish 100 pax.docx,Fresh Parsley,75.0,g,unmatched,,Confirm ingredient master item_code/id before production costing
Baked Lemon Butter fillet fish KBR-384 ONEGO V3,artifacts\recipe-upload-source\MENU\MENU\Fish\Baked Lemon Butter fillet fish 100 pax.docx,Fresh Lemon Slices,25.0,pieces,item_code,LEMON (AFRICAN/TURKEY),Review fuzzy name match
Fish Curry KBR-384 ONEGO V3,artifacts\recipe-upload-source\MENU\MENU\Fish\Fish Curry 100 pax .docx,Firm white fish fillets,17.0,kg,item_code,TAFGA WHITE / HAMOUR FISH FILLET  1/1KG,Review fuzzy name match
Fish Curry KBR-384 ONEGO V3,artifacts\recipe-upload-source\MENU\MENU\Fish\Fish Curry 100 pax .docx,Ginger-garlic paste,300.0,g,item_code,GARLIC  (CHINA),Review fuzzy name match
Fish Curry KBR-384 ONEGO V3,artifacts\recipe-upload-source\MENU\MENU\Fish\Fish Curry 100 pax .docx,Lemon juice,200.0,ml,item_code,TFG MOONATY LEMON JUICE 12/1LTR,Review fuzzy name match
Fish Curry KBR-384 ONEGO V3,artifacts\recipe-upload-source\MENU\MENU\Fish\Fish Curry 100 pax .docx,Red chili powder,100.0,g,item_code,SHAN RED CHILLI POWDER 10/1KG,Review fuzzy name match
Fish Curry KBR-384 ONEGO V3,artifacts\recipe-upload-source\MENU\MENU\Fish\Fish Curry 100 pax .docx,Turmeric powder,50.0,g,item_code,SHAN TURMERIC POWDER  10/1KG,Review fuzzy name match
Fish Curry KBR-384 ONEGO V3,artifacts\recipe-upload-source\MENU\MENU\Fish\Fish Curry 100 pax .docx,Salt,150.0,g,item_code,AL MARAI BUTTER UNSALT 4/100/10G,Review fuzzy name match
Fish Curry KBR-384 ONEGO V3,artifacts\recipe-upload-source\MENU\MENU\Fish\Fish Curry 100 pax .docx,Butter,2.0,kg,item_code,AL MARAI BUTTER UNSALT 4/100/10G,Review fuzzy name match
Fish Curry KBR-384 ONEGO V3,artifacts\recipe-upload-source\MENU\MENU\Fish\Fish Curry 100 pax .docx,Oil,1.0,l,item_code,AFIA SUNFLOWER OIL 4/2.9LTR,Review fuzzy name match
Fish Curry KBR-384 ONEGO V3,artifacts\recipe-upload-source\MENU\MENU\Fish\Fish Curry 100 pax .docx,Tomato puree,6.0,kg,item_code,A-TAFGA GOODY WHOLE PEELED TOMATO 6/#10,Review fuzzy name match
Fish Curry KBR-384 ONEGO V3,artifacts\recipe-upload-source\MENU\MENU\Fish\Fish Curry 100 pax .docx,Thick coconut milk,3.5,l,item_code,AL MARAI UHT MILF FF 12/1LTR,Review fuzzy name match
Fish Curry KBR-384 ONEGO V3,artifacts\recipe-upload-source\MENU\MENU\Fish\Fish Curry 100 pax .docx,Cashew paste,1.0,kg,item_code,A- SPIXA CASHEW NUTS 1/1KG,Review fuzzy name match
Fish Curry KBR-384 ONEGO V3,artifacts\recipe-upload-source\MENU\MENU\Fish\Fish Curry 100 pax .docx,Kashmiri chili powder,150.0,g,item_code,SHAN RED CHILLI POWDER 10/1KG,Review fuzzy name match
Fish Curry KBR-384 ONEGO V3,artifacts\recipe-upload-source\MENU\MENU\Fish\Fish Curry 100 pax .docx,Sugar,150.0,g,item_code,AL OSRA SUGAR FINE 10/2KG,Review fuzzy name match
Fish Curry KBR-384 ONEGO V3,artifacts\recipe-upload-source\MENU\MENU\Fish\Fish Curry 100 pax .docx,Salt,200.0,g,item_code,AL MARAI BUTTER UNSALT 4/100/10G,Review fuzzy name match
Fish Curry KBR-384 ONEGO V3,artifacts\recipe-upload-source\MENU\MENU\Fish\Fish Curry 100 pax .docx,Water,2.0,l,item_code,(TAFGA) NOVA WATER 24/0.55-0.6LTR,Review fuzzy name match
Fish Curry KBR-384 ONEGO V3,artifacts\recipe-upload-source\MENU\MENU\Fish\Fish Curry 100 pax .docx,Kasuri methi,80.0,g,item_code,A-MEHRAN KAUSRI METHILEAVES 12/50G,Review fuzzy name match
Fish Curry KBR-384 ONEGO V3,artifacts\recipe-upload-source\MENU\MENU\Fish\Fish Curry 100 pax .docx,Fresh coriander,500.0,g,item_code,SHAN CORIANDER POWDER  10/1KG,Review fuzzy name match
Fried Finger Fish KBR-384 ONEGO V3,artifacts\recipe-upload-source\MENU\MENU\Fish\Fried Finger Fish.100 pax.docx,Boneless fish fillet Fresh,15.0,kg,item_code,TAFGA WHITE / HAMOUR FISH FILLET  1/1KG,Review fuzzy name match
Fried Finger Fish KBR-384 ONEGO V3,artifacts\recipe-upload-source\MENU\MENU\Fish\Fried Finger Fish.100 pax.docx,Lemon juice,1.5,l,item_code,TFG MOONATY LEMON JUICE 12/1LTR,Review fuzzy name match
Fried Finger Fish KBR-384 ONEGO V3,artifacts\recipe-upload-source\MENU\MENU\Fish\Fried Finger Fish.100 pax.docx,Ginger garlic paste,1.2,kg,item_code,GARLIC  (CHINA),Review fuzzy name match
Fried Finger Fish KBR-384 ONEGO V3,artifacts\recipe-upload-source\MENU\MENU\Fish\Fried Finger Fish.100 pax.docx,Salt,300.0,g,item_code,AL MARAI BUTTER UNSALT 4/100/10G,Review fuzzy name match
Fried Finger Fish KBR-384 ONEGO V3,artifacts\recipe-upload-source\MENU\MENU\Fish\Fried Finger Fish.100 pax.docx,Red chili powder,250.0,g,item_code,SHAN RED CHILLI POWDER 10/1KG,Review fuzzy name match
Fried Finger Fish KBR-384 ONEGO V3,artifacts\recipe-upload-source\MENU\MENU\Fish\Fried Finger Fish.100 pax.docx,Black pepper powder,150.0,g,item_code,A-TAFGA FRESHLY PEPPER BLACK PWDR 6/16Z,Review fuzzy name match
Fried Finger Fish KBR-384 ONEGO V3,artifacts\recipe-upload-source\MENU\MENU\Fish\Fried Finger Fish.100 pax.docx,Turmeric powder,100.0,g,item_code,SHAN TURMERIC POWDER  10/1KG,Review fuzzy name match
Fried Finger Fish KBR-384 ONEGO V3,artifacts\recipe-upload-source\MENU\MENU\Fish\Fried Finger Fish.100 pax.docx,Paprika,200.0,g,item_code,A-AL MANAKEL PAPRIKA SWEET JAR  6/1KG,Review fuzzy name match
Fried Finger Fish KBR-384 ONEGO V3,artifacts\recipe-upload-source\MENU\MENU\Fish\Fried Finger Fish.100 pax.docx,All-purpose flour,4.0,kg,item_code,A-FOOM WHITE FLOUR 1/45KG,Review fuzzy name match
Fried Finger Fish KBR-384 ONEGO V3,artifacts\recipe-upload-source\MENU\MENU\Fish\Fried Finger Fish.100 pax.docx,Corn flour,3.0,kg,item_code,A-FOOM WHITE FLOUR 1/45KG,Review fuzzy name match
Fried Finger Fish KBR-384 ONEGO V3,artifacts\recipe-upload-source\MENU\MENU\Fish\Fried Finger Fish.100 pax.docx,Eggs,20.0,pieces,item_code,SAEDCO FRESH EGGS MEDIUM 12/30 CT,Review fuzzy name match
Fried Finger Fish KBR-384 ONEGO V3,artifacts\recipe-upload-source\MENU\MENU\Fish\Fried Finger Fish.100 pax.docx,Water,6.0,l,item_code,(TAFGA) NOVA WATER 24/0.55-0.6LTR,Review fuzzy name match
Fried Finger Fish KBR-384 ONEGO V3,artifacts\recipe-upload-source\MENU\MENU\Fish\Fried Finger Fish.100 pax.docx,Baking powder,100.0,g,item_code,A-TAFGA ORIENT GARDEN BAKING SODA 12/12Z,Review fuzzy name match
Fried Finger Fish KBR-384 ONEGO V3,artifacts\recipe-upload-source\MENU\MENU\Fish\Fried Finger Fish.100 pax.docx,Oil for deep frying,12.0,l,item_code,TAFGA DALAL COOKING OIL-(SAUDI) 1/18LTR,Review fuzzy name match
Fried Finger Fish KBR-384 ONEGO V3,artifacts\recipe-upload-source\MENU\MENU\Fish\Fried Finger Fish.100 pax.docx,Lemon wedges,3.0,kg,item_code,LEMON (AFRICAN/TURKEY),Review fuzzy name match
Fried Finger Fish KBR-384 ONEGO V3,artifacts\recipe-upload-source\MENU\MENU\Fish\Fried Finger Fish.100 pax.docx,Fresh coriander,1.0,kg,item_code,SHAN CORIANDER POWDER  10/1KG,Review fuzzy name match
Grilled Fish Fillet KBR-384 ONEGO V3,artifacts\recipe-upload-source\MENU\MENU\Fish\Grilled Fish Fillet. 100 pax.docx,Firm white fish fillets,17.5,kg,item_code,TAFGA WHITE / HAMOUR FISH FILLET  1/1KG,Review fuzzy name match
Grilled Fish Fillet KBR-384 ONEGO V3,artifacts\recipe-upload-source\MENU\MENU\Fish\Grilled Fish Fillet. 100 pax.docx,Lemon juice,600.0,ml,item_code,TFG MOONATY LEMON JUICE 12/1LTR,Review fuzzy name match
Grilled Fish Fillet KBR-384 ONEGO V3,artifacts\recipe-upload-source\MENU\MENU\Fish\Grilled Fish Fillet. 100 pax.docx,Garlic paste,300.0,g,item_code,GARLIC  (CHINA),Review fuzzy name match
Grilled Fish Fillet KBR-384 ONEGO V3,artifacts\recipe-upload-source\MENU\MENU\Fish\Grilled Fish Fillet. 100 pax.docx,Salt,150.0,g,item_code,AL MARAI BUTTER UNSALT 4/100/10G,Review fuzzy name match
Grilled Fish Fillet KBR-384 ONEGO V3,artifacts\recipe-upload-source\MENU\MENU\Fish\Grilled Fish Fillet. 100 pax.docx,White pepper powder,50.0,g,item_code,A-TAFGA FRESHLY WHT PEPPER PDWR 6/16Z,Review fuzzy name match
Grilled Fish Fillet KBR-384 ONEGO V3,artifacts\recipe-upload-source\MENU\MENU\Fish\Grilled Fish Fillet. 100 pax.docx,Olive oil / Vegetable oil,1.5,l,item_code,TAFGA OLIVE OIL 12/500ML,Review fuzzy name match
Grilled Fish Fillet KBR-384 ONEGO V3,artifacts\recipe-upload-source\MENU\MENU\Fish\Grilled Fish Fillet. 100 pax.docx,Finely chopped fresh dill or parsley,400.0,g,unmatched,,Confirm ingredient master item_code/id before production costing
Grilled Fish Fillet KBR-384 ONEGO V3,artifacts\recipe-upload-source\MENU\MENU\Fish\Grilled Fish Fillet. 100 pax.docx,Garlic powder,150.0,g,item_code,EASTERN GARLIC POWDER 24/200G,Review fuzzy name match
Grilled Fish Fillet KBR-384 ONEGO V3,artifacts\recipe-upload-source\MENU\MENU\Fish\Grilled Fish Fillet. 100 pax.docx,Onion powder,150.0,g,item_code,DRY ONION (LOCAL),Review fuzzy name match
Grilled Fish Fillet KBR-384 ONEGO V3,artifacts\recipe-upload-source\MENU\MENU\Fish\Grilled Fish Fillet. 100 pax.docx,Paprika,100.0,g,item_code,A-AL MANAKEL PAPRIKA SWEET JAR  6/1KG,Review fuzzy name match
Grilled Fish Fillet KBR-384 ONEGO V3,artifacts\recipe-upload-source\MENU\MENU\Fish\Grilled Fish Fillet. 100 pax.docx,Dried oregano,50.0,g,item_code,A-TAFGA FRESHLY OREGANO/ZAATAR LEAVES,Review fuzzy name match
Grilled Fish Fillet KBR-384 ONEGO V3,artifacts\recipe-upload-source\MENU\MENU\Fish\Grilled Fish Fillet. 100 pax.docx,Salt,100.0,g,item_code,AL MARAI BUTTER UNSALT 4/100/10G,Review fuzzy name match
Grilled Fish Fillet KBR-384 ONEGO V3,artifacts\recipe-upload-source\MENU\MENU\Fish\Grilled Fish Fillet. 100 pax.docx,Melted butter,1.0,kg,item_code,AL MARAI BUTTER UNSALT 4/100/10G,Review fuzzy name match
Grilled Fish Fillet KBR-384 ONEGO V3,artifacts\recipe-upload-source\MENU\MENU\Fish\Grilled Fish Fillet. 100 pax.docx,Fresh lemon wedges,50.0,pieces,item_code,LEMON (AFRICAN/TURKEY),Review fuzzy name match
Grilled Fish Fillet KBR-384 ONEGO V3,artifacts\recipe-upload-source\MENU\MENU\Fish\Grilled Fish Fillet. 100 pax.docx,Fresh coriander or parsley,300.0,g,item_code,CORIANDER LEAVES (BDL),Review fuzzy name match
Allo Gosht KBR-384 ONEGO V3,artifacts\recipe-upload-source\MENU\MENU\Meat\Allo Gosht.100 pax.docx,Mutton,12.0,kg,item_code,MUTTON CARCASS UNDER 20 1/1KG,Review fuzzy name match
Allo Gosht KBR-384 ONEGO V3,artifacts\recipe-upload-source\MENU\MENU\Meat\Allo Gosht.100 pax.docx,Potatoes,8.0,kg,item_code,POTATO (LOCAL),Review fuzzy name match
Allo Gosht KBR-384 ONEGO V3,artifacts\recipe-upload-source\MENU\MENU\Meat\Allo Gosht.100 pax.docx,Onions,5.0,kg,item_code,DRY ONION (LOCAL),Review fuzzy name match
Allo Gosht KBR-384 ONEGO V3,artifacts\recipe-upload-source\MENU\MENU\Meat\Allo Gosht.100 pax.docx,Tomatoes,4.0,kg,item_code,TAFGA LUNA TOMATO PASTE 24/400G,Review fuzzy name match
Allo Gosht KBR-384 ONEGO V3,artifacts\recipe-upload-source\MENU\MENU\Meat\Allo Gosht.100 pax.docx,Yogurt,3.0,kg,item_code,ALMARAI LABNEH FF 1/2.75KG,Review fuzzy name match
Allo Gosht KBR-384 ONEGO V3,artifacts\recipe-upload-source\MENU\MENU\Meat\Allo Gosht.100 pax.docx,Ginger garlic paste,700.0,g,item_code,GARLIC  (CHINA),Review fuzzy name match
Allo Gosht KBR-384 ONEGO V3,artifacts\recipe-upload-source\MENU\MENU\Meat\Allo Gosht.100 pax.docx,Green chilies,300.0,g,item_code,GREEN CHILLI (INDIAN),Review fuzzy name match
Mutton Biryani KBR-384 ONEGO V3,artifacts\recipe-upload-source\MENU\MENU\Meat\Mutton Biryani. 100 pax.docx,Mutton,20.0,kg,item_code,MUTTON CARCASS UNDER 20 1/1KG,Review fuzzy name match
Mutton Biryani KBR-384 ONEGO V3,artifacts\recipe-upload-source\MENU\MENU\Meat\Mutton Biryani. 100 pax.docx,Yogurt,5.0,kg,item_code,ALMARAI LABNEH FF 1/2.75KG,Review fuzzy name match
Mutton Biryani KBR-384 ONEGO V3,artifacts\recipe-upload-source\MENU\MENU\Meat\Mutton Biryani. 100 pax.docx,Ginger garlic paste,1.2,kg,item_code,GARLIC  (CHINA),Review fuzzy name match
Mutton Biryani KBR-384 ONEGO V3,artifacts\recipe-upload-source\MENU\MENU\Meat\Mutton Biryani. 100 pax.docx,Green chili paste,300.0,g,item_code,GREEN CHILLI (INDIAN),Review fuzzy name match
Mutton Biryani KBR-384 ONEGO V3,artifacts\recipe-upload-source\MENU\MENU\Meat\Mutton Biryani. 100 pax.docx,Lemon juice,300.0,ml,item_code,TFG MOONATY LEMON JUICE 12/1LTR,Review fuzzy name match
Mutton Biryani KBR-384 ONEGO V3,artifacts\recipe-upload-source\MENU\MENU\Meat\Mutton Biryani. 100 pax.docx,Turmeric powder,120.0,g,item_code,SHAN TURMERIC POWDER  10/1KG,Review fuzzy name match
Mutton Biryani KBR-384 ONEGO V3,artifacts\recipe-upload-source\MENU\MENU\Meat\Mutton Biryani. 100 pax.docx,Red chili powder,350.0,g,item_code,SHAN RED CHILLI POWDER 10/1KG,Review fuzzy name match
Mutton Biryani KBR-384 ONEGO V3,artifacts\recipe-upload-source\MENU\MENU\Meat\Mutton Biryani. 100 pax.docx,Biryani masala,500.0,g,item_code,A-TFGA MEHRAN BIRIYANI POWDER 48/50G,Review fuzzy name match
Mutton Biryani KBR-384 ONEGO V3,artifacts\recipe-upload-source\MENU\MENU\Meat\Mutton Biryani. 100 pax.docx,Salt,700.0,g,item_code,AL MARAI BUTTER UNSALT 4/100/10G,Review fuzzy name match
Mutton Biryani KBR-384 ONEGO V3,artifacts\recipe-upload-source\MENU\MENU\Meat\Mutton Biryani. 100 pax.docx,Fresh coriander,1.5,kg,item_code,SHAN CORIANDER POWDER  10/1KG,Review fuzzy name match
Mutton Biryani KBR-384 ONEGO V3,artifacts\recipe-upload-source\MENU\MENU\Meat\Mutton Biryani. 100 pax.docx,Fresh mint leaves,1.0,kg,item_code,MINT (BDL),Review fuzzy name match
Mutton Biryani KBR-384 ONEGO V3,artifacts\recipe-upload-source\MENU\MENU\Meat\Mutton Biryani. 100 pax.docx,Basmati rice,16.0,kg,item_code,NIAZ BASMATI EXTRA LONG GRAIN XXL 1/40KG,Review fuzzy name match
Mutton Biryani KBR-384 ONEGO V3,artifacts\recipe-upload-source\MENU\MENU\Meat\Mutton Biryani. 100 pax.docx,Salt,500.0,g,item_code,AL MARAI BUTTER UNSALT 4/100/10G,Review fuzzy name match
Mutton Biryani KBR-384 ONEGO V3,artifacts\recipe-upload-source\MENU\MENU\Meat\Mutton Biryani. 100 pax.docx,Bay leaves,40.0,pieces,item_code,TFG NIAZ BAY LEAVES 1/1KG,Review fuzzy name match
Mutton Biryani KBR-384 ONEGO V3,artifacts\recipe-upload-source\MENU\MENU\Meat\Mutton Biryani. 100 pax.docx,Green cardamom,80.0,pieces,item_code,NIAZ CARDAMON 1/1KG,Review fuzzy name match
Mutton Biryani KBR-384 ONEGO V3,artifacts\recipe-upload-source\MENU\MENU\Meat\Mutton Biryani. 100 pax.docx,Cloves,60.0,pieces,item_code,NIAZ CLOVE WHOLE 1/1KG,Review fuzzy name match
Mutton Biryani KBR-384 ONEGO V3,artifacts\recipe-upload-source\MENU\MENU\Meat\Mutton Biryani. 100 pax.docx,Cinnamon sticks,40.0,pieces,item_code,NIAZ CINNAMON STICK 1/1KG,Review fuzzy name match
Mutton Biryani KBR-384 ONEGO V3,artifacts\recipe-upload-source\MENU\MENU\Meat\Mutton Biryani. 100 pax.docx,Onions,8.0,kg,item_code,DRY ONION (LOCAL),Review fuzzy name match
Mutton Biryani KBR-384 ONEGO V3,artifacts\recipe-upload-source\MENU\MENU\Meat\Mutton Biryani. 100 pax.docx,Oil for frying,4.0,l,item_code,TAFGA DALAL COOKING OIL-(SAUDI) 1/18LTR,Review fuzzy name match
Mutton Curry KBR-384 ONEGO V3,artifacts\recipe-upload-source\MENU\MENU\Meat\Mutton Curry Recipe.100 pax.docx,Mutton,18.0,kg,item_code,MUTTON CARCASS UNDER 20 1/1KG,Review fuzzy name match
Mutton Curry KBR-384 ONEGO V3,artifacts\recipe-upload-source\MENU\MENU\Meat\Mutton Curry Recipe.100 pax.docx,Yogurt,2.5,kg,item_code,ALMARAI LABNEH FF 1/2.75KG,Review fuzzy name match
Mutton Curry KBR-384 ONEGO V3,artifacts\recipe-upload-source\MENU\MENU\Meat\Mutton Curry Recipe.100 pax.docx,Ginger-garlic paste,500.0,g,item_code,GARLIC  (CHINA),Review fuzzy name match
Mutton Curry KBR-384 ONEGO V3,artifacts\recipe-upload-source\MENU\MENU\Meat\Mutton Curry Recipe.100 pax.docx,Lemon juice,200.0,ml,item_code,TFG MOONATY LEMON JUICE 12/1LTR,Review fuzzy name match
Mutton Curry KBR-384 ONEGO V3,artifacts\recipe-upload-source\MENU\MENU\Meat\Mutton Curry Recipe.100 pax.docx,Turmeric powder,60.0,g,item_code,SHAN TURMERIC POWDER  10/1KG,Review fuzzy name match
Mutton Curry KBR-384 ONEGO V3,artifacts\recipe-upload-source\MENU\MENU\Meat\Mutton Curry Recipe.100 pax.docx,Red chili powder,120.0,g,item_code,SHAN RED CHILLI POWDER 10/1KG,Review fuzzy name match
Mutton Curry KBR-384 ONEGO V3,artifacts\recipe-upload-source\MENU\MENU\Meat\Mutton Curry Recipe.100 pax.docx,Garam masala,100.0,g,item_code,SHAN KORMA MASALA 10/1KG,Review fuzzy name match
Mutton Curry KBR-384 ONEGO V3,artifacts\recipe-upload-source\MENU\MENU\Meat\Mutton Curry Recipe.100 pax.docx,Salt,200.0,g,item_code,AL MARAI BUTTER UNSALT 4/100/10G,Review fuzzy name match
Mutton Curry KBR-384 ONEGO V3,artifacts\recipe-upload-source\MENU\MENU\Meat\Mutton Curry Recipe.100 pax.docx,Oil or Ghee,1.5,l,item_code,ALMARAI BUTTER GHEE 6/1600G,Review fuzzy name match
Mutton Curry KBR-384 ONEGO V3,artifacts\recipe-upload-source\MENU\MENU\Meat\Mutton Curry Recipe.100 pax.docx,Whole Spices,20.0,pieces,unmatched,,Confirm ingredient master item_code/id before production costing
Mutton Curry KBR-384 ONEGO V3,artifacts\recipe-upload-source\MENU\MENU\Meat\Mutton Curry Recipe.100 pax.docx,Onions,6.0,kg,item_code,DRY ONION (LOCAL),Review fuzzy name match
Mutton Curry KBR-384 ONEGO V3,artifacts\recipe-upload-source\MENU\MENU\Meat\Mutton Curry Recipe.100 pax.docx,Tomato puree,4.0,kg,item_code,A-TAFGA GOODY WHOLE PEELED TOMATO 6/#10,Review fuzzy name match
Mutton Curry KBR-384 ONEGO V3,artifacts\recipe-upload-source\MENU\MENU\Meat\Mutton Curry Recipe.100 pax.docx,Ginger-garlic paste,400.0,g,item_code,GARLIC  (CHINA),Review fuzzy name match
Mutton Curry KBR-384 ONEGO V3,artifacts\recipe-upload-source\MENU\MENU\Meat\Mutton Curry Recipe.100 pax.docx,Coriander powder,300.0,g,item_code,SHAN CORIANDER POWDER  10/1KG,Review fuzzy name match
Mutton Curry KBR-384 ONEGO V3,artifacts\recipe-upload-source\MENU\MENU\Meat\Mutton Curry Recipe.100 pax.docx,Cumin powder,150.0,g,item_code,SHAN CUMIN POWDER 10/1KG,Review fuzzy name match
Mutton Curry KBR-384 ONEGO V3,artifacts\recipe-upload-source\MENU\MENU\Meat\Mutton Curry Recipe.100 pax.docx,Kashmiri chili powder,150.0,g,item_code,SHAN RED CHILLI POWDER 10/1KG,Review fuzzy name match
Mutton Curry KBR-384 ONEGO V3,artifacts\recipe-upload-source\MENU\MENU\Meat\Mutton Curry Recipe.100 pax.docx,Meat masala powder,150.0,g,unmatched,,Confirm ingredient master item_code/id before production costing
Mutton Curry KBR-384 ONEGO V3,artifacts\recipe-upload-source\MENU\MENU\Meat\Mutton Curry Recipe.100 pax.docx,Salt,150.0,g,item_code,AL MARAI BUTTER UNSALT 4/100/10G,Review fuzzy name match
Mutton Curry KBR-384 ONEGO V3,artifacts\recipe-upload-source\MENU\MENU\Meat\Mutton Curry Recipe.100 pax.docx,Hot water,6.0,l,item_code,(TAFGA) NOVA WATER 24/0.55-0.6LTR,Review fuzzy name match
Mutton Curry KBR-384 ONEGO V3,artifacts\recipe-upload-source\MENU\MENU\Meat\Mutton Curry Recipe.100 pax.docx,Kasuri methi,50.0,g,item_code,A-MEHRAN KAUSRI METHILEAVES 12/50G,Review fuzzy name match
Mutton Curry KBR-384 ONEGO V3,artifacts\recipe-upload-source\MENU\MENU\Meat\Mutton Curry Recipe.100 pax.docx,Garam masala powder,50.0,g,item_code,SHAN KORMA MASALA 10/1KG,Review fuzzy name match
Mutton Curry KBR-384 ONEGO V3,artifacts\recipe-upload-source\MENU\MENU\Meat\Mutton Curry Recipe.100 pax.docx,Fresh coriander,500.0,g,item_code,SHAN CORIANDER POWDER  10/1KG,Review fuzzy name match
Mutton Korma KBR-384 ONEGO V3,artifacts\recipe-upload-source\MENU\MENU\Meat\Mutton Korma Recipe. 100 pax.docx,Mutton,15.0,kg,item_code,MUTTON CARCASS UNDER 20 1/1KG,Review fuzzy name match
Mutton Korma KBR-384 ONEGO V3,artifacts\recipe-upload-source\MENU\MENU\Meat\Mutton Korma Recipe. 100 pax.docx,Onions,4.0,kg,item_code,DRY ONION (LOCAL),Review fuzzy name match
Mutton Korma KBR-384 ONEGO V3,artifacts\recipe-upload-source\MENU\MENU\Meat\Mutton Korma Recipe. 100 pax.docx,Yogurt,3.0,kg,item_code,ALMARAI LABNEH FF 1/2.75KG,Review fuzzy name match
Mutton Korma KBR-384 ONEGO V3,artifacts\recipe-upload-source\MENU\MENU\Meat\Mutton Korma Recipe. 100 pax.docx,Cooking oil / ghee,2.5,kg,item_code,ALMARAI BUTTER GHEE 6/1600G,Review fuzzy name match
Mutton Korma KBR-384 ONEGO V3,artifacts\recipe-upload-source\MENU\MENU\Meat\Mutton Korma Recipe. 100 pax.docx,Ginger garlic paste,800.0,g,item_code,GARLIC  (CHINA),Review fuzzy name match
Mutton Korma KBR-384 ONEGO V3,artifacts\recipe-upload-source\MENU\MENU\Meat\Mutton Korma Recipe. 100 pax.docx,Green chili paste,200.0,g,item_code,GREEN CHILLI (INDIAN),Review fuzzy name match
Mutton Korma KBR-384 ONEGO V3,artifacts\recipe-upload-source\MENU\MENU\Meat\Mutton Korma Recipe. 100 pax.docx,Cashew paste,500.0,g,item_code,A- SPIXA CASHEW NUTS 1/1KG,Review fuzzy name match
Mutton Korma KBR-384 ONEGO V3,artifacts\recipe-upload-source\MENU\MENU\Meat\Mutton Korma Recipe. 100 pax.docx,Fresh cream,1.0,l,item_code,AL MARAI UHT MILF FF 12/1LTR,Review fuzzy name match
Mutton Korma KBR-384 ONEGO V3,artifacts\recipe-upload-source\MENU\MENU\Meat\Mutton Korma Recipe. 100 pax.docx,Coriander powder,300.0,g,item_code,SHAN CORIANDER POWDER  10/1KG,Review fuzzy name match
Mutton Korma KBR-384 ONEGO V3,artifacts\recipe-upload-source\MENU\MENU\Meat\Mutton Korma Recipe. 100 pax.docx,Red chili powder,200.0,g,item_code,SHAN RED CHILLI POWDER 10/1KG,Review fuzzy name match
Mutton Korma KBR-384 ONEGO V3,artifacts\recipe-upload-source\MENU\MENU\Meat\Mutton Korma Recipe. 100 pax.docx,Turmeric powder,80.0,g,item_code,SHAN TURMERIC POWDER  10/1KG,Review fuzzy name match
Mutton Korma KBR-384 ONEGO V3,artifacts\recipe-upload-source\MENU\MENU\Meat\Mutton Korma Recipe. 100 pax.docx,Garam masala powder,150.0,g,item_code,SHAN KORMA MASALA 10/1KG,Review fuzzy name match
Mutton Korma KBR-384 ONEGO V3,artifacts\recipe-upload-source\MENU\MENU\Meat\Mutton Korma Recipe. 100 pax.docx,Whole spices,100.0,g,unmatched,,Confirm ingredient master item_code/id before production costing
Mutton Korma KBR-384 ONEGO V3,artifacts\recipe-upload-source\MENU\MENU\Meat\Mutton Korma Recipe. 100 pax.docx,Salt,300.0,g,item_code,AL MARAI BUTTER UNSALT 4/100/10G,Review fuzzy name match
Mutton Korma KBR-384 ONEGO V3,artifacts\recipe-upload-source\MENU\MENU\Meat\Mutton Korma Recipe. 100 pax.docx,Water,8.0,l,item_code,(TAFGA) NOVA WATER 24/0.55-0.6LTR,Review fuzzy name match
Mutton Korma KBR-384 ONEGO V3,artifacts\recipe-upload-source\MENU\MENU\Meat\Mutton Korma Recipe. 100 pax.docx,Fresh coriander leaves,500.0,g,item_code,CORIANDER LEAVES (BDL),Review fuzzy name match
Mutton Korma KBR-384 ONEGO V3,artifacts\recipe-upload-source\MENU\MENU\Meat\Mutton Korma Recipe. 100 pax.docx,Fried onions,1.0,kg,item_code,DRY ONION (LOCAL),Review fuzzy name match
Mutton Kadai KBR-384 ONEGO V3,artifacts\recipe-upload-source\MENU\MENU\Meat\Mutton_Kadai_100_Pax.docx,Mutton,15.0,kg,item_code,MUTTON CARCASS UNDER 20 1/1KG,Review fuzzy name match
Mutton Kadai KBR-384 ONEGO V3,artifacts\recipe-upload-source\MENU\MENU\Meat\Mutton_Kadai_100_Pax.docx,Ginger paste,300.0,g,item_code,GINGER (CHINA),Review fuzzy name match
Mutton Kadai KBR-384 ONEGO V3,artifacts\recipe-upload-source\MENU\MENU\Meat\Mutton_Kadai_100_Pax.docx,Garlic paste,300.0,g,item_code,GARLIC  (CHINA),Review fuzzy name match
Mutton Kadai KBR-384 ONEGO V3,artifacts\recipe-upload-source\MENU\MENU\Meat\Mutton_Kadai_100_Pax.docx,Salt,150.0,g,item_code,AL MARAI BUTTER UNSALT 4/100/10G,Review fuzzy name match
Mutton Kadai KBR-384 ONEGO V3,artifacts\recipe-upload-source\MENU\MENU\Meat\Mutton_Kadai_100_Pax.docx,Yogurt,400.0,ml,item_code,ALMARAI LABNEH FF 1/2.75KG,Review fuzzy name match
Mutton Kadai KBR-384 ONEGO V3,artifacts\recipe-upload-source\MENU\MENU\Meat\Mutton_Kadai_100_Pax.docx,Ghee or Cooking oil,1.5,l,item_code,ALMARAI BUTTER GHEE 6/1600G,Review fuzzy name match
Mutton Kadai KBR-384 ONEGO V3,artifacts\recipe-upload-source\MENU\MENU\Meat\Mutton_Kadai_100_Pax.docx,Fresh red tomatoes,8.0,kg,item_code,TOMATO (ADY),Review fuzzy name match
Mutton Kadai KBR-384 ONEGO V3,artifacts\recipe-upload-source\MENU\MENU\Meat\Mutton_Kadai_100_Pax.docx,Ginger,400.0,g,item_code,GINGER (CHINA),Review fuzzy name match
Mutton Kadai KBR-384 ONEGO V3,artifacts\recipe-upload-source\MENU\MENU\Meat\Mutton_Kadai_100_Pax.docx,Fresh green chilies,500.0,g,item_code,GREEN CHILLI (INDIAN),Review fuzzy name match
Mutton Kadai KBR-384 ONEGO V3,artifacts\recipe-upload-source\MENU\MENU\Meat\Mutton_Kadai_100_Pax.docx,Coriander seeds,150.0,g,item_code,CORIANDER LEAVES (BDL),Review fuzzy name match
Mutton Kadai KBR-384 ONEGO V3,artifacts\recipe-upload-source\MENU\MENU\Meat\Mutton_Kadai_100_Pax.docx,Cumin seeds,100.0,g,item_code,SHAN CUMIN WHOLE  10/1KG,Review fuzzy name match
Mutton Kadai KBR-384 ONEGO V3,artifacts\recipe-upload-source\MENU\MENU\Meat\Mutton_Kadai_100_Pax.docx,Black peppercorns,60.0,g,item_code,A-TAFGA FRESHLY PEPPER BLACK PWDR 6/16Z,Review fuzzy name match
Mutton Kadai KBR-384 ONEGO V3,artifacts\recipe-upload-source\MENU\MENU\Meat\Mutton_Kadai_100_Pax.docx,Kashmiri red chili powder,50.0,g,item_code,SHAN RED CHILLI POWDER 10/1KG,Review fuzzy name match
Mutton Kadai KBR-384 ONEGO V3,artifacts\recipe-upload-source\MENU\MENU\Meat\Mutton_Kadai_100_Pax.docx,Garam masala powder,40.0,g,item_code,SHAN KORMA MASALA 10/1KG,Review fuzzy name match
Mutton Kadai KBR-384 ONEGO V3,artifacts\recipe-upload-source\MENU\MENU\Meat\Mutton_Kadai_100_Pax.docx,Kasuri methi,30.0,g,item_code,A-MEHRAN KAUSRI METHILEAVES 12/50G,Review fuzzy name match
Mutton Kadai KBR-384 ONEGO V3,artifacts\recipe-upload-source\MENU\MENU\Meat\Mutton_Kadai_100_Pax.docx,Fresh coriander leaves,300.0,g,item_code,CORIANDER LEAVES (BDL),Review fuzzy name match
Pasta ala normah KBR-384 ONEGO V3,artifacts\recipe-upload-source\MENU\MENU\Pasta\Pasta ala normah Ingredients.100 pax.docx,Pasta,20.0,kg,item_code,GOODY PASTA #11 PENNE LISCE 24/500G,Review fuzzy name match
Pasta ala normah KBR-384 ONEGO V3,artifacts\recipe-upload-source\MENU\MENU\Pasta\Pasta ala normah Ingredients.100 pax.docx,Eggplant,15.0,kg,item_code,EGGPANT (BIG),Review fuzzy name match
Pasta ala normah KBR-384 ONEGO V3,artifacts\recipe-upload-source\MENU\MENU\Pasta\Pasta ala normah Ingredients.100 pax.docx,Tomatoes,15.0,kg,item_code,TAFGA LUNA TOMATO PASTE 24/400G,Review fuzzy name match
Pasta ala normah KBR-384 ONEGO V3,artifacts\recipe-upload-source\MENU\MENU\Pasta\Pasta ala normah Ingredients.100 pax.docx,Olive oil,2.0,l,item_code,TAFGA OLIVE OIL 12/500ML,Review fuzzy name match
Pasta ala normah KBR-384 ONEGO V3,artifacts\recipe-upload-source\MENU\MENU\Pasta\Pasta ala normah Ingredients.100 pax.docx,Garlic,500.0,g,item_code,EASTERN GARLIC POWDER 24/200G,Review fuzzy name match
Pasta ala normah KBR-384 ONEGO V3,artifacts\recipe-upload-source\MENU\MENU\Pasta\Pasta ala normah Ingredients.100 pax.docx,Onions,2.5,kg,item_code,DRY ONION (LOCAL),Review fuzzy name match
Pasta ala normah KBR-384 ONEGO V3,artifacts\recipe-upload-source\MENU\MENU\Pasta\Pasta ala normah Ingredients.100 pax.docx,Fresh basil,500.0,g,item_code,A-TFG FRESHLY BASIL LEAVES U.S  6/5Z,Review fuzzy name match
Pasta ala normah KBR-384 ONEGO V3,artifacts\recipe-upload-source\MENU\MENU\Pasta\Pasta ala normah Ingredients.100 pax.docx,Ricotta salata or parmesan cheese,3.0,kg,item_code,TAFGA SLICED CHEESE 9/800G,Review fuzzy name match
Pasta ala normah KBR-384 ONEGO V3,artifacts\recipe-upload-source\MENU\MENU\Pasta\Pasta ala normah Ingredients.100 pax.docx,Salt,200.0,g,item_code,AL MARAI BUTTER UNSALT 4/100/10G,Review fuzzy name match
Pasta ala normah KBR-384 ONEGO V3,artifacts\recipe-upload-source\MENU\MENU\Pasta\Pasta ala normah Ingredients.100 pax.docx,Black pepper,50.0,g,item_code,A-TAFGA FRESHLY PEPPER BLACK PWDR 6/16Z,Review fuzzy name match
Pasta ala normah KBR-384 ONEGO V3,artifacts\recipe-upload-source\MENU\MENU\Pasta\Pasta ala normah Ingredients.100 pax.docx,Red chili flakes,20.0,g,item_code,SHAN RED CHILLI POWDER 10/1KG,Review fuzzy name match
Pasta with Tomato Sauce KBR-384 ONEGO V3,artifacts\recipe-upload-source\MENU\MENU\Pasta\Pasta with Tomato Sauce.100 pax.docx,Dry pasta,10.0,kg,item_code,GOODY PASTA #11 PENNE LISCE 24/500G,Review fuzzy name match
Pasta with Tomato Sauce KBR-384 ONEGO V3,artifacts\recipe-upload-source\MENU\MENU\Pasta\Pasta with Tomato Sauce.100 pax.docx,Water,50.0,l,item_code,(TAFGA) NOVA WATER 24/0.55-0.6LTR,Review fuzzy name match
Pasta with Tomato Sauce KBR-384 ONEGO V3,artifacts\recipe-upload-source\MENU\MENU\Pasta\Pasta with Tomato Sauce.100 pax.docx,Salt,200.0,g,item_code,AL MARAI BUTTER UNSALT 4/100/10G,Review fuzzy name match
Pasta with Tomato Sauce KBR-384 ONEGO V3,artifacts\recipe-upload-source\MENU\MENU\Pasta\Pasta with Tomato Sauce.100 pax.docx,Olive oil,200.0,ml,item_code,TAFGA OLIVE OIL 12/500ML,Review fuzzy name match
Pasta with Tomato Sauce KBR-384 ONEGO V3,artifacts\recipe-upload-source\MENU\MENU\Pasta\Pasta with Tomato Sauce.100 pax.docx,Olive oil,1.5,l,item_code,TAFGA OLIVE OIL 12/500ML,Review fuzzy name match
Pasta with Tomato Sauce KBR-384 ONEGO V3,artifacts\recipe-upload-source\MENU\MENU\Pasta\Pasta with Tomato Sauce.100 pax.docx,Garlic,300.0,g,item_code,EASTERN GARLIC POWDER 24/200G,Review fuzzy name match
Pasta with Tomato Sauce KBR-384 ONEGO V3,artifacts\recipe-upload-source\MENU\MENU\Pasta\Pasta with Tomato Sauce.100 pax.docx,Onion,2.0,kg,item_code,DRY ONION (LOCAL),Review fuzzy name match
Pasta with Tomato Sauce KBR-384 ONEGO V3,artifacts\recipe-upload-source\MENU\MENU\Pasta\Pasta with Tomato Sauce.100 pax.docx,Tomato puree / crushed tomatoes,12.0,kg,item_code,A-TAFGA GOODY WHOLE PEELED TOMATO 6/#10,Review fuzzy name match
Pasta with Tomato Sauce KBR-384 ONEGO V3,artifacts\recipe-upload-source\MENU\MENU\Pasta\Pasta with Tomato Sauce.100 pax.docx,Tomato paste,1.0,kg,item_code,TAFGA LUNA TOMATO PASTE 24/400G,Review fuzzy name match
Pasta with Tomato Sauce KBR-384 ONEGO V3,artifacts\recipe-upload-source\MENU\MENU\Pasta\Pasta with Tomato Sauce.100 pax.docx,Salt,250.0,g,item_code,AL MARAI BUTTER UNSALT 4/100/10G,Review fuzzy name match
Pasta with Tomato Sauce KBR-384 ONEGO V3,artifacts\recipe-upload-source\MENU\MENU\Pasta\Pasta with Tomato Sauce.100 pax.docx,Black pepper,50.0,g,item_code,A-TAFGA FRESHLY PEPPER BLACK PWDR 6/16Z,Review fuzzy name match
Pasta with Tomato Sauce KBR-384 ONEGO V3,artifacts\recipe-upload-source\MENU\MENU\Pasta\Pasta with Tomato Sauce.100 pax.docx,Sugar,200.0,g,item_code,AL OSRA SUGAR FINE 10/2KG,Review fuzzy name match
Pasta with Tomato Sauce KBR-384 ONEGO V3,artifacts\recipe-upload-source\MENU\MENU\Pasta\Pasta with Tomato Sauce.100 pax.docx,Dried oregano,100.0,g,item_code,A-TAFGA FRESHLY OREGANO/ZAATAR LEAVES,Review fuzzy name match
Pasta with Tomato Sauce KBR-384 ONEGO V3,artifacts\recipe-upload-source\MENU\MENU\Pasta\Pasta with Tomato Sauce.100 pax.docx,Fresh basil,500.0,g,item_code,A-TFG FRESHLY BASIL LEAVES U.S  6/5Z,Review fuzzy name match
Pasta with Tomato Sauce KBR-384 ONEGO V3,artifacts\recipe-upload-source\MENU\MENU\Pasta\Pasta with Tomato Sauce.100 pax.docx,Water / vegetable stock,3.0,l,item_code,(TAFGA) NOVA WATER 24/0.55-0.6LTR,Review fuzzy name match
Penne pasta KBR-384 ONEGO V3,artifacts\recipe-upload-source\MENU\MENU\Pasta\Penne pasta Ingredients.100 pax.docx,pasta,20.0,kg,item_code,GOODY PASTA #11 PENNE LISCE 24/500G,Review fuzzy name match
Penne pasta KBR-384 ONEGO V3,artifacts\recipe-upload-source\MENU\MENU\Pasta\Penne pasta Ingredients.100 pax.docx,water,5.0,l,item_code,(TAFGA) NOVA WATER 24/0.55-0.6LTR,Review fuzzy name match
Penne pasta KBR-384 ONEGO V3,artifacts\recipe-upload-source\MENU\MENU\Pasta\Penne pasta Ingredients.100 pax.docx,salt,200.0,g,item_code,AL MARAI BUTTER UNSALT 4/100/10G,Review fuzzy name match
Penne pasta KBR-384 ONEGO V3,artifacts\recipe-upload-source\MENU\MENU\Pasta\Penne pasta Ingredients.100 pax.docx,heavy cream,10.0,l,item_code,TAFGA MARAI COOKING CREAM 12/1LTR,Review fuzzy name match
Penne pasta KBR-384 ONEGO V3,artifacts\recipe-upload-source\MENU\MENU\Pasta\Penne pasta Ingredients.100 pax.docx,tomato puree or crushed tomatoes,5.0,l,item_code,A-TAFGA GOODY WHOLE PEELED TOMATO 6/#10,Review fuzzy name match
Penne pasta KBR-384 ONEGO V3,artifacts\recipe-upload-source\MENU\MENU\Pasta\Penne pasta Ingredients.100 pax.docx,onions,2.5,kg,item_code,DRY ONION (LOCAL),Review fuzzy name match
Penne pasta KBR-384 ONEGO V3,artifacts\recipe-upload-source\MENU\MENU\Pasta\Penne pasta Ingredients.100 pax.docx,garlic,500.0,g,item_code,EASTERN GARLIC POWDER 24/200G,Review fuzzy name match
Penne pasta KBR-384 ONEGO V3,artifacts\recipe-upload-source\MENU\MENU\Pasta\Penne pasta Ingredients.100 pax.docx,butter or olive oil,500.0,g,item_code,AL MARAI BUTTER UNSALT 4/100/10G,Review fuzzy name match
Penne pasta KBR-384 ONEGO V3,artifacts\recipe-upload-source\MENU\MENU\Pasta\Penne pasta Ingredients.100 pax.docx,parmesan cheese,1.0,kg,item_code,TAFGA SLICED CHEESE 9/800G,Review fuzzy name match
Penne pasta KBR-384 ONEGO V3,artifacts\recipe-upload-source\MENU\MENU\Pasta\Penne pasta Ingredients.100 pax.docx,tomato paste,200.0,g,item_code,TAFGA LUNA TOMATO PASTE 24/400G,Review fuzzy name match
Penne pasta KBR-384 ONEGO V3,artifacts\recipe-upload-source\MENU\MENU\Pasta\Penne pasta Ingredients.100 pax.docx,sugar,200.0,g,item_code,AL OSRA SUGAR FINE 10/2KG,Review fuzzy name match
Penne pasta KBR-384 ONEGO V3,artifacts\recipe-upload-source\MENU\MENU\Pasta\Penne pasta Ingredients.100 pax.docx,red chili flakes,50.0,g,item_code,SHAN RED CHILLI POWDER 10/1KG,Review fuzzy name match
Penne pasta KBR-384 ONEGO V3,artifacts\recipe-upload-source\MENU\MENU\Pasta\Penne pasta Ingredients.100 pax.docx,black pepper,100.0,g,item_code,A-TAFGA FRESHLY PEPPER BLACK PWDR 6/16Z,Review fuzzy name match
Penne pasta KBR-384 ONEGO V3,artifacts\recipe-upload-source\MENU\MENU\Pasta\Penne pasta Ingredients.100 pax.docx,salt,100.0,g,item_code,AL MARAI BUTTER UNSALT 4/100/10G,Review fuzzy name match
Vegetable Noodles KBR-384 ONEGO V3,artifacts\recipe-upload-source\MENU\MENU\Pasta\Vegetable Noodles.100 pax.docx,Egg noodles / Hakka noodles,10.0,kg,item_code,A- MAKATI CHINESE NOODLES 30/200G,Review fuzzy name match
Vegetable Noodles KBR-384 ONEGO V3,artifacts\recipe-upload-source\MENU\MENU\Pasta\Vegetable Noodles.100 pax.docx,Cabbage,3.0,kg,item_code,CABBAGE (LOCAL),Review fuzzy name match
Vegetable Noodles KBR-384 ONEGO V3,artifacts\recipe-upload-source\MENU\MENU\Pasta\Vegetable Noodles.100 pax.docx,Carrot,2.5,kg,item_code,CARROT (AUSTALIA/CHINA),Review fuzzy name match
Vegetable Noodles KBR-384 ONEGO V3,artifacts\recipe-upload-source\MENU\MENU\Pasta\Vegetable Noodles.100 pax.docx,Capsicum,2.0,kg,item_code,GREEN PEPPER (LBN),Review fuzzy name match
Vegetable Noodles KBR-384 ONEGO V3,artifacts\recipe-upload-source\MENU\MENU\Pasta\Vegetable Noodles.100 pax.docx,Spring onion,1.5,kg,item_code,DRY ONION (LOCAL),Review fuzzy name match
Vegetable Noodles KBR-384 ONEGO V3,artifacts\recipe-upload-source\MENU\MENU\Pasta\Vegetable Noodles.100 pax.docx,French beans,2.0,kg,item_code,A-TOMEX CUT GREEN BEAN 4/2.5KG,Review fuzzy name match
Vegetable Noodles KBR-384 ONEGO V3,artifacts\recipe-upload-source\MENU\MENU\Pasta\Vegetable Noodles.100 pax.docx,Garlic,300.0,g,item_code,EASTERN GARLIC POWDER 24/200G,Review fuzzy name match
Vegetable Noodles KBR-384 ONEGO V3,artifacts\recipe-upload-source\MENU\MENU\Pasta\Vegetable Noodles.100 pax.docx,Ginger,200.0,g,item_code,GINGER (CHINA),Review fuzzy name match
Vegetable Noodles KBR-384 ONEGO V3,artifacts\recipe-upload-source\MENU\MENU\Pasta\Vegetable Noodles.100 pax.docx,Soy sauce,1.0,l,item_code,TAFGA MAKATI SOY SAUCE 12/750ML,Review fuzzy name match
Vegetable Noodles KBR-384 ONEGO V3,artifacts\recipe-upload-source\MENU\MENU\Pasta\Vegetable Noodles.100 pax.docx,Chili sauce,500.0,ml,item_code,A-(TAFGA) AFFCO SWEET CORN 6/3KG,Review fuzzy name match
Vegetable Noodles KBR-384 ONEGO V3,artifacts\recipe-upload-source\MENU\MENU\Pasta\Vegetable Noodles.100 pax.docx,Vinegar,300.0,ml,item_code,MAWASIM VINEGAR WHITE 4/3.78LTR,Review fuzzy name match
Vegetable Noodles KBR-384 ONEGO V3,artifacts\recipe-upload-source\MENU\MENU\Pasta\Vegetable Noodles.100 pax.docx,Black pepper powder,100.0,g,item_code,A-TAFGA FRESHLY PEPPER BLACK PWDR 6/16Z,Review fuzzy name match
Vegetable Noodles KBR-384 ONEGO V3,artifacts\recipe-upload-source\MENU\MENU\Pasta\Vegetable Noodles.100 pax.docx,Salt,250.0,g,item_code,AL MARAI BUTTER UNSALT 4/100/10G,Review fuzzy name match
Vegetable Noodles KBR-384 ONEGO V3,artifacts\recipe-upload-source\MENU\MENU\Pasta\Vegetable Noodles.100 pax.docx,Vegetable oil,2.0,l,item_code,TAFGA DALAL COOKING OIL-(SAUDI) 1/18LTR,Review fuzzy name match
arabic Mandi Rice KBR-384 ONEGO V3,artifacts\recipe-upload-source\MENU\MENU\Rice\arabic Mandi Rice.100 pax.docx,Whole chicken,25.0,kg,item_code,ADDOHA FRESH CHICKEN WHOLE IN BAG 1/900G,Review fuzzy name match
arabic Mandi Rice KBR-384 ONEGO V3,artifacts\recipe-upload-source\MENU\MENU\Rice\arabic Mandi Rice.100 pax.docx,Basmati rice,10.0,kg,item_code,NIAZ BASMATI EXTRA LONG GRAIN XXL 1/40KG,Review fuzzy name match
arabic Mandi Rice KBR-384 ONEGO V3,artifacts\recipe-upload-source\MENU\MENU\Rice\arabic Mandi Rice.100 pax.docx,Onion,4.0,kg,item_code,DRY ONION (LOCAL),Review fuzzy name match
arabic Mandi Rice KBR-384 ONEGO V3,artifacts\recipe-upload-source\MENU\MENU\Rice\arabic Mandi Rice.100 pax.docx,Garlic,400.0,g,item_code,EASTERN GARLIC POWDER 24/200G,Review fuzzy name match
arabic Mandi Rice KBR-384 ONEGO V3,artifacts\recipe-upload-source\MENU\MENU\Rice\arabic Mandi Rice.100 pax.docx,Ginger paste,400.0,g,item_code,GINGER (CHINA),Review fuzzy name match
arabic Mandi Rice KBR-384 ONEGO V3,artifacts\recipe-upload-source\MENU\MENU\Rice\arabic Mandi Rice.100 pax.docx,Green chili,250.0,g,item_code,GREEN CHILLI (INDIAN),Review fuzzy name match
arabic Mandi Rice KBR-384 ONEGO V3,artifacts\recipe-upload-source\MENU\MENU\Rice\arabic Mandi Rice.100 pax.docx,Mandi spice mix,350.0,g,item_code,EASTERN KABSA SPICE MIX 24/200G,Review fuzzy name match
arabic Mandi Rice KBR-384 ONEGO V3,artifacts\recipe-upload-source\MENU\MENU\Rice\arabic Mandi Rice.100 pax.docx,Ground cumin,120.0,g,item_code,SHAN CUMIN POWDER 10/1KG,Review fuzzy name match
arabic Mandi Rice KBR-384 ONEGO V3,artifacts\recipe-upload-source\MENU\MENU\Rice\arabic Mandi Rice.100 pax.docx,Ground coriander,120.0,g,item_code,SHAN CORIANDER POWDER  10/1KG,Review fuzzy name match
arabic Mandi Rice KBR-384 ONEGO V3,artifacts\recipe-upload-source\MENU\MENU\Rice\arabic Mandi Rice.100 pax.docx,Black pepper,70.0,g,item_code,A-TAFGA FRESHLY PEPPER BLACK PWDR 6/16Z,Review fuzzy name match
arabic Mandi Rice KBR-384 ONEGO V3,artifacts\recipe-upload-source\MENU\MENU\Rice\arabic Mandi Rice.100 pax.docx,Turmeric,60.0,g,item_code,SHAN TURMERIC POWDER  10/1KG,Review fuzzy name match
arabic Mandi Rice KBR-384 ONEGO V3,artifacts\recipe-upload-source\MENU\MENU\Rice\arabic Mandi Rice.100 pax.docx,Cardamom,40.0,g,item_code,BLACK CARDAMON INDIA  1/1KG,Review fuzzy name match
arabic Mandi Rice KBR-384 ONEGO V3,artifacts\recipe-upload-source\MENU\MENU\Rice\arabic Mandi Rice.100 pax.docx,Cloves,20.0,g,item_code,NIAZ CLOVE WHOLE 1/1KG,Review fuzzy name match
arabic Mandi Rice KBR-384 ONEGO V3,artifacts\recipe-upload-source\MENU\MENU\Rice\arabic Mandi Rice.100 pax.docx,Cinnamon sticks,100.0,g,item_code,NIAZ CINNAMON STICK 1/1KG,Review fuzzy name match
arabic Mandi Rice KBR-384 ONEGO V3,artifacts\recipe-upload-source\MENU\MENU\Rice\arabic Mandi Rice.100 pax.docx,Dried black lime,25.0,pieces,item_code,TFG NIAZ LEMON DRY 1/1KG,Review fuzzy name match
arabic Mandi Rice KBR-384 ONEGO V3,artifacts\recipe-upload-source\MENU\MENU\Rice\arabic Mandi Rice.100 pax.docx,Salt,600.0,g,item_code,AL MARAI BUTTER UNSALT 4/100/10G,Review fuzzy name match
arabic Mandi Rice KBR-384 ONEGO V3,artifacts\recipe-upload-source\MENU\MENU\Rice\arabic Mandi Rice.100 pax.docx,Vegetable oil or ghee,2.0,l,item_code,ALMARAI BUTTER GHEE 6/1600G,Review fuzzy name match
arabic Mandi Rice KBR-384 ONEGO V3,artifacts\recipe-upload-source\MENU\MENU\Rice\arabic Mandi Rice.100 pax.docx,Water or stock,22.0,l,item_code,(TAFGA) NOVA WATER 24/0.55-0.6LTR,Review fuzzy name match
arabic Mandi Rice KBR-384 ONEGO V3,artifacts\recipe-upload-source\MENU\MENU\Rice\arabic Mandi Rice.100 pax.docx,Charcoal,5.0,pieces,ambiguous,,Confirm ingredient master item_code/id before production costing
Biryani Rice KBR-384 ONEGO V3,artifacts\recipe-upload-source\MENU\MENU\Rice\Biryani Rice Recipe. 100 pax.docx,Basmati Rice,10.0,kg,item_code,NIAZ BASMATI EXTRA LONG GRAIN XXL 1/40KG,Review fuzzy name match
Biryani Rice KBR-384 ONEGO V3,artifacts\recipe-upload-source\MENU\MENU\Rice\Biryani Rice Recipe. 100 pax.docx,Chicken or mutton,12.0,kg,item_code,TANMIAH FRESH CHICKEN 1/900G,Review fuzzy name match
Biryani Rice KBR-384 ONEGO V3,artifacts\recipe-upload-source\MENU\MENU\Rice\Biryani Rice Recipe. 100 pax.docx,Onions,5.0,kg,item_code,DRY ONION (LOCAL),Review fuzzy name match
Biryani Rice KBR-384 ONEGO V3,artifacts\recipe-upload-source\MENU\MENU\Rice\Biryani Rice Recipe. 100 pax.docx,Tomatoes,3.0,kg,item_code,TAFGA LUNA TOMATO PASTE 24/400G,Review fuzzy name match
Biryani Rice KBR-384 ONEGO V3,artifacts\recipe-upload-source\MENU\MENU\Rice\Biryani Rice Recipe. 100 pax.docx,Yogurt,4.0,kg,item_code,ALMARAI LABNEH FF 1/2.75KG,Review fuzzy name match
Bukhari Rice KBR-384 ONEGO V3,artifacts\recipe-upload-source\MENU\MENU\Rice\Bukhari Rice.100 pax.docx,Whole chicken,25.0,kg,item_code,ADDOHA FRESH CHICKEN WHOLE IN BAG 1/900G,Review fuzzy name match
Bukhari Rice KBR-384 ONEGO V3,artifacts\recipe-upload-source\MENU\MENU\Rice\Bukhari Rice.100 pax.docx,Basmati rice,10.0,kg,item_code,NIAZ BASMATI EXTRA LONG GRAIN XXL 1/40KG,Review fuzzy name match
Bukhari Rice KBR-384 ONEGO V3,artifacts\recipe-upload-source\MENU\MENU\Rice\Bukhari Rice.100 pax.docx,Onion,4.0,kg,item_code,DRY ONION (LOCAL),Review fuzzy name match
Bukhari Rice KBR-384 ONEGO V3,artifacts\recipe-upload-source\MENU\MENU\Rice\Bukhari Rice.100 pax.docx,Garlic,400.0,g,item_code,EASTERN GARLIC POWDER 24/200G,Review fuzzy name match
Bukhari Rice KBR-384 ONEGO V3,artifacts\recipe-upload-source\MENU\MENU\Rice\Bukhari Rice.100 pax.docx,Ginger paste,300.0,g,item_code,GINGER (CHINA),Review fuzzy name match
Bukhari Rice KBR-384 ONEGO V3,artifacts\recipe-upload-source\MENU\MENU\Rice\Bukhari Rice.100 pax.docx,Tomatoes,3.0,kg,item_code,TAFGA LUNA TOMATO PASTE 24/400G,Review fuzzy name match
Bukhari Rice KBR-384 ONEGO V3,artifacts\recipe-upload-source\MENU\MENU\Rice\Bukhari Rice.100 pax.docx,Tomato paste,800.0,g,item_code,TAFGA LUNA TOMATO PASTE 24/400G,Review fuzzy name match
Bukhari Rice KBR-384 ONEGO V3,artifacts\recipe-upload-source\MENU\MENU\Rice\Bukhari Rice.100 pax.docx,Carrots,5.0,kg,item_code,CARROT (AUSTALIA/CHINA),Review fuzzy name match
Bukhari Rice KBR-384 ONEGO V3,artifacts\recipe-upload-source\MENU\MENU\Rice\Bukhari Rice.100 pax.docx,Raisins,2.0,kg,item_code,A-5 DIAMOND RAISIN 1/10KG,Review fuzzy name match
Bukhari Rice KBR-384 ONEGO V3,artifacts\recipe-upload-source\MENU\MENU\Rice\Bukhari Rice.100 pax.docx,Bukhari spice mix,300.0,g,item_code,EASTERN KABSA SPICE MIX 24/200G,Review fuzzy name match
Bukhari Rice KBR-384 ONEGO V3,artifacts\recipe-upload-source\MENU\MENU\Rice\Bukhari Rice.100 pax.docx,Ground cumin,120.0,g,item_code,SHAN CUMIN POWDER 10/1KG,Review fuzzy name match
Bukhari Rice KBR-384 ONEGO V3,artifacts\recipe-upload-source\MENU\MENU\Rice\Bukhari Rice.100 pax.docx,Ground coriander,120.0,g,item_code,SHAN CORIANDER POWDER  10/1KG,Review fuzzy name match
Bukhari Rice KBR-384 ONEGO V3,artifacts\recipe-upload-source\MENU\MENU\Rice\Bukhari Rice.100 pax.docx,Black pepper,70.0,g,item_code,A-TAFGA FRESHLY PEPPER BLACK PWDR 6/16Z,Review fuzzy name match
Bukhari Rice KBR-384 ONEGO V3,artifacts\recipe-upload-source\MENU\MENU\Rice\Bukhari Rice.100 pax.docx,Turmeric,60.0,g,item_code,SHAN TURMERIC POWDER  10/1KG,Review fuzzy name match
Bukhari Rice KBR-384 ONEGO V3,artifacts\recipe-upload-source\MENU\MENU\Rice\Bukhari Rice.100 pax.docx,Cinnamon sticks,100.0,g,item_code,NIAZ CINNAMON STICK 1/1KG,Review fuzzy name match
Bukhari Rice KBR-384 ONEGO V3,artifacts\recipe-upload-source\MENU\MENU\Rice\Bukhari Rice.100 pax.docx,Cardamom pods,40.0,g,item_code,NIAZ CARDAMON 1/1KG,Review fuzzy name match
Bukhari Rice KBR-384 ONEGO V3,artifacts\recipe-upload-source\MENU\MENU\Rice\Bukhari Rice.100 pax.docx,Cloves,20.0,g,item_code,NIAZ CLOVE WHOLE 1/1KG,Review fuzzy name match
Bukhari Rice KBR-384 ONEGO V3,artifacts\recipe-upload-source\MENU\MENU\Rice\Bukhari Rice.100 pax.docx,Salt,550.0,g,item_code,AL MARAI BUTTER UNSALT 4/100/10G,Review fuzzy name match
Bukhari Rice KBR-384 ONEGO V3,artifacts\recipe-upload-source\MENU\MENU\Rice\Bukhari Rice.100 pax.docx,Vegetable oil,2.0,l,item_code,TAFGA DALAL COOKING OIL-(SAUDI) 1/18LTR,Review fuzzy name match
Bukhari Rice KBR-384 ONEGO V3,artifacts\recipe-upload-source\MENU\MENU\Rice\Bukhari Rice.100 pax.docx,Water or chicken stock,22.0,l,item_code,(TAFGA) NOVA WATER 24/0.55-0.6LTR,Review fuzzy name match
Bukhari Rice KBR-384 ONEGO V3,artifacts\recipe-upload-source\MENU\MENU\Rice\Bukhari Rice.100 pax.docx,Toasted almonds or cashews,1.5,kg,item_code,A- SPIXA ALMONDS 1/1KG,Review fuzzy name match
Chickpea Rice KBR-384 ONEGO V3,artifacts\recipe-upload-source\MENU\MENU\Rice\Chickpea Rice 100 PAX.docx,Basmati Rice,8.0,kg,item_code,NIAZ BASMATI EXTRA LONG GRAIN XXL 1/40KG,Review fuzzy name match
Chickpea Rice KBR-384 ONEGO V3,artifacts\recipe-upload-source\MENU\MENU\Rice\Chickpea Rice 100 PAX.docx,Chickpeas,3.0,kg,item_code,A-TOMEX GREEN PEAS 4/2.5KG,Review fuzzy name match
Chickpea Rice KBR-384 ONEGO V3,artifacts\recipe-upload-source\MENU\MENU\Rice\Chickpea Rice 100 PAX.docx,Onion,2.0,kg,item_code,DRY ONION (LOCAL),Review fuzzy name match
Chickpea Rice KBR-384 ONEGO V3,artifacts\recipe-upload-source\MENU\MENU\Rice\Chickpea Rice 100 PAX.docx,Tomato,1.5,kg,item_code,TAFGA LUNA TOMATO PASTE 24/400G,Review fuzzy name match
Chinese Egg Fried Rice KBR-384 ONEGO V3,artifacts\recipe-upload-source\MENU\MENU\Rice\Chinese Egg Fried Rice Recipe.100 pax.docx,Long-grain rice,10.0,kg,item_code,AAA WHITE THAI RICE  1/40KG,Review fuzzy name match
Chinese Egg Fried Rice KBR-384 ONEGO V3,artifacts\recipe-upload-source\MENU\MENU\Rice\Chinese Egg Fried Rice Recipe.100 pax.docx,Eggs,70.0,pieces,item_code,SAEDCO FRESH EGGS MEDIUM 12/30 CT,Review fuzzy name match
Chinese Egg Fried Rice KBR-384 ONEGO V3,artifacts\recipe-upload-source\MENU\MENU\Rice\Chinese Egg Fried Rice Recipe.100 pax.docx,Carrots,2.5,kg,item_code,CARROT (AUSTALIA/CHINA),Review fuzzy name match
Chinese Egg Fried Rice KBR-384 ONEGO V3,artifacts\recipe-upload-source\MENU\MENU\Rice\Chinese Egg Fried Rice Recipe.100 pax.docx,Green peas,2.0,kg,item_code,A-TOMEX GREEN PEAS 4/2.5KG,Review fuzzy name match
Chinese Egg Fried Rice KBR-384 ONEGO V3,artifacts\recipe-upload-source\MENU\MENU\Rice\Chinese Egg Fried Rice Recipe.100 pax.docx,Spring onions / Scallions,1.0,kg,item_code,DRY ONION (LOCAL),Review fuzzy name match
Chinese Egg Fried Rice KBR-384 ONEGO V3,artifacts\recipe-upload-source\MENU\MENU\Rice\Chinese Egg Fried Rice Recipe.100 pax.docx,Garlic,250.0,g,item_code,EASTERN GARLIC POWDER 24/200G,Review fuzzy name match
Chinese Egg Fried Rice KBR-384 ONEGO V3,artifacts\recipe-upload-source\MENU\MENU\Rice\Chinese Egg Fried Rice Recipe.100 pax.docx,Soy sauce,1.5,l,item_code,TAFGA MAKATI SOY SAUCE 12/750ML,Review fuzzy name match
Chinese Egg Fried Rice KBR-384 ONEGO V3,artifacts\recipe-upload-source\MENU\MENU\Rice\Chinese Egg Fried Rice Recipe.100 pax.docx,Sesame oil,200.0,ml,item_code,TAFGA DALAL COOKING OIL-(SAUDI) 1/18LTR,Review fuzzy name match
Chinese Egg Fried Rice KBR-384 ONEGO V3,artifacts\recipe-upload-source\MENU\MENU\Rice\Chinese Egg Fried Rice Recipe.100 pax.docx,Vegetable oil,500.0,ml,item_code,TAFGA DALAL COOKING OIL-(SAUDI) 1/18LTR,Review fuzzy name match
Chinese Egg Fried Rice KBR-384 ONEGO V3,artifacts\recipe-upload-source\MENU\MENU\Rice\Chinese Egg Fried Rice Recipe.100 pax.docx,Salt,150.0,g,item_code,AL MARAI BUTTER UNSALT 4/100/10G,Review fuzzy name match
Chinese Egg Fried Rice KBR-384 ONEGO V3,artifacts\recipe-upload-source\MENU\MENU\Rice\Chinese Egg Fried Rice Recipe.100 pax.docx,White pepper,50.0,g,item_code,A-TAFGA FRESHLY WHT PEPPER PDWR 6/16Z,Review fuzzy name match
Cumin Rice KBR-384 ONEGO V3,artifacts\recipe-upload-source\MENU\MENU\Rice\Cumin Rice 100 PAX.docx,Basmati Rice,8.0,kg,item_code,NIAZ BASMATI EXTRA LONG GRAIN XXL 1/40KG,Review fuzzy name match
Green Peas Rice KBR-384 ONEGO V3,artifacts\recipe-upload-source\MENU\MENU\Rice\Green Peas Rice 100 PAX.docx,Basmati Rice,8.0,kg,item_code,NIAZ BASMATI EXTRA LONG GRAIN XXL 1/40KG,Review fuzzy name match
Green Peas Rice KBR-384 ONEGO V3,artifacts\recipe-upload-source\MENU\MENU\Rice\Green Peas Rice 100 PAX.docx,Green Peas,4.0,kg,item_code,A-TOMEX GREEN PEAS 4/2.5KG,Review fuzzy name match
Plain Kabsa Rice KBR-384 ONEGO V3,artifacts\recipe-upload-source\MENU\MENU\Rice\Plain Kabsa Rice Recipe.100 pax.docx,Basmati Rice,10.0,kg,item_code,NIAZ BASMATI EXTRA LONG GRAIN XXL 1/40KG,Review fuzzy name match
Plain Kabsa Rice KBR-384 ONEGO V3,artifacts\recipe-upload-source\MENU\MENU\Rice\Plain Kabsa Rice Recipe.100 pax.docx,Vegetable Oil / Ghee,1.5,kg,item_code,ALMARAI BUTTER GHEE 6/1600G,Review fuzzy name match
Plain Kabsa Rice KBR-384 ONEGO V3,artifacts\recipe-upload-source\MENU\MENU\Rice\Plain Kabsa Rice Recipe.100 pax.docx,Onion,2.0,kg,item_code,DRY ONION (LOCAL),Review fuzzy name match
Plain Kabsa Rice KBR-384 ONEGO V3,artifacts\recipe-upload-source\MENU\MENU\Rice\Plain Kabsa Rice Recipe.100 pax.docx,Tomato,2.0,kg,item_code,TAFGA LUNA TOMATO PASTE 24/400G,Review fuzzy name match
Plain Kabsa Rice KBR-384 ONEGO V3,artifacts\recipe-upload-source\MENU\MENU\Rice\Plain Kabsa Rice Recipe.100 pax.docx,Tomato Paste,500.0,g,item_code,TAFGA LUNA TOMATO PASTE 24/400G,Review fuzzy name match
Plain Kabsa Rice KBR-384 ONEGO V3,artifacts\recipe-upload-source\MENU\MENU\Rice\Plain Kabsa Rice Recipe.100 pax.docx,Garlic Paste,300.0,g,item_code,GARLIC  (CHINA),Review fuzzy name match
Plain Kabsa Rice KBR-384 ONEGO V3,artifacts\recipe-upload-source\MENU\MENU\Rice\Plain Kabsa Rice Recipe.100 pax.docx,Kabsa Spice Mix,250.0,g,contains,EASTERN KABSA SPICE MIX 24/200G,Review fuzzy name match
Plain Kabsa Rice KBR-384 ONEGO V3,artifacts\recipe-upload-source\MENU\MENU\Rice\Plain Kabsa Rice Recipe.100 pax.docx,Cinnamon Sticks,50.0,g,item_code,NIAZ CINNAMON STICK 1/1KG,Review fuzzy name match
Plain Kabsa Rice KBR-384 ONEGO V3,artifacts\recipe-upload-source\MENU\MENU\Rice\Plain Kabsa Rice Recipe.100 pax.docx,Cardamom Pods,50.0,g,item_code,NIAZ CARDAMON 1/1KG,Review fuzzy name match
Plain Kabsa Rice KBR-384 ONEGO V3,artifacts\recipe-upload-source\MENU\MENU\Rice\Plain Kabsa Rice Recipe.100 pax.docx,Cloves,20.0,g,item_code,NIAZ CLOVE WHOLE 1/1KG,Review fuzzy name match
Plain Kabsa Rice KBR-384 ONEGO V3,artifacts\recipe-upload-source\MENU\MENU\Rice\Plain Kabsa Rice Recipe.100 pax.docx,Bay Leaves,20.0,g,item_code,TFG NIAZ BAY LEAVES 1/1KG,Review fuzzy name match
Plain Kabsa Rice KBR-384 ONEGO V3,artifacts\recipe-upload-source\MENU\MENU\Rice\Plain Kabsa Rice Recipe.100 pax.docx,Black Pepper Powder,50.0,g,item_code,A-TAFGA FRESHLY PEPPER BLACK PWDR 6/16Z,Review fuzzy name match
Plain Kabsa Rice KBR-384 ONEGO V3,artifacts\recipe-upload-source\MENU\MENU\Rice\Plain Kabsa Rice Recipe.100 pax.docx,Salt,250.0,g,item_code,AL MARAI BUTTER UNSALT 4/100/10G,Review fuzzy name match
Plain Kabsa Rice KBR-384 ONEGO V3,artifacts\recipe-upload-source\MENU\MENU\Rice\Plain Kabsa Rice Recipe.100 pax.docx,Carrot,2.0,kg,item_code,CARROT (AUSTALIA/CHINA),Review fuzzy name match
Plain Kabsa Rice KBR-384 ONEGO V3,artifacts\recipe-upload-source\MENU\MENU\Rice\Plain Kabsa Rice Recipe.100 pax.docx,Raisins,1.0,kg,item_code,A-5 DIAMOND RAISIN 1/10KG,Review fuzzy name match
Plain Kabsa Rice KBR-384 ONEGO V3,artifacts\recipe-upload-source\MENU\MENU\Rice\Plain Kabsa Rice Recipe.100 pax.docx,Water / Stock,18.0,l,item_code,(TAFGA) NOVA WATER 24/0.55-0.6LTR,Review fuzzy name match
Plain Pulao Rice KBR-384 ONEGO V3,artifacts\recipe-upload-source\MENU\MENU\Rice\Plain Pulao Rice 100 PAX.docx,Basmati Rice,8.0,kg,item_code,NIAZ BASMATI EXTRA LONG GRAIN XXL 1/40KG,Review fuzzy name match
Pulao Rice KBR-384 ONEGO V3,artifacts\recipe-upload-source\MENU\MENU\Rice\Pulao Rice. 100 pax.docx,Basmati Rice,8.0,kg,item_code,NIAZ BASMATI EXTRA LONG GRAIN XXL 1/40KG,Review fuzzy name match
Pulao Rice KBR-384 ONEGO V3,artifacts\recipe-upload-source\MENU\MENU\Rice\Pulao Rice. 100 pax.docx,Water / Vegetable Stock,16.0,l,item_code,(TAFGA) NOVA WATER 24/0.55-0.6LTR,Review fuzzy name match
Pulao Rice KBR-384 ONEGO V3,artifacts\recipe-upload-source\MENU\MENU\Rice\Pulao Rice. 100 pax.docx,Vegetable Oil / Ghee,1.5,l,item_code,ALMARAI BUTTER GHEE 6/1600G,Review fuzzy name match
Pulao Rice KBR-384 ONEGO V3,artifacts\recipe-upload-source\MENU\MENU\Rice\Pulao Rice. 100 pax.docx,Onions,2.5,kg,item_code,DRY ONION (LOCAL),Review fuzzy name match
Pulao Rice KBR-384 ONEGO V3,artifacts\recipe-upload-source\MENU\MENU\Rice\Pulao Rice. 100 pax.docx,Mixed Vegetables,4.0,kg,item_code,A-TOMEX VEG MIXED VEG 4/2.5KG,Review fuzzy name match
Pulao Rice KBR-384 ONEGO V3,artifacts\recipe-upload-source\MENU\MENU\Rice\Pulao Rice. 100 pax.docx,Green Chilies,200.0,g,item_code,GREEN CHILLI (INDIAN),Review fuzzy name match
Pulao Rice KBR-384 ONEGO V3,artifacts\recipe-upload-source\MENU\MENU\Rice\Pulao Rice. 100 pax.docx,Ginger Garlic Paste,500.0,g,item_code,GARLIC  (CHINA),Review fuzzy name match
Pulao Rice KBR-384 ONEGO V3,artifacts\recipe-upload-source\MENU\MENU\Rice\Pulao Rice. 100 pax.docx,Whole Spices,150.0,g,unmatched,,Confirm ingredient master item_code/id before production costing
Pulao Rice KBR-384 ONEGO V3,artifacts\recipe-upload-source\MENU\MENU\Rice\Pulao Rice. 100 pax.docx,Cumin Seeds,100.0,g,item_code,SHAN CUMIN WHOLE  10/1KG,Review fuzzy name match
Pulao Rice KBR-384 ONEGO V3,artifacts\recipe-upload-source\MENU\MENU\Rice\Pulao Rice. 100 pax.docx,Salt,300.0,g,item_code,AL MARAI BUTTER UNSALT 4/100/10G,Review fuzzy name match
Pulao Rice KBR-384 ONEGO V3,artifacts\recipe-upload-source\MENU\MENU\Rice\Pulao Rice. 100 pax.docx,Turmeric Powder,50.0,g,item_code,SHAN TURMERIC POWDER  10/1KG,Review fuzzy name match
Pulao Rice KBR-384 ONEGO V3,artifacts\recipe-upload-source\MENU\MENU\Rice\Pulao Rice. 100 pax.docx,Garam Masala,100.0,g,item_code,SHAN KORMA MASALA 10/1KG,Review fuzzy name match
Pulao Rice KBR-384 ONEGO V3,artifacts\recipe-upload-source\MENU\MENU\Rice\Pulao Rice. 100 pax.docx,Fresh Coriander,500.0,g,item_code,SHAN CORIANDER POWDER  10/1KG,Review fuzzy name match
Pulao Rice KBR-384 ONEGO V3,artifacts\recipe-upload-source\MENU\MENU\Rice\Pulao Rice. 100 pax.docx,Mint Leaves,300.0,g,item_code,MINT (BDL),Review fuzzy name match
Pulao Rice KBR-384 ONEGO V3,artifacts\recipe-upload-source\MENU\MENU\Rice\Pulao Rice. 100 pax.docx,Lemon Juice,200.0,ml,item_code,TFG MOONATY LEMON JUICE 12/1LTR,Review fuzzy name match
Sayadiyah Rice KBR-384 ONEGO V3,artifacts\recipe-upload-source\MENU\MENU\Rice\Sayadiyah Rice.100 pax.docx,"Whole firm white fish , cleaned & cut",35.0,kg,item_code,RUHI FISH 1/KG,Review fuzzy name match
Sayadiyah Rice KBR-384 ONEGO V3,artifacts\recipe-upload-source\MENU\MENU\Rice\Sayadiyah Rice.100 pax.docx,Basmati rice,10.0,kg,item_code,NIAZ BASMATI EXTRA LONG GRAIN XXL 1/40KG,Review fuzzy name match
Sayadiyah Rice KBR-384 ONEGO V3,artifacts\recipe-upload-source\MENU\MENU\Rice\Sayadiyah Rice.100 pax.docx,Onion,6.0,kg,item_code,DRY ONION (LOCAL),Review fuzzy name match
Sayadiyah Rice KBR-384 ONEGO V3,artifacts\recipe-upload-source\MENU\MENU\Rice\Sayadiyah Rice.100 pax.docx,Tomatoes,3.0,kg,item_code,TAFGA LUNA TOMATO PASTE 24/400G,Review fuzzy name match
Sayadiyah Rice KBR-384 ONEGO V3,artifacts\recipe-upload-source\MENU\MENU\Rice\Sayadiyah Rice.100 pax.docx,Tomato paste,800.0,g,item_code,TAFGA LUNA TOMATO PASTE 24/400G,Review fuzzy name match
Sayadiyah Rice KBR-384 ONEGO V3,artifacts\recipe-upload-source\MENU\MENU\Rice\Sayadiyah Rice.100 pax.docx,Garlic,400.0,g,item_code,EASTERN GARLIC POWDER 24/200G,Review fuzzy name match
Sayadiyah Rice KBR-384 ONEGO V3,artifacts\recipe-upload-source\MENU\MENU\Rice\Sayadiyah Rice.100 pax.docx,Ginger paste,300.0,g,item_code,GINGER (CHINA),Review fuzzy name match
Sayadiyah Rice KBR-384 ONEGO V3,artifacts\recipe-upload-source\MENU\MENU\Rice\Sayadiyah Rice.100 pax.docx,Sayadiyah spice mix,300.0,g,item_code,EASTERN KABSA SPICE MIX 24/200G,Review fuzzy name match
Sayadiyah Rice KBR-384 ONEGO V3,artifacts\recipe-upload-source\MENU\MENU\Rice\Sayadiyah Rice.100 pax.docx,Ground cumin,120.0,g,item_code,SHAN CUMIN POWDER 10/1KG,Review fuzzy name match
Sayadiyah Rice KBR-384 ONEGO V3,artifacts\recipe-upload-source\MENU\MENU\Rice\Sayadiyah Rice.100 pax.docx,Ground coriander,120.0,g,item_code,SHAN CORIANDER POWDER  10/1KG,Review fuzzy name match
Sayadiyah Rice KBR-384 ONEGO V3,artifacts\recipe-upload-source\MENU\MENU\Rice\Sayadiyah Rice.100 pax.docx,Turmeric,60.0,g,item_code,SHAN TURMERIC POWDER  10/1KG,Review fuzzy name match
Sayadiyah Rice KBR-384 ONEGO V3,artifacts\recipe-upload-source\MENU\MENU\Rice\Sayadiyah Rice.100 pax.docx,Black pepper,70.0,g,item_code,A-TAFGA FRESHLY PEPPER BLACK PWDR 6/16Z,Review fuzzy name match
Sayadiyah Rice KBR-384 ONEGO V3,artifacts\recipe-upload-source\MENU\MENU\Rice\Sayadiyah Rice.100 pax.docx,Cinnamon sticks,80.0,g,item_code,NIAZ CINNAMON STICK 1/1KG,Review fuzzy name match
Sayadiyah Rice KBR-384 ONEGO V3,artifacts\recipe-upload-source\MENU\MENU\Rice\Sayadiyah Rice.100 pax.docx,Cardamom pods,40.0,g,item_code,NIAZ CARDAMON 1/1KG,Review fuzzy name match
Sayadiyah Rice KBR-384 ONEGO V3,artifacts\recipe-upload-source\MENU\MENU\Rice\Sayadiyah Rice.100 pax.docx,Cloves,20.0,g,item_code,NIAZ CLOVE WHOLE 1/1KG,Review fuzzy name match
Sayadiyah Rice KBR-384 ONEGO V3,artifacts\recipe-upload-source\MENU\MENU\Rice\Sayadiyah Rice.100 pax.docx,Salt,750.0,g,item_code,AL MARAI BUTTER UNSALT 4/100/10G,Review fuzzy name match
Sayadiyah Rice KBR-384 ONEGO V3,artifacts\recipe-upload-source\MENU\MENU\Rice\Sayadiyah Rice.100 pax.docx,Vegetable oil,2.0,l,item_code,TAFGA DALAL COOKING OIL-(SAUDI) 1/18LTR,Review fuzzy name match
Sayadiyah Rice KBR-384 ONEGO V3,artifacts\recipe-upload-source\MENU\MENU\Rice\Sayadiyah Rice.100 pax.docx,Water or fish stock,22.0,l,item_code,(TAFGA) NOVA WATER 24/0.55-0.6LTR,Review fuzzy name match
Sayadiyah Rice KBR-384 ONEGO V3,artifacts\recipe-upload-source\MENU\MENU\Rice\Sayadiyah Rice.100 pax.docx,Fried onions,2.0,kg,item_code,DRY ONION (LOCAL),Review fuzzy name match
Sayadiyah Rice KBR-384 ONEGO V3,artifacts\recipe-upload-source\MENU\MENU\Rice\Sayadiyah Rice.100 pax.docx,Toasted nuts,1.5,kg,item_code,A- SPIXA ALMONDS 1/1KG,Review fuzzy name match
Sayadiyah Rice KBR-384 ONEGO V3,artifacts\recipe-upload-source\MENU\MENU\Rice\Sayadiyah Rice.100 pax.docx,Fresh herbs,500.0,g,item_code,CORIANDER LEAVES (BDL),Review fuzzy name match
Vegetable Rice KBR-384 ONEGO V3,artifacts\recipe-upload-source\MENU\MENU\Rice\Vegetable Rice.100 pax.docx,Basmati Rice,20000.0,g,item_code,NIAZ BASMATI EXTRA LONG GRAIN XXL 1/40KG,Review fuzzy name match
Vegetable Rice KBR-384 ONEGO V3,artifacts\recipe-upload-source\MENU\MENU\Rice\Vegetable Rice.100 pax.docx,Mixed Vegetables,15000.0,g,item_code,A-TOMEX VEG MIXED VEG 4/2.5KG,Review fuzzy name match
Vegetable Rice KBR-384 ONEGO V3,artifacts\recipe-upload-source\MENU\MENU\Rice\Vegetable Rice.100 pax.docx,Onion,3000.0,g,item_code,DRY ONION (LOCAL),Review fuzzy name match
Vegetable Rice KBR-384 ONEGO V3,artifacts\recipe-upload-source\MENU\MENU\Rice\Vegetable Rice.100 pax.docx,Garlic,500.0,g,item_code,EASTERN GARLIC POWDER 24/200G,Review fuzzy name match
Vegetable Rice KBR-384 ONEGO V3,artifacts\recipe-upload-source\MENU\MENU\Rice\Vegetable Rice.100 pax.docx,Ginger,500.0,g,item_code,GINGER (CHINA),Review fuzzy name match
Vegetable Rice KBR-384 ONEGO V3,artifacts\recipe-upload-source\MENU\MENU\Rice\Vegetable Rice.100 pax.docx,Vegetable Oil / Ghee,1500.0,ml,item_code,ALMARAI BUTTER GHEE 6/1600G,Review fuzzy name match
Vegetable Rice KBR-384 ONEGO V3,artifacts\recipe-upload-source\MENU\MENU\Rice\Vegetable Rice.100 pax.docx,Salt,300.0,g,item_code,AL MARAI BUTTER UNSALT 4/100/10G,Review fuzzy name match
Vegetable Rice KBR-384 ONEGO V3,artifacts\recipe-upload-source\MENU\MENU\Rice\Vegetable Rice.100 pax.docx,Black Pepper,50.0,g,item_code,A-TAFGA FRESHLY PEPPER BLACK PWDR 6/16Z,Review fuzzy name match
Vegetable Rice KBR-384 ONEGO V3,artifacts\recipe-upload-source\MENU\MENU\Rice\Vegetable Rice.100 pax.docx,Cumin Seeds,50.0,g,item_code,SHAN CUMIN WHOLE  10/1KG,Review fuzzy name match
Vegetable Rice KBR-384 ONEGO V3,artifacts\recipe-upload-source\MENU\MENU\Rice\Vegetable Rice.100 pax.docx,Bay Leaves,10.0,pieces,item_code,TFG NIAZ BAY LEAVES 1/1KG,Review fuzzy name match
Vegetable Rice KBR-384 ONEGO V3,artifacts\recipe-upload-source\MENU\MENU\Rice\Vegetable Rice.100 pax.docx,Turmeric Powder,50.0,g,item_code,SHAN TURMERIC POWDER  10/1KG,Review fuzzy name match
Vegetable Rice KBR-384 ONEGO V3,artifacts\recipe-upload-source\MENU\MENU\Rice\Vegetable Rice.100 pax.docx,Coriander Powder,50.0,g,item_code,SHAN CORIANDER POWDER  10/1KG,Review fuzzy name match
Vegetable Rice KBR-384 ONEGO V3,artifacts\recipe-upload-source\MENU\MENU\Rice\Vegetable Rice.100 pax.docx,Water,30000.0,ml,item_code,(TAFGA) NOVA WATER 24/0.55-0.6LTR,Review fuzzy name match
Vegetable Rice KBR-384 ONEGO V3,artifacts\recipe-upload-source\MENU\MENU\Rice\Vegetable Rice.100 pax.docx,Fresh Coriander,500.0,g,item_code,SHAN CORIANDER POWDER  10/1KG,Review fuzzy name match
Vermicelli Rice KBR-384 ONEGO V3,artifacts\recipe-upload-source\MENU\MENU\Rice\Vermicelli Rice.docx,Long-Grain Rice,9.1,kg,item_code,AAA WHITE THAI RICE  1/40KG,Review fuzzy name match
Vermicelli Rice KBR-384 ONEGO V3,artifacts\recipe-upload-source\MENU\MENU\Rice\Vermicelli Rice.docx,Vermicelli Pasta Noodles,1.6,kg,item_code,TAFGA GOODY VERMICELLI CUT 24/500G,Review fuzzy name match
Vermicelli Rice KBR-384 ONEGO V3,artifacts\recipe-upload-source\MENU\MENU\Rice\Vermicelli Rice.docx,Vegetable Oil or Ghee,950.0,ml,item_code,ALMARAI BUTTER GHEE 6/1600G,Review fuzzy name match
Vermicelli Rice KBR-384 ONEGO V3,artifacts\recipe-upload-source\MENU\MENU\Rice\Vermicelli Rice.docx,Boiling Water / Hot Clear Stock,18.0,l,item_code,(TAFGA) NOVA WATER 24/0.55-0.6LTR,Review fuzzy name match
Vermicelli Rice KBR-384 ONEGO V3,artifacts\recipe-upload-source\MENU\MENU\Rice\Vermicelli Rice.docx,Fine Iodized Salt,95.0,g,item_code,TAFGA REHAN SALT IODIZED 24/700G,Review fuzzy name match
White Rice KBR-384 ONEGO V3,artifacts\recipe-upload-source\MENU\MENU\Rice\White Rice Recipe.100 pax.docx,White rice,10.0,kg,item_code,AAA WHITE THAI RICE  1/40KG,Review fuzzy name match
White Rice KBR-384 ONEGO V3,artifacts\recipe-upload-source\MENU\MENU\Rice\White Rice Recipe.100 pax.docx,Water,20.0,l,item_code,(TAFGA) NOVA WATER 24/0.55-0.6LTR,Review fuzzy name match
White Rice KBR-384 ONEGO V3,artifacts\recipe-upload-source\MENU\MENU\Rice\White Rice Recipe.100 pax.docx,Salt,200.0,g,item_code,AL MARAI BUTTER UNSALT 4/100/10G,Review fuzzy name match
White Rice KBR-384 ONEGO V3,artifacts\recipe-upload-source\MENU\MENU\Rice\White Rice Recipe.100 pax.docx,Vegetable oil or butter,200.0,g,item_code,AL MARAI BUTTER UNSALT 4/100/10G,Review fuzzy name match
Yellow Rice KBR-384 ONEGO V3,artifacts\recipe-upload-source\MENU\MENU\Rice\Yellow Rice .docx,Premium Long-Grain Basmati Rice,7.5,kg,item_code,NIAZ BASMATI EXTRA LONG GRAIN XXL 1/40KG,Review fuzzy name match
Yellow Rice KBR-384 ONEGO V3,artifacts\recipe-upload-source\MENU\MENU\Rice\Yellow Rice .docx,Hot Water or Vegetable Stock,13.0,l,item_code,(TAFGA) NOVA WATER 24/0.55-0.6LTR,Review fuzzy name match
Yellow Rice KBR-384 ONEGO V3,artifacts\recipe-upload-source\MENU\MENU\Rice\Yellow Rice .docx,Vegetable Oil or Pure Ghee,1.0,l,item_code,ALMARAI BUTTER GHEE 6/1600G,Review fuzzy name match
Yellow Rice KBR-384 ONEGO V3,artifacts\recipe-upload-source\MENU\MENU\Rice\Yellow Rice .docx,Yellow Onions,3.5,kg,item_code,DRY ONION (LOCAL),Review fuzzy name match
Yellow Rice KBR-384 ONEGO V3,artifacts\recipe-upload-source\MENU\MENU\Rice\Yellow Rice .docx,Fresh Carrots,2.5,kg,item_code,CARROT (AUSTALIA/CHINA),Review fuzzy name match
Yellow Rice KBR-384 ONEGO V3,artifacts\recipe-upload-source\MENU\MENU\Rice\Yellow Rice .docx,Fresh Red Tomatoes,2.0,kg,item_code,TOMATO (ADY),Review fuzzy name match
Yellow Rice KBR-384 ONEGO V3,artifacts\recipe-upload-source\MENU\MENU\Rice\Yellow Rice .docx,Tomato Paste / Concentrate,400.0,g,item_code,TAFGA LUNA TOMATO PASTE 24/400G,Review fuzzy name match
Yellow Rice KBR-384 ONEGO V3,artifacts\recipe-upload-source\MENU\MENU\Rice\Yellow Rice .docx,Fresh Ginger Paste,250.0,g,item_code,GINGER (CHINA),Review fuzzy name match
Yellow Rice KBR-384 ONEGO V3,artifacts\recipe-upload-source\MENU\MENU\Rice\Yellow Rice .docx,Fresh Garlic Paste,250.0,g,item_code,GARLIC  (CHINA),Review fuzzy name match
Yellow Rice KBR-384 ONEGO V3,artifacts\recipe-upload-source\MENU\MENU\Rice\Yellow Rice .docx,Green Chilies,25.0,pieces,item_code,GREEN CHILLI (INDIAN),Review fuzzy name match
Yellow Rice KBR-384 ONEGO V3,artifacts\recipe-upload-source\MENU\MENU\Rice\Yellow Rice .docx,Black Dried Limes,15.0,pieces,item_code,TFG NIAZ LEMON DRY 1/1KG,Review fuzzy name match
Yellow Rice KBR-384 ONEGO V3,artifacts\recipe-upload-source\MENU\MENU\Rice\Yellow Rice .docx,Whole Cinnamon Sticks,15.0,pieces,item_code,NIAZ CINNAMON STICK 1/1KG,Review fuzzy name match
Yellow Rice KBR-384 ONEGO V3,artifacts\recipe-upload-source\MENU\MENU\Rice\Yellow Rice .docx,Dried Bay Leaves,25.0,pieces,item_code,TFG NIAZ BAY LEAVES 1/1KG,Review fuzzy name match
Yellow Rice KBR-384 ONEGO V3,artifacts\recipe-upload-source\MENU\MENU\Rice\Yellow Rice .docx,Whole Green Cardamom Pods,40.0,pieces,item_code,NIAZ CARDAMON 1/1KG,Review fuzzy name match
Yellow Rice KBR-384 ONEGO V3,artifacts\recipe-upload-source\MENU\MENU\Rice\Yellow Rice .docx,Whole Cloves,40.0,pieces,item_code,NIAZ CLOVE WHOLE 1/1KG,Review fuzzy name match
Yellow Rice KBR-384 ONEGO V3,artifacts\recipe-upload-source\MENU\MENU\Rice\Yellow Rice .docx,Turmeric Powder,90.0,ml,item_code,SHAN TURMERIC POWDER  10/1KG,Review fuzzy name match
Yellow Rice KBR-384 ONEGO V3,artifacts\recipe-upload-source\MENU\MENU\Rice\Yellow Rice .docx,Ground Cumin,75.0,ml,item_code,SHAN CUMIN POWDER 10/1KG,Review fuzzy name match
Yellow Rice KBR-384 ONEGO V3,artifacts\recipe-upload-source\MENU\MENU\Rice\Yellow Rice .docx,Ground Coriander,75.0,ml,item_code,SHAN CORIANDER POWDER  10/1KG,Review fuzzy name match
Yellow Rice KBR-384 ONEGO V3,artifacts\recipe-upload-source\MENU\MENU\Rice\Yellow Rice .docx,Black Pepper Powder,75.0,ml,item_code,A-TAFGA FRESHLY PEPPER BLACK PWDR 6/16Z,Review fuzzy name match
Yellow Rice KBR-384 ONEGO V3,artifacts\recipe-upload-source\MENU\MENU\Rice\Yellow Rice .docx,Fine Table Salt,240.0,ml,item_code,TAFGA REHAN SALT IODIZED 24/700G,Review fuzzy name match
Yellow Rice KBR-384 ONEGO V3,artifacts\recipe-upload-source\MENU\MENU\Rice\Yellow Rice .docx,Saffron Threads,60.0,ml,unmatched,,Confirm ingredient master item_code/id before production costing
Yellow Rice KBR-384 ONEGO V3,artifacts\recipe-upload-source\MENU\MENU\Rice\Yellow Rice .docx,Slivered Almonds,500.0,g,item_code,A- SPIXA ALMONDS 1/1KG,Review fuzzy name match
Yellow Rice KBR-384 ONEGO V3,artifacts\recipe-upload-source\MENU\MENU\Rice\Yellow Rice .docx,Golden Raisins,500.0,g,item_code,A-5 DIAMOND RAISIN 1/10KG,Review fuzzy name match
Zarda Rice KBR-384 ONEGO V3,artifacts\recipe-upload-source\MENU\MENU\Rice\Zarda Rice Recipe.100 PAX.docx,Basmati rice,4.0,kg,item_code,NIAZ BASMATI EXTRA LONG GRAIN XXL 1/40KG,Review fuzzy name match
Zarda Rice KBR-384 ONEGO V3,artifacts\recipe-upload-source\MENU\MENU\Rice\Zarda Rice Recipe.100 PAX.docx,Sugar,5.0,kg,item_code,AL OSRA SUGAR FINE 10/2KG,Review fuzzy name match
Zarda Rice KBR-384 ONEGO V3,artifacts\recipe-upload-source\MENU\MENU\Rice\Zarda Rice Recipe.100 PAX.docx,Ghee,1.5,kg,item_code,ALMARAI BUTTER GHEE 6/1600G,Review fuzzy name match
Zarda Rice KBR-384 ONEGO V3,artifacts\recipe-upload-source\MENU\MENU\Rice\Zarda Rice Recipe.100 PAX.docx,Water,8.0,l,item_code,(TAFGA) NOVA WATER 24/0.55-0.6LTR,Review fuzzy name match
Zarda Rice KBR-384 ONEGO V3,artifacts\recipe-upload-source\MENU\MENU\Rice\Zarda Rice Recipe.100 PAX.docx,Yellow/orange food color,5.0,g,item_code,ORANGE (AFRICAN/EGYPT) NAVEL (CLASS A),Review fuzzy name match
Zarda Rice KBR-384 ONEGO V3,artifacts\recipe-upload-source\MENU\MENU\Rice\Zarda Rice Recipe.100 PAX.docx,Saffron,5.0,g,unmatched,,Confirm ingredient master item_code/id before production costing
Zarda Rice KBR-384 ONEGO V3,artifacts\recipe-upload-source\MENU\MENU\Rice\Zarda Rice Recipe.100 PAX.docx,Green cardamom,50.0,g,item_code,NIAZ CARDAMON 1/1KG,Review fuzzy name match
Zarda Rice KBR-384 ONEGO V3,artifacts\recipe-upload-source\MENU\MENU\Rice\Zarda Rice Recipe.100 PAX.docx,Cloves,20.0,g,item_code,NIAZ CLOVE WHOLE 1/1KG,Review fuzzy name match
Zarda Rice KBR-384 ONEGO V3,artifacts\recipe-upload-source\MENU\MENU\Rice\Zarda Rice Recipe.100 PAX.docx,Cinnamon sticks,30.0,g,item_code,NIAZ CINNAMON STICK 1/1KG,Review fuzzy name match
Zarda Rice KBR-384 ONEGO V3,artifacts\recipe-upload-source\MENU\MENU\Rice\Zarda Rice Recipe.100 PAX.docx,Raisins,500.0,g,item_code,A-5 DIAMOND RAISIN 1/10KG,Review fuzzy name match
Zarda Rice KBR-384 ONEGO V3,artifacts\recipe-upload-source\MENU\MENU\Rice\Zarda Rice Recipe.100 PAX.docx,Almonds,700.0,g,item_code,A- SPIXA ALMONDS 1/1KG,Review fuzzy name match
Zarda Rice KBR-384 ONEGO V3,artifacts\recipe-upload-source\MENU\MENU\Rice\Zarda Rice Recipe.100 PAX.docx,Cashew nuts,700.0,g,item_code,A- SPIXA CASHEW NUTS 1/1KG,Review fuzzy name match
Zarda Rice KBR-384 ONEGO V3,artifacts\recipe-upload-source\MENU\MENU\Rice\Zarda Rice Recipe.100 PAX.docx,Khoya,1.0,kg,unmatched,,Confirm ingredient master item_code/id before production costing
Zarda Rice KBR-384 ONEGO V3,artifacts\recipe-upload-source\MENU\MENU\Rice\Zarda Rice Recipe.100 PAX.docx,Rose water / Kewra water,50.0,ml,item_code,(TAFGA) NOVA WATER 24/0.55-0.6LTR,Review fuzzy name match
Chana Chat KBR-384 ONEGO V3,artifacts\recipe-upload-source\MENU\MENU\Salad\Chana Chat 100 pax .docx,Dried white chickpeas,4.5,kg,item_code,A-TOMEX GREEN PEAS 4/2.5KG,Review fuzzy name match
Chana Chat KBR-384 ONEGO V3,artifacts\recipe-upload-source\MENU\MENU\Salad\Chana Chat 100 pax .docx,Baking soda,45.0,ml,contains,A-TAFGA ORIENT GARDEN BAKING SODA 12/12Z,Review fuzzy name match
Chana Chat KBR-384 ONEGO V3,artifacts\recipe-upload-source\MENU\MENU\Salad\Chana Chat 100 pax .docx,Potatoes,3.0,kg,item_code,POTATO (LOCAL),Review fuzzy name match
Chana Chat KBR-384 ONEGO V3,artifacts\recipe-upload-source\MENU\MENU\Salad\Chana Chat 100 pax .docx,Salt,80.0,g,item_code,AL MARAI BUTTER UNSALT 4/100/10G,Review fuzzy name match
Chana Chat KBR-384 ONEGO V3,artifacts\recipe-upload-source\MENU\MENU\Salad\Chana Chat 100 pax .docx,Red onions,1.5,kg,item_code,DRY ONION (LOCAL),Review fuzzy name match
Chana Chat KBR-384 ONEGO V3,artifacts\recipe-upload-source\MENU\MENU\Salad\Chana Chat 100 pax .docx,Firm red tomatoes,2.0,kg,item_code,TOMATO (ADY),Review fuzzy name match
Chana Chat KBR-384 ONEGO V3,artifacts\recipe-upload-source\MENU\MENU\Salad\Chana Chat 100 pax .docx,Fresh green chilies,150.0,g,item_code,GREEN CHILLI (INDIAN),Review fuzzy name match
Chana Chat KBR-384 ONEGO V3,artifacts\recipe-upload-source\MENU\MENU\Salad\Chana Chat 100 pax .docx,Fresh mint leaves,200.0,g,item_code,MINT (BDL),Review fuzzy name match
Chana Chat KBR-384 ONEGO V3,artifacts\recipe-upload-source\MENU\MENU\Salad\Chana Chat 100 pax .docx,Fresh coriander/cilantro,400.0,g,item_code,CORIANDER LEAVES (BDL),Review fuzzy name match
Chana Chat KBR-384 ONEGO V3,artifacts\recipe-upload-source\MENU\MENU\Salad\Chana Chat 100 pax .docx,Commercial Chaat Masala powder,200.0,g,item_code,MAA CHAAT MASALA TUB 6/750G,Review fuzzy name match
Chana Chat KBR-384 ONEGO V3,artifacts\recipe-upload-source\MENU\MENU\Salad\Chana Chat 100 pax .docx,Roasted cumin seeds,100.0,g,item_code,SHAN CUMIN WHOLE  10/1KG,Review fuzzy name match
Chana Chat KBR-384 ONEGO V3,artifacts\recipe-upload-source\MENU\MENU\Salad\Chana Chat 100 pax .docx,Black salt,40.0,g,item_code,TAFGA REHAN SALT IODIZED 24/700G,Review fuzzy name match
Chana Chat KBR-384 ONEGO V3,artifacts\recipe-upload-source\MENU\MENU\Salad\Chana Chat 100 pax .docx,Kashmiri red chili powder,50.0,g,item_code,SHAN RED CHILLI POWDER 10/1KG,Review fuzzy name match
Chana Chat KBR-384 ONEGO V3,artifacts\recipe-upload-source\MENU\MENU\Salad\Chana Chat 100 pax .docx,Fresh lemon juice,750.0,ml,item_code,TFG MOONATY LEMON JUICE 12/1LTR,Review fuzzy name match
Chana Chat KBR-384 ONEGO V3,artifacts\recipe-upload-source\MENU\MENU\Salad\Chana Chat 100 pax .docx,Tamarind chutney,1.5,l,unmatched,,Confirm ingredient master item_code/id before production costing
Chana Chat KBR-384 ONEGO V3,artifacts\recipe-upload-source\MENU\MENU\Salad\Chana Chat 100 pax .docx,Mint-Coriander chutney,1.0,l,item_code,CORIANDER LEAVES (BDL),Review fuzzy name match
Chana Chat KBR-384 ONEGO V3,artifacts\recipe-upload-source\MENU\MENU\Salad\Chana Chat 100 pax .docx,Fine Sev,600.0,g,unmatched,,Confirm ingredient master item_code/id before production costing
Chana Chat KBR-384 ONEGO V3,artifacts\recipe-upload-source\MENU\MENU\Salad\Chana Chat 100 pax .docx,Papdi,1.0,kg,unmatched,,Confirm ingredient master item_code/id before production costing
Green Chutney KBR-384 ONEGO V3,artifacts\recipe-upload-source\MENU\MENU\Salad\Green Chutney.100 pax.docx,Fresh mint leaves,2.5,kg,item_code,MINT (BDL),Review fuzzy name match
Green Chutney KBR-384 ONEGO V3,artifacts\recipe-upload-source\MENU\MENU\Salad\Green Chutney.100 pax.docx,Fresh coriander leaves,1.5,kg,item_code,CORIANDER LEAVES (BDL),Review fuzzy name match
Green Chutney KBR-384 ONEGO V3,artifacts\recipe-upload-source\MENU\MENU\Salad\Green Chutney.100 pax.docx,Green chillies,400.0,g,item_code,GREEN CHILLI (INDIAN),Review fuzzy name match
Green Chutney KBR-384 ONEGO V3,artifacts\recipe-upload-source\MENU\MENU\Salad\Green Chutney.100 pax.docx,Plain yogurt,2.0,kg,item_code,ALMARAI LABNEH FF 1/2.75KG,Review fuzzy name match
Green Chutney KBR-384 ONEGO V3,artifacts\recipe-upload-source\MENU\MENU\Salad\Green Chutney.100 pax.docx,Lemon juice,300.0,ml,item_code,TFG MOONATY LEMON JUICE 12/1LTR,Review fuzzy name match
Green Chutney KBR-384 ONEGO V3,artifacts\recipe-upload-source\MENU\MENU\Salad\Green Chutney.100 pax.docx,Garlic,200.0,g,item_code,EASTERN GARLIC POWDER 24/200G,Review fuzzy name match
Green Chutney KBR-384 ONEGO V3,artifacts\recipe-upload-source\MENU\MENU\Salad\Green Chutney.100 pax.docx,Ginger,200.0,g,item_code,GINGER (CHINA),Review fuzzy name match
Green Chutney KBR-384 ONEGO V3,artifacts\recipe-upload-source\MENU\MENU\Salad\Green Chutney.100 pax.docx,Salt,120.0,g,item_code,AL MARAI BUTTER UNSALT 4/100/10G,Review fuzzy name match
Green Chutney KBR-384 ONEGO V3,artifacts\recipe-upload-source\MENU\MENU\Salad\Green Chutney.100 pax.docx,Roasted cumin powder,80.0,g,item_code,SHAN CUMIN POWDER 10/1KG,Review fuzzy name match
Green Chutney KBR-384 ONEGO V3,artifacts\recipe-upload-source\MENU\MENU\Salad\Green Chutney.100 pax.docx,Water,500.0,ml,item_code,(TAFGA) NOVA WATER 24/0.55-0.6LTR,Review fuzzy name match
Green Salad Mix KBR-384 ONEGO V3,artifacts\recipe-upload-source\MENU\MENU\Salad\Green Salad Mix.100 pax.docx,Iceberg Lettuce,6.0,kg,item_code,LETTUCE (LOCAL),Review fuzzy name match
Green Salad Mix KBR-384 ONEGO V3,artifacts\recipe-upload-source\MENU\MENU\Salad\Green Salad Mix.100 pax.docx,Romaine Lettuce,3.0,kg,item_code,LETTUCE (LOCAL),Review fuzzy name match
Green Salad Mix KBR-384 ONEGO V3,artifacts\recipe-upload-source\MENU\MENU\Salad\Green Salad Mix.100 pax.docx,Tomato,2.5,kg,item_code,TAFGA LUNA TOMATO PASTE 24/400G,Review fuzzy name match
Green Salad Mix KBR-384 ONEGO V3,artifacts\recipe-upload-source\MENU\MENU\Salad\Green Salad Mix.100 pax.docx,Cucumber,2.5,kg,item_code,CUCUMBER (ADY),Review fuzzy name match
Green Salad Mix KBR-384 ONEGO V3,artifacts\recipe-upload-source\MENU\MENU\Salad\Green Salad Mix.100 pax.docx,Carrot,1.0,kg,item_code,CARROT (AUSTALIA/CHINA),Review fuzzy name match
Green Salad Mix KBR-384 ONEGO V3,artifacts\recipe-upload-source\MENU\MENU\Salad\Green Salad Mix.100 pax.docx,Olive Oil,1.5,l,item_code,TAFGA OLIVE OIL 12/500ML,Review fuzzy name match
Green Salad Mix KBR-384 ONEGO V3,artifacts\recipe-upload-source\MENU\MENU\Salad\Green Salad Mix.100 pax.docx,Lemon Juice / Vinegar,750.0,ml,item_code,TFG MOONATY LEMON JUICE 12/1LTR,Review fuzzy name match
Green Salad Mix KBR-384 ONEGO V3,artifacts\recipe-upload-source\MENU\MENU\Salad\Green Salad Mix.100 pax.docx,Salt,120.0,g,item_code,AL MARAI BUTTER UNSALT 4/100/10G,Review fuzzy name match
Green Salad Mix KBR-384 ONEGO V3,artifacts\recipe-upload-source\MENU\MENU\Salad\Green Salad Mix.100 pax.docx,Black Pepper,40.0,g,item_code,A-TAFGA FRESHLY PEPPER BLACK PWDR 6/16Z,Review fuzzy name match
Hummus for KBR-384 ONEGO V3,artifacts\recipe-upload-source\MENU\MENU\Salad\Hummus for 100 pax .docx,Dried chickpeas,3.5,kg,item_code,A-TOMEX GREEN PEAS 4/2.5KG,Review fuzzy name match
Hummus for KBR-384 ONEGO V3,artifacts\recipe-upload-source\MENU\MENU\Salad\Hummus for 100 pax .docx,Baking soda,60.0,ml,contains,A-TAFGA ORIENT GARDEN BAKING SODA 12/12Z,Review fuzzy name match
Hummus for KBR-384 ONEGO V3,artifacts\recipe-upload-source\MENU\MENU\Salad\Hummus for 100 pax .docx,Tahini,1.8,kg,item_code,TAFGA LIQ TAHINA 12/1KG,Review fuzzy name match
Hummus for KBR-384 ONEGO V3,artifacts\recipe-upload-source\MENU\MENU\Salad\Hummus for 100 pax .docx,Fresh lemon juice,1.2,l,item_code,TFG MOONATY LEMON JUICE 12/1LTR,Review fuzzy name match
Hummus for KBR-384 ONEGO V3,artifacts\recipe-upload-source\MENU\MENU\Salad\Hummus for 100 pax .docx,Garlic cloves,250.0,g,item_code,GARLIC  (CHINA),Review fuzzy name match
Hummus for KBR-384 ONEGO V3,artifacts\recipe-upload-source\MENU\MENU\Salad\Hummus for 100 pax .docx,Ice-cold water,1.0,l,item_code,(TAFGA) NOVA WATER 24/0.55-0.6LTR,Review fuzzy name match
Hummus for KBR-384 ONEGO V3,artifacts\recipe-upload-source\MENU\MENU\Salad\Hummus for 100 pax .docx,Fine sea salt,120.0,g,item_code,TAFGA REHAN SALT IODIZED 24/700G,Review fuzzy name match
Hummus for KBR-384 ONEGO V3,artifacts\recipe-upload-source\MENU\MENU\Salad\Hummus for 100 pax .docx,Ground cumin,45.0,ml,item_code,SHAN CUMIN POWDER 10/1KG,Review fuzzy name match
Hummus for KBR-384 ONEGO V3,artifacts\recipe-upload-source\MENU\MENU\Salad\Hummus for 100 pax .docx,Extra virgin olive oil,750.0,ml,item_code,TAFGA OLIVE OIL 12/500ML,Review fuzzy name match
Hummus for KBR-384 ONEGO V3,artifacts\recipe-upload-source\MENU\MENU\Salad\Hummus for 100 pax .docx,Whole cooked chickpeas,500.0,g,item_code,A-TOMEX GREEN PEAS 4/2.5KG,Review fuzzy name match
Hummus for KBR-384 ONEGO V3,artifacts\recipe-upload-source\MENU\MENU\Salad\Hummus for 100 pax .docx,Paprika or Sumac,50.0,g,item_code,A-ALMANAKIL SUMAC NO.1 1/KG,Review fuzzy name match
Raita KBR-384 ONEGO V3,artifacts\recipe-upload-source\MENU\MENU\Salad\Raita 100 pax .docx,Plain whole-milk yogurt,5.5,kg,item_code,AL MARAI UHT MILF FF 12/1LTR,Review fuzzy name match
Raita KBR-384 ONEGO V3,artifacts\recipe-upload-source\MENU\MENU\Salad\Raita 100 pax .docx,Chilled water or Milk,500.0,ml,item_code,(TAFGA) NOVA WATER 24/0.55-0.6LTR,Review fuzzy name match
Raita KBR-384 ONEGO V3,artifacts\recipe-upload-source\MENU\MENU\Salad\Raita 100 pax .docx,Cucumbers,1.0,kg,item_code,CUCUMBER (ADY),Review fuzzy name match
Raita KBR-384 ONEGO V3,artifacts\recipe-upload-source\MENU\MENU\Salad\Raita 100 pax .docx,Red onions,400.0,g,item_code,DRY ONION (LOCAL),Review fuzzy name match
Raita KBR-384 ONEGO V3,artifacts\recipe-upload-source\MENU\MENU\Salad\Raita 100 pax .docx,Fresh coriander/cilantro leaves,150.0,g,item_code,CORIANDER LEAVES (BDL),Review fuzzy name match
Raita KBR-384 ONEGO V3,artifacts\recipe-upload-source\MENU\MENU\Salad\Raita 100 pax .docx,Fresh mint leaves,100.0,g,item_code,MINT (BDL),Review fuzzy name match
Raita KBR-384 ONEGO V3,artifacts\recipe-upload-source\MENU\MENU\Salad\Raita 100 pax .docx,Roasted cumin powder,50.0,g,item_code,SHAN CUMIN POWDER 10/1KG,Review fuzzy name match
Raita KBR-384 ONEGO V3,artifacts\recipe-upload-source\MENU\MENU\Salad\Raita 100 pax .docx,Black salt,30.0,g,item_code,TAFGA REHAN SALT IODIZED 24/700G,Review fuzzy name match
Raita KBR-384 ONEGO V3,artifacts\recipe-upload-source\MENU\MENU\Salad\Raita 100 pax .docx,White granulated sugar,25.0,g,item_code,AL OSRA SUGAR FINE 10/2KG,Review fuzzy name match
Raita KBR-384 ONEGO V3,artifacts\recipe-upload-source\MENU\MENU\Salad\Raita 100 pax .docx,Fine sea salt,20.0,g,item_code,TAFGA REHAN SALT IODIZED 24/700G,Review fuzzy name match
Raita KBR-384 ONEGO V3,artifacts\recipe-upload-source\MENU\MENU\Salad\Raita 100 pax .docx,Chaats masala,20.0,g,item_code,MAA CHAAT MASALA TUB 6/750G,Review fuzzy name match
Yogurt Cucumber Salad KBR-384 ONEGO V3,artifacts\recipe-upload-source\MENU\MENU\Salad\Yogurt Cucumber Salad.100 pax.docx,Cucumber,10.0,kg,item_code,CUCUMBER (ADY),Review fuzzy name match
Yogurt Cucumber Salad KBR-384 ONEGO V3,artifacts\recipe-upload-source\MENU\MENU\Salad\Yogurt Cucumber Salad.100 pax.docx,Yogurt,5.0,kg,item_code,ALMARAI LABNEH FF 1/2.75KG,Review fuzzy name match
Yogurt Cucumber Salad KBR-384 ONEGO V3,artifacts\recipe-upload-source\MENU\MENU\Salad\Yogurt Cucumber Salad.100 pax.docx,Fresh mint,250.0,g,item_code,MINT (BDL),Review fuzzy name match
Yogurt Cucumber Salad KBR-384 ONEGO V3,artifacts\recipe-upload-source\MENU\MENU\Salad\Yogurt Cucumber Salad.100 pax.docx,Garlic,100.0,g,item_code,EASTERN GARLIC POWDER 24/200G,Review fuzzy name match
Yogurt Cucumber Salad KBR-384 ONEGO V3,artifacts\recipe-upload-source\MENU\MENU\Salad\Yogurt Cucumber Salad.100 pax.docx,Lemon juice,200.0,ml,item_code,TFG MOONATY LEMON JUICE 12/1LTR,Review fuzzy name match
Yogurt Cucumber Salad KBR-384 ONEGO V3,artifacts\recipe-upload-source\MENU\MENU\Salad\Yogurt Cucumber Salad.100 pax.docx,Salt,50.0,g,item_code,AL MARAI BUTTER UNSALT 4/100/10G,Review fuzzy name match
Yogurt Cucumber Salad KBR-384 ONEGO V3,artifacts\recipe-upload-source\MENU\MENU\Salad\Yogurt Cucumber Salad.100 pax.docx,Black pepper,20.0,g,item_code,A-TAFGA FRESHLY PEPPER BLACK PWDR 6/16Z,Review fuzzy name match
Yogurt Cucumber Salad KBR-384 ONEGO V3,artifacts\recipe-upload-source\MENU\MENU\Salad\Yogurt Cucumber Salad.100 pax.docx,Olive oil,200.0,ml,item_code,TAFGA OLIVE OIL 12/500ML,Review fuzzy name match
Lab. a shreen KBR-384 ONEGO V3,artifacts\recipe-upload-source\MENU\MENU\Sweet\Lab. a shreen 100 pax.docx,Full cream milk,12.0,l,item_code,AL MARAI UHT MILF FF 12/1LTR,Review fuzzy name match
Lab. a shreen KBR-384 ONEGO V3,artifacts\recipe-upload-source\MENU\MENU\Sweet\Lab. a shreen 100 pax.docx,Sugar,2.5,kg,item_code,AL OSRA SUGAR FINE 10/2KG,Review fuzzy name match
Lab. a shreen KBR-384 ONEGO V3,artifacts\recipe-upload-source\MENU\MENU\Sweet\Lab. a shreen 100 pax.docx,Mixed fruit cocktail,4.0,kg,item_code,A-TFG FRESHLY FRUIT C/TAIL 6/2.5KG,Review fuzzy name match
Lab. a shreen KBR-384 ONEGO V3,artifacts\recipe-upload-source\MENU\MENU\Sweet\Lab. a shreen 100 pax.docx,Fresh cream,2.0,l,item_code,AL MARAI UHT MILF FF 12/1LTR,Review fuzzy name match
Lab. a shreen KBR-384 ONEGO V3,artifacts\recipe-upload-source\MENU\MENU\Sweet\Lab. a shreen 100 pax.docx,Condensed milk,2.0,kg,item_code,AL MARAI UHT MILF FF 12/1LTR,Review fuzzy name match
Lab. a shreen KBR-384 ONEGO V3,artifacts\recipe-upload-source\MENU\MENU\Sweet\Lab. a shreen 100 pax.docx,Khoya,1.5,kg,unmatched,,Confirm ingredient master item_code/id before production costing
Lab. a shreen KBR-384 ONEGO V3,artifacts\recipe-upload-source\MENU\MENU\Sweet\Lab. a shreen 100 pax.docx,Vermicelli,1.0,kg,item_code,TAFGA GOODY VERMICELLI CUT 24/500G,Review fuzzy name match
Lab. a shreen KBR-384 ONEGO V3,artifacts\recipe-upload-source\MENU\MENU\Sweet\Lab. a shreen 100 pax.docx,Cornflour,300.0,g,item_code,A-FOOM WHITE FLOUR 1/45KG,Review fuzzy name match
Lab. a shreen KBR-384 ONEGO V3,artifacts\recipe-upload-source\MENU\MENU\Sweet\Lab. a shreen 100 pax.docx,Water,500.0,ml,item_code,(TAFGA) NOVA WATER 24/0.55-0.6LTR,Review fuzzy name match
Lab. a shreen KBR-384 ONEGO V3,artifacts\recipe-upload-source\MENU\MENU\Sweet\Lab. a shreen 100 pax.docx,Rose syrup,500.0,ml,unmatched,,Confirm ingredient master item_code/id before production costing
Lab. a shreen KBR-384 ONEGO V3,artifacts\recipe-upload-source\MENU\MENU\Sweet\Lab. a shreen 100 pax.docx,Jelly,2.0,kg,item_code,A-TAFGA REHAN JELLY S/BERRY 4/3KG,Review fuzzy name match
Lab. a shreen KBR-384 ONEGO V3,artifacts\recipe-upload-source\MENU\MENU\Sweet\Lab. a shreen 100 pax.docx,Almonds,300.0,g,item_code,A- SPIXA ALMONDS 1/1KG,Review fuzzy name match
Lab. a shreen KBR-384 ONEGO V3,artifacts\recipe-upload-source\MENU\MENU\Sweet\Lab. a shreen 100 pax.docx,Pistachios,300.0,g,item_code,A- SPIXA PISTACHIO CLEAN 1/1KG,Review fuzzy name match
Lab. a shreen KBR-384 ONEGO V3,artifacts\recipe-upload-source\MENU\MENU\Sweet\Lab. a shreen 100 pax.docx,Chia seeds / Tukmaria,200.0,g,unmatched,,Confirm ingredient master item_code/id before production costing
Lab. a shreen KBR-384 ONEGO V3,artifacts\recipe-upload-source\MENU\MENU\Sweet\Lab. a shreen 100 pax.docx,Cardamom powder,20.0,g,item_code,NIAZ CARDAMON 1/1KG,Review fuzzy name match
Mahalabia KBR-384 ONEGO V3,artifacts\recipe-upload-source\MENU\MENU\Sweet\Mahalabia Recipe.100 pax.docx,Full-fat milk,13.0,l,item_code,AL MARAI UHT MILF FF 12/1LTR,Review fuzzy name match
Mahalabia KBR-384 ONEGO V3,artifacts\recipe-upload-source\MENU\MENU\Sweet\Mahalabia Recipe.100 pax.docx,Sugar,2.5,kg,item_code,AL OSRA SUGAR FINE 10/2KG,Review fuzzy name match
Mahalabia KBR-384 ONEGO V3,artifacts\recipe-upload-source\MENU\MENU\Sweet\Mahalabia Recipe.100 pax.docx,Cornstarch,1.2,kg,contains,A-AL AMC CORN STARCH 1/25KG,Review fuzzy name match
Mahalabia KBR-384 ONEGO V3,artifacts\recipe-upload-source\MENU\MENU\Sweet\Mahalabia Recipe.100 pax.docx,Rose water,150.0,ml,item_code,(TAFGA) NOVA WATER 24/0.55-0.6LTR,Review fuzzy name match
Mahalabia KBR-384 ONEGO V3,artifacts\recipe-upload-source\MENU\MENU\Sweet\Mahalabia Recipe.100 pax.docx,Orange blossom water,100.0,ml,item_code,(TAFGA) NOVA WATER 24/0.55-0.6LTR,Review fuzzy name match
Mahalabia KBR-384 ONEGO V3,artifacts\recipe-upload-source\MENU\MENU\Sweet\Mahalabia Recipe.100 pax.docx,Fresh cream,1.0,l,item_code,AL MARAI UHT MILF FF 12/1LTR,Review fuzzy name match
Mahalabia KBR-384 ONEGO V3,artifacts\recipe-upload-source\MENU\MENU\Sweet\Mahalabia Recipe.100 pax.docx,Crushed pistachios,500.0,g,item_code,A- SPIXA PISTACHIO CLEAN 1/1KG,Review fuzzy name match
Mahalabia KBR-384 ONEGO V3,artifacts\recipe-upload-source\MENU\MENU\Sweet\Mahalabia Recipe.100 pax.docx,Desiccated coconut,300.0,g,item_code,A-ADELCO COCONUT POWDR 1/7KG,Review fuzzy name match
omali KBR-384 ONEGO V3,artifacts\recipe-upload-source\MENU\MENU\Sweet\omali 100 pax.docx,Ready-made plain croissants or baked puff pastry sheets,3.5,kg,item_code,A-TAFGA SB PUFF PASTRY SQUARE 18/400G,Review fuzzy name match
omali KBR-384 ONEGO V3,artifacts\recipe-upload-source\MENU\MENU\Sweet\omali 100 pax.docx,Desiccated shredded coconut,700.0,g,item_code,A-ADELCO COCONUT POWDR 1/7KG,Review fuzzy name match
omali KBR-384 ONEGO V3,artifacts\recipe-upload-source\MENU\MENU\Sweet\omali 100 pax.docx,Sultanas or raisins,600.0,g,item_code,A-5 DIAMOND RAISIN 1/10KG,Review fuzzy name match
omali KBR-384 ONEGO V3,artifacts\recipe-upload-source\MENU\MENU\Sweet\omali 100 pax.docx,Slivered almonds,500.0,g,item_code,A- SPIXA ALMONDS 1/1KG,Review fuzzy name match
omali KBR-384 ONEGO V3,artifacts\recipe-upload-source\MENU\MENU\Sweet\omali 100 pax.docx,Pistachios,400.0,g,item_code,A- SPIXA PISTACHIO CLEAN 1/1KG,Review fuzzy name match
omali KBR-384 ONEGO V3,artifacts\recipe-upload-source\MENU\MENU\Sweet\omali 100 pax.docx,Whole milk,12.0,l,item_code,AL MARAI UHT MILF FF 12/1LTR,Review fuzzy name match
omali KBR-384 ONEGO V3,artifacts\recipe-upload-source\MENU\MENU\Sweet\omali 100 pax.docx,Heavy whipping cream,3.0,l,item_code,TAFGA MARAI COOKING CREAM 12/1LTR,Review fuzzy name match
omali KBR-384 ONEGO V3,artifacts\recipe-upload-source\MENU\MENU\Sweet\omali 100 pax.docx,White granulated sugar,2.2,kg,item_code,AL OSRA SUGAR FINE 10/2KG,Review fuzzy name match
omali KBR-384 ONEGO V3,artifacts\recipe-upload-source\MENU\MENU\Sweet\omali 100 pax.docx,Pure vanilla extract,60.0,ml,item_code,TFGA CUSTARD POWDER 24/450G,Review fuzzy name match
omali KBR-384 ONEGO V3,artifacts\recipe-upload-source\MENU\MENU\Sweet\omali 100 pax.docx,Ground cinnamon,15.0,ml,item_code,NIAZ CINNAMON STICK 1/1KG,Review fuzzy name match
omali KBR-384 ONEGO V3,artifacts\recipe-upload-source\MENU\MENU\Sweet\omali 100 pax.docx,Thick heavy cream,2.0,kg,item_code,TAFGA MARAI COOKING CREAM 12/1LTR,Review fuzzy name match
omali KBR-384 ONEGO V3,artifacts\recipe-upload-source\MENU\MENU\Sweet\omali 100 pax.docx,Powdered sugar,150.0,g,item_code,AL OSRA SUGAR FINE 10/2KG,Review fuzzy name match
omali KBR-384 ONEGO V3,artifacts\recipe-upload-source\MENU\MENU\Sweet\omali 100 pax.docx,Scald the Sweet Milk Mixture,3.0,pieces,item_code,AL MARAI UHT MILF FF 12/1LTR,Review fuzzy name match
Rice pudding KBR-384 ONEGO V3,artifacts\recipe-upload-source\MENU\MENU\Sweet\Rice pudding.docx,Fragrant Jasmine or Short-Grain White Rice,2.2,kg,item_code,AAA WHITE THAI RICE  1/40KG,Review fuzzy name match
Rice pudding KBR-384 ONEGO V3,artifacts\recipe-upload-source\MENU\MENU\Sweet\Rice pudding.docx,Water,4.0,l,item_code,(TAFGA) NOVA WATER 24/0.55-0.6LTR,Review fuzzy name match
Rice pudding KBR-384 ONEGO V3,artifacts\recipe-upload-source\MENU\MENU\Sweet\Rice pudding.docx,Fine sea salt,15.0,g,item_code,TAFGA REHAN SALT IODIZED 24/700G,Review fuzzy name match
Rice pudding KBR-384 ONEGO V3,artifacts\recipe-upload-source\MENU\MENU\Sweet\Rice pudding.docx,Full-fat coconut milk,6.0,l,item_code,AL MARAI UHT MILF FF 12/1LTR,Review fuzzy name match
Rice pudding KBR-384 ONEGO V3,artifacts\recipe-upload-source\MENU\MENU\Sweet\Rice pudding.docx,Whole milk,4.0,l,item_code,AL MARAI UHT MILF FF 12/1LTR,Review fuzzy name match
Rice pudding KBR-384 ONEGO V3,artifacts\recipe-upload-source\MENU\MENU\Sweet\Rice pudding.docx,White granulated sugar,1.8,kg,item_code,AL OSRA SUGAR FINE 10/2KG,Review fuzzy name match
Rice pudding KBR-384 ONEGO V3,artifacts\recipe-upload-source\MENU\MENU\Sweet\Rice pudding.docx,Pure vanilla extract,60.0,ml,item_code,TFGA CUSTARD POWDER 24/450G,Review fuzzy name match
Rice pudding KBR-384 ONEGO V3,artifacts\recipe-upload-source\MENU\MENU\Sweet\Rice pudding.docx,Ground cardamom or Cinnamon sticks,15.0,g,item_code,NIAZ CINNAMON STICK 1/1KG,Review fuzzy name match
Rice pudding KBR-384 ONEGO V3,artifacts\recipe-upload-source\MENU\MENU\Sweet\Rice pudding.docx,Cornstarch,80.0,g,contains,A-AL AMC CORN STARCH 1/25KG,Review fuzzy name match
Rice pudding KBR-384 ONEGO V3,artifacts\recipe-upload-source\MENU\MENU\Sweet\Rice pudding.docx,Toasted shredded coconut flakes,400.0,g,item_code,A-ADELCO COCONUT POWDR 1/7KG,Review fuzzy name match
Rice pudding KBR-384 ONEGO V3,artifacts\recipe-upload-source\MENU\MENU\Sweet\Rice pudding.docx,Par-Cook the Rice,4.0,l,item_code,AAA WHITE THAI RICE  1/40KG,Review fuzzy name match
Shahi Tukra KBR-384 ONEGO V3,artifacts\recipe-upload-source\MENU\MENU\Sweet\Shahi Tukra Recipe.100 pax.docx,White bread slices,120.0,pieces,item_code,SLICED BREAD WHITE,Review fuzzy name match
Shahi Tukra KBR-384 ONEGO V3,artifacts\recipe-upload-source\MENU\MENU\Sweet\Shahi Tukra Recipe.100 pax.docx,Ghee,2.5,kg,item_code,ALMARAI BUTTER GHEE 6/1600G,Review fuzzy name match
Shahi Tukra KBR-384 ONEGO V3,artifacts\recipe-upload-source\MENU\MENU\Sweet\Shahi Tukra Recipe.100 pax.docx,Sugar,2.5,kg,item_code,AL OSRA SUGAR FINE 10/2KG,Review fuzzy name match
Shahi Tukra KBR-384 ONEGO V3,artifacts\recipe-upload-source\MENU\MENU\Sweet\Shahi Tukra Recipe.100 pax.docx,Water,2.0,l,item_code,(TAFGA) NOVA WATER 24/0.55-0.6LTR,Review fuzzy name match
Shahi Tukra KBR-384 ONEGO V3,artifacts\recipe-upload-source\MENU\MENU\Sweet\Shahi Tukra Recipe.100 pax.docx,Cardamom powder,15.0,g,item_code,NIAZ CARDAMON 1/1KG,Review fuzzy name match
Shahi Tukra KBR-384 ONEGO V3,artifacts\recipe-upload-source\MENU\MENU\Sweet\Shahi Tukra Recipe.100 pax.docx,Rose water,50.0,ml,item_code,(TAFGA) NOVA WATER 24/0.55-0.6LTR,Review fuzzy name match
Shahi Tukra KBR-384 ONEGO V3,artifacts\recipe-upload-source\MENU\MENU\Sweet\Shahi Tukra Recipe.100 pax.docx,Full cream milk,15.0,l,item_code,AL MARAI UHT MILF FF 12/1LTR,Review fuzzy name match
Shahi Tukra KBR-384 ONEGO V3,artifacts\recipe-upload-source\MENU\MENU\Sweet\Shahi Tukra Recipe.100 pax.docx,Sugar,1.5,kg,item_code,AL OSRA SUGAR FINE 10/2KG,Review fuzzy name match
Shahi Tukra KBR-384 ONEGO V3,artifacts\recipe-upload-source\MENU\MENU\Sweet\Shahi Tukra Recipe.100 pax.docx,Cardamom powder,10.0,g,item_code,NIAZ CARDAMON 1/1KG,Review fuzzy name match
Shahi Tukra KBR-384 ONEGO V3,artifacts\recipe-upload-source\MENU\MENU\Sweet\Shahi Tukra Recipe.100 pax.docx,Saffron,2.0,g,unmatched,,Confirm ingredient master item_code/id before production costing
Shahi Tukra KBR-384 ONEGO V3,artifacts\recipe-upload-source\MENU\MENU\Sweet\Shahi Tukra Recipe.100 pax.docx,Almonds,500.0,g,item_code,A- SPIXA ALMONDS 1/1KG,Review fuzzy name match
Shahi Tukra KBR-384 ONEGO V3,artifacts\recipe-upload-source\MENU\MENU\Sweet\Shahi Tukra Recipe.100 pax.docx,Pistachios,400.0,g,item_code,A- SPIXA PISTACHIO CLEAN 1/1KG,Review fuzzy name match
Standard Catering Sweet KBR-384 ONEGO V3,artifacts\recipe-upload-source\MENU\MENU\Sweet\Standard Catering Sweet 100 pax  .docx,Flavored Gelatin Powder,1.4,kg,unmatched,,Confirm ingredient master item_code/id before production costing
Standard Catering Sweet KBR-384 ONEGO V3,artifacts\recipe-upload-source\MENU\MENU\Sweet\Standard Catering Sweet 100 pax  .docx,Boiling Water,4.5,l,item_code,(TAFGA) NOVA WATER 24/0.55-0.6LTR,Review fuzzy name match
Standard Catering Sweet KBR-384 ONEGO V3,artifacts\recipe-upload-source\MENU\MENU\Sweet\Standard Catering Sweet 100 pax  .docx,Ice-Cold Water,4.5,l,item_code,(TAFGA) NOVA WATER 24/0.55-0.6LTR,Review fuzzy name match
Standard Catering Sweet KBR-384 ONEGO V3,artifacts\recipe-upload-source\MENU\MENU\Sweet\Standard Catering Sweet 100 pax  .docx,White granulated sugar,1.5,kg,item_code,AL OSRA SUGAR FINE 10/2KG,Review fuzzy name match
Standard Catering Sweet KBR-384 ONEGO V3,artifacts\recipe-upload-source\MENU\MENU\Sweet\Standard Catering Sweet 100 pax  .docx,Water,400.0,ml,item_code,(TAFGA) NOVA WATER 24/0.55-0.6LTR,Review fuzzy name match
Standard Catering Sweet KBR-384 ONEGO V3,artifacts\recipe-upload-source\MENU\MENU\Sweet\Standard Catering Sweet 100 pax  .docx,Lemon juice,15.0,ml,item_code,TFG MOONATY LEMON JUICE 12/1LTR,Review fuzzy name match
Standard Catering Sweet KBR-384 ONEGO V3,artifacts\recipe-upload-source\MENU\MENU\Sweet\Standard Catering Sweet 100 pax  .docx,Whole milk,7.5,l,item_code,AL MARAI UHT MILF FF 12/1LTR,Review fuzzy name match
Standard Catering Sweet KBR-384 ONEGO V3,artifacts\recipe-upload-source\MENU\MENU\Sweet\Standard Catering Sweet 100 pax  .docx,Heavy whipping cream,2.0,l,item_code,TAFGA MARAI COOKING CREAM 12/1LTR,Review fuzzy name match
Standard Catering Sweet KBR-384 ONEGO V3,artifacts\recipe-upload-source\MENU\MENU\Sweet\Standard Catering Sweet 100 pax  .docx,White granulated sugar,1.2,kg,item_code,AL OSRA SUGAR FINE 10/2KG,Review fuzzy name match
Standard Catering Sweet KBR-384 ONEGO V3,artifacts\recipe-upload-source\MENU\MENU\Sweet\Standard Catering Sweet 100 pax  .docx,Egg yolks,30.0,pieces,item_code,SAEDCO FRESH EGGS MEDIUM 12/30 CT,Review fuzzy name match
Standard Catering Sweet KBR-384 ONEGO V3,artifacts\recipe-upload-source\MENU\MENU\Sweet\Standard Catering Sweet 100 pax  .docx,Unflavored gelatin powder,120.0,g,unmatched,,Confirm ingredient master item_code/id before production costing
Standard Catering Sweet KBR-384 ONEGO V3,artifacts\recipe-upload-source\MENU\MENU\Sweet\Standard Catering Sweet 100 pax  .docx,Cornstarch,100.0,g,contains,A-AL AMC CORN STARCH 1/25KG,Review fuzzy name match
Standard Catering Sweet KBR-384 ONEGO V3,artifacts\recipe-upload-source\MENU\MENU\Sweet\Standard Catering Sweet 100 pax  .docx,Pure vanilla extract,60.0,ml,item_code,TFGA CUSTARD POWDER 24/450G,Review fuzzy name match
Standard Catering Sweet KBR-384 ONEGO V3,artifacts\recipe-upload-source\MENU\MENU\Sweet\Standard Catering Sweet 100 pax  .docx,Whole milk,8.5,l,item_code,AL MARAI UHT MILF FF 12/1LTR,Review fuzzy name match
Standard Catering Sweet KBR-384 ONEGO V3,artifacts\recipe-upload-source\MENU\MENU\Sweet\Standard Catering Sweet 100 pax  .docx,Heavy cream,1.0,l,item_code,TAFGA MARAI COOKING CREAM 12/1LTR,Review fuzzy name match
Standard Catering Sweet KBR-384 ONEGO V3,artifacts\recipe-upload-source\MENU\MENU\Sweet\Standard Catering Sweet 100 pax  .docx,Custard Powder,500.0,g,item_code,TFGA CUSTARD POWDER 24/450G,Review fuzzy name match
Standard Catering Sweet KBR-384 ONEGO V3,artifacts\recipe-upload-source\MENU\MENU\Sweet\Standard Catering Sweet 100 pax  .docx,Pure vanilla extract,50.0,ml,item_code,TFGA CUSTARD POWDER 24/450G,Review fuzzy name match
Standard Catering Sweet KBR-384 ONEGO V3,artifacts\recipe-upload-source\MENU\MENU\Sweet\Standard Catering Sweet 100 pax  .docx,Unsalted butter,150.0,g,item_code,AL MARAI BUTTER UNSALT 4/100/10G,Review fuzzy name match
Vermicelli with Milk KBR-384 ONEGO V3,artifacts\recipe-upload-source\MENU\MENU\Sweet\Vermicelli with Milk Recipe.100 pax.docx,Vermicelli,2.5,kg,item_code,TAFGA GOODY VERMICELLI CUT 24/500G,Review fuzzy name match
Vermicelli with Milk KBR-384 ONEGO V3,artifacts\recipe-upload-source\MENU\MENU\Sweet\Vermicelli with Milk Recipe.100 pax.docx,Full cream milk,12.0,l,item_code,AL MARAI UHT MILF FF 12/1LTR,Review fuzzy name match
Vermicelli with Milk KBR-384 ONEGO V3,artifacts\recipe-upload-source\MENU\MENU\Sweet\Vermicelli with Milk Recipe.100 pax.docx,Sugar,2.5,kg,item_code,AL OSRA SUGAR FINE 10/2KG,Review fuzzy name match
Vermicelli with Milk KBR-384 ONEGO V3,artifacts\recipe-upload-source\MENU\MENU\Sweet\Vermicelli with Milk Recipe.100 pax.docx,Ghee,700.0,g,item_code,ALMARAI BUTTER GHEE 6/1600G,Review fuzzy name match
Vermicelli with Milk KBR-384 ONEGO V3,artifacts\recipe-upload-source\MENU\MENU\Sweet\Vermicelli with Milk Recipe.100 pax.docx,Green cardamom powder,20.0,g,item_code,NIAZ CARDAMON 1/1KG,Review fuzzy name match
Vermicelli with Milk KBR-384 ONEGO V3,artifacts\recipe-upload-source\MENU\MENU\Sweet\Vermicelli with Milk Recipe.100 pax.docx,Almonds,500.0,g,item_code,A- SPIXA ALMONDS 1/1KG,Review fuzzy name match
Vermicelli with Milk KBR-384 ONEGO V3,artifacts\recipe-upload-source\MENU\MENU\Sweet\Vermicelli with Milk Recipe.100 pax.docx,Cashew nuts,500.0,g,item_code,A- SPIXA CASHEW NUTS 1/1KG,Review fuzzy name match
Vermicelli with Milk KBR-384 ONEGO V3,artifacts\recipe-upload-source\MENU\MENU\Sweet\Vermicelli with Milk Recipe.100 pax.docx,Raisins,400.0,g,item_code,A-5 DIAMOND RAISIN 1/10KG,Review fuzzy name match
Vermicelli with Milk KBR-384 ONEGO V3,artifacts\recipe-upload-source\MENU\MENU\Sweet\Vermicelli with Milk Recipe.100 pax.docx,Saffron,2.0,g,unmatched,,Confirm ingredient master item_code/id before production costing
Vermicelli with Milk KBR-384 ONEGO V3,artifacts\recipe-upload-source\MENU\MENU\Sweet\Vermicelli with Milk Recipe.100 pax.docx,Rose water,50.0,ml,item_code,(TAFGA) NOVA WATER 24/0.55-0.6LTR,Review fuzzy name match
Achari Okra KBR-384 ONEGO V3,artifacts\recipe-upload-source\MENU\MENU\Vegetable\Achari Okra.100 pax.docx,Okra,15.0,kg,item_code,OKRA (LOCAL),Review fuzzy name match
Achari Okra KBR-384 ONEGO V3,artifacts\recipe-upload-source\MENU\MENU\Vegetable\Achari Okra.100 pax.docx,Oil,1.5,l,item_code,AFIA SUNFLOWER OIL 4/2.9LTR,Review fuzzy name match
Achari Okra KBR-384 ONEGO V3,artifacts\recipe-upload-source\MENU\MENU\Vegetable\Achari Okra.100 pax.docx,Onions,5.0,kg,item_code,DRY ONION (LOCAL),Review fuzzy name match
Achari Okra KBR-384 ONEGO V3,artifacts\recipe-upload-source\MENU\MENU\Vegetable\Achari Okra.100 pax.docx,Tomatoes,3.0,kg,item_code,TAFGA LUNA TOMATO PASTE 24/400G,Review fuzzy name match
Achari Okra KBR-384 ONEGO V3,artifacts\recipe-upload-source\MENU\MENU\Vegetable\Achari Okra.100 pax.docx,Ginger-Garlic Paste,300.0,g,item_code,GARLIC  (CHINA),Review fuzzy name match
Achari Okra KBR-384 ONEGO V3,artifacts\recipe-upload-source\MENU\MENU\Vegetable\Achari Okra.100 pax.docx,Green Chilies,200.0,g,item_code,GREEN CHILLI (INDIAN),Review fuzzy name match
Achari Okra KBR-384 ONEGO V3,artifacts\recipe-upload-source\MENU\MENU\Vegetable\Achari Okra.100 pax.docx,Achari Masala,200.0,g,unmatched,,Confirm ingredient master item_code/id before production costing
Achari Okra KBR-384 ONEGO V3,artifacts\recipe-upload-source\MENU\MENU\Vegetable\Achari Okra.100 pax.docx,Turmeric Powder,50.0,g,item_code,SHAN TURMERIC POWDER  10/1KG,Review fuzzy name match
Achari Okra KBR-384 ONEGO V3,artifacts\recipe-upload-source\MENU\MENU\Vegetable\Achari Okra.100 pax.docx,Red Chili Powder,100.0,g,item_code,SHAN RED CHILLI POWDER 10/1KG,Review fuzzy name match
Achari Okra KBR-384 ONEGO V3,artifacts\recipe-upload-source\MENU\MENU\Vegetable\Achari Okra.100 pax.docx,Coriander Powder,150.0,g,item_code,SHAN CORIANDER POWDER  10/1KG,Review fuzzy name match
Achari Okra KBR-384 ONEGO V3,artifacts\recipe-upload-source\MENU\MENU\Vegetable\Achari Okra.100 pax.docx,Salt,300.0,g,item_code,AL MARAI BUTTER UNSALT 4/100/10G,Review fuzzy name match
Achari Okra KBR-384 ONEGO V3,artifacts\recipe-upload-source\MENU\MENU\Vegetable\Achari Okra.100 pax.docx,Lemon Juice / Amchur,100.0,g,item_code,TFG MOONATY LEMON JUICE 12/1LTR,Review fuzzy name match
Achari Okra KBR-384 ONEGO V3,artifacts\recipe-upload-source\MENU\MENU\Vegetable\Achari Okra.100 pax.docx,Fresh Coriander,500.0,g,item_code,SHAN CORIANDER POWDER  10/1KG,Review fuzzy name match
allo bujiya for KBR-384 ONEGO V3,artifacts\recipe-upload-source\MENU\MENU\Vegetable\allo bujiya Ingredients for 100 Servings..docx,Potatoes,8.0,kg,item_code,POTATO (LOCAL),Review fuzzy name match
allo bujiya for KBR-384 ONEGO V3,artifacts\recipe-upload-source\MENU\MENU\Vegetable\allo bujiya Ingredients for 100 Servings..docx,Besan,2.5,kg,item_code,TFGA ADELCO CHICK PEAS PWDR INDIA 1/15KG,Review fuzzy name match
allo bujiya for KBR-384 ONEGO V3,artifacts\recipe-upload-source\MENU\MENU\Vegetable\allo bujiya Ingredients for 100 Servings..docx,Oil,3.0,l,item_code,AFIA SUNFLOWER OIL 4/2.9LTR,Review fuzzy name match
allo bujiya for KBR-384 ONEGO V3,artifacts\recipe-upload-source\MENU\MENU\Vegetable\allo bujiya Ingredients for 100 Servings..docx,Red chili powder,100.0,g,item_code,SHAN RED CHILLI POWDER 10/1KG,Review fuzzy name match
allo bujiya for KBR-384 ONEGO V3,artifacts\recipe-upload-source\MENU\MENU\Vegetable\allo bujiya Ingredients for 100 Servings..docx,Turmeric powder,50.0,g,item_code,SHAN TURMERIC POWDER  10/1KG,Review fuzzy name match
allo bujiya for KBR-384 ONEGO V3,artifacts\recipe-upload-source\MENU\MENU\Vegetable\allo bujiya Ingredients for 100 Servings..docx,Garam masala,50.0,g,item_code,SHAN KORMA MASALA 10/1KG,Review fuzzy name match
allo bujiya for KBR-384 ONEGO V3,artifacts\recipe-upload-source\MENU\MENU\Vegetable\allo bujiya Ingredients for 100 Servings..docx,Asafoetida,5.0,g,unmatched,,Confirm ingredient master item_code/id before production costing
allo bujiya for KBR-384 ONEGO V3,artifacts\recipe-upload-source\MENU\MENU\Vegetable\allo bujiya Ingredients for 100 Servings..docx,Salt,150.0,g,item_code,AL MARAI BUTTER UNSALT 4/100/10G,Review fuzzy name match
allo bujiya for KBR-384 ONEGO V3,artifacts\recipe-upload-source\MENU\MENU\Vegetable\allo bujiya Ingredients for 100 Servings..docx,Coriander leaves,100.0,g,item_code,CORIANDER LEAVES (BDL),Review fuzzy name match
ALOO GOBI KBR-384 ONEGO V3,artifacts\recipe-upload-source\MENU\MENU\Vegetable\ALOO GOBI.100 pax.docx,Cauliflower florets,10.0,kg,item_code,CAULIFLOWER (LOCAL),Review fuzzy name match
ALOO GOBI KBR-384 ONEGO V3,artifacts\recipe-upload-source\MENU\MENU\Vegetable\ALOO GOBI.100 pax.docx,Potatoes,5.0,kg,item_code,POTATO (LOCAL),Review fuzzy name match
ALOO GOBI KBR-384 ONEGO V3,artifacts\recipe-upload-source\MENU\MENU\Vegetable\ALOO GOBI.100 pax.docx,Onions,3.0,kg,item_code,DRY ONION (LOCAL),Review fuzzy name match
ALOO GOBI KBR-384 ONEGO V3,artifacts\recipe-upload-source\MENU\MENU\Vegetable\ALOO GOBI.100 pax.docx,Tomatoes,3.0,kg,item_code,TAFGA LUNA TOMATO PASTE 24/400G,Review fuzzy name match
ALOO GOBI KBR-384 ONEGO V3,artifacts\recipe-upload-source\MENU\MENU\Vegetable\ALOO GOBI.100 pax.docx,Green chilies,200.0,g,item_code,GREEN CHILLI (INDIAN),Review fuzzy name match
ALOO GOBI KBR-384 ONEGO V3,artifacts\recipe-upload-source\MENU\MENU\Vegetable\ALOO GOBI.100 pax.docx,Ginger-garlic paste,400.0,g,item_code,GARLIC  (CHINA),Review fuzzy name match
ALOO GOBI KBR-384 ONEGO V3,artifacts\recipe-upload-source\MENU\MENU\Vegetable\ALOO GOBI.100 pax.docx,Cooking oil,1.5,l,item_code,TAFGA DALAL COOKING OIL-(SAUDI) 1/18LTR,Review fuzzy name match
ALOO GOBI KBR-384 ONEGO V3,artifacts\recipe-upload-source\MENU\MENU\Vegetable\ALOO GOBI.100 pax.docx,Cumin seeds,100.0,g,item_code,SHAN CUMIN WHOLE  10/1KG,Review fuzzy name match
ALOO GOBI KBR-384 ONEGO V3,artifacts\recipe-upload-source\MENU\MENU\Vegetable\ALOO GOBI.100 pax.docx,Turmeric powder,80.0,g,item_code,SHAN TURMERIC POWDER  10/1KG,Review fuzzy name match
ALOO GOBI KBR-384 ONEGO V3,artifacts\recipe-upload-source\MENU\MENU\Vegetable\ALOO GOBI.100 pax.docx,Red chili powder,120.0,g,item_code,SHAN RED CHILLI POWDER 10/1KG,Review fuzzy name match
ALOO GOBI KBR-384 ONEGO V3,artifacts\recipe-upload-source\MENU\MENU\Vegetable\ALOO GOBI.100 pax.docx,Coriander powder,200.0,g,item_code,SHAN CORIANDER POWDER  10/1KG,Review fuzzy name match
ALOO GOBI KBR-384 ONEGO V3,artifacts\recipe-upload-source\MENU\MENU\Vegetable\ALOO GOBI.100 pax.docx,Garam masala,80.0,g,item_code,SHAN KORMA MASALA 10/1KG,Review fuzzy name match
ALOO GOBI KBR-384 ONEGO V3,artifacts\recipe-upload-source\MENU\MENU\Vegetable\ALOO GOBI.100 pax.docx,Salt,300.0,g,item_code,AL MARAI BUTTER UNSALT 4/100/10G,Review fuzzy name match
ALOO GOBI KBR-384 ONEGO V3,artifacts\recipe-upload-source\MENU\MENU\Vegetable\ALOO GOBI.100 pax.docx,Fresh coriander leaves,1.0,kg,item_code,CORIANDER LEAVES (BDL),Review fuzzy name match
ALOO GOBI KBR-384 ONEGO V3,artifacts\recipe-upload-source\MENU\MENU\Vegetable\ALOO GOBI.100 pax.docx,Lemon juice,200.0,ml,item_code,TFG MOONATY LEMON JUICE 12/1LTR,Review fuzzy name match
Bitter Gourd POTATO KBR-384 ONEGO V3,artifacts\recipe-upload-source\MENU\MENU\Vegetable\Bitter Gourd POTATO 100 PAX.docx,"Bitter gourd , sliced",5.0,kg,item_code,BITTERGOURD (LOCAL),Review fuzzy name match
Bitter Gourd POTATO KBR-384 ONEGO V3,artifacts\recipe-upload-source\MENU\MENU\Vegetable\Bitter Gourd POTATO 100 PAX.docx,"Potatoes, peeled and cubed",5.0,kg,item_code,POTATO (LOCAL),Review fuzzy name match
Bitter Gourd POTATO KBR-384 ONEGO V3,artifacts\recipe-upload-source\MENU\MENU\Vegetable\Bitter Gourd POTATO 100 PAX.docx,Oil,700.0,ml,item_code,AFIA SUNFLOWER OIL 4/2.9LTR,Review fuzzy name match
Bitter Gourd POTATO KBR-384 ONEGO V3,artifacts\recipe-upload-source\MENU\MENU\Vegetable\Bitter Gourd POTATO 100 PAX.docx,Cumin seeds,100.0,g,item_code,SHAN CUMIN WHOLE  10/1KG,Review fuzzy name match
Bitter Gourd POTATO KBR-384 ONEGO V3,artifacts\recipe-upload-source\MENU\MENU\Vegetable\Bitter Gourd POTATO 100 PAX.docx,Mustard seeds,25.0,g,item_code,A-NASEEL MUSTARD WHOLE 1/1KG,Review fuzzy name match
Bitter Gourd POTATO KBR-384 ONEGO V3,artifacts\recipe-upload-source\MENU\MENU\Vegetable\Bitter Gourd POTATO 100 PAX.docx,Turmeric powder,50.0,g,item_code,SHAN TURMERIC POWDER  10/1KG,Review fuzzy name match
Bitter Gourd POTATO KBR-384 ONEGO V3,artifacts\recipe-upload-source\MENU\MENU\Vegetable\Bitter Gourd POTATO 100 PAX.docx,Red chili powder,100.0,g,item_code,SHAN RED CHILLI POWDER 10/1KG,Review fuzzy name match
Bitter Gourd POTATO KBR-384 ONEGO V3,artifacts\recipe-upload-source\MENU\MENU\Vegetable\Bitter Gourd POTATO 100 PAX.docx,Coriander powder,80.0,g,item_code,SHAN CORIANDER POWDER  10/1KG,Review fuzzy name match
Bitter Gourd POTATO KBR-384 ONEGO V3,artifacts\recipe-upload-source\MENU\MENU\Vegetable\Bitter Gourd POTATO 100 PAX.docx,Garam masala,50.0,g,item_code,SHAN KORMA MASALA 10/1KG,Review fuzzy name match
Bitter Gourd POTATO KBR-384 ONEGO V3,artifacts\recipe-upload-source\MENU\MENU\Vegetable\Bitter Gourd POTATO 100 PAX.docx,Salt,100.0,g,item_code,AL MARAI BUTTER UNSALT 4/100/10G,Review fuzzy name match
Bitter Gourd POTATO KBR-384 ONEGO V3,artifacts\recipe-upload-source\MENU\MENU\Vegetable\Bitter Gourd POTATO 100 PAX.docx,"Onions, finely chopped",5.0,kg,item_code,DRY ONION (LOCAL),Review fuzzy name match
Bitter Gourd POTATO KBR-384 ONEGO V3,artifacts\recipe-upload-source\MENU\MENU\Vegetable\Bitter Gourd POTATO 100 PAX.docx,"Tomatoes, chopped",3.0,kg,item_code,TOMATO (ADY),Review fuzzy name match
Bitter Gourd POTATO KBR-384 ONEGO V3,artifacts\recipe-upload-source\MENU\MENU\Vegetable\Bitter Gourd POTATO 100 PAX.docx,"Green chilies, slit",200.0,g,item_code,GREEN CHILLI (INDIAN),Review fuzzy name match
Bitter Gourd POTATO KBR-384 ONEGO V3,artifacts\recipe-upload-source\MENU\MENU\Vegetable\Bitter Gourd POTATO 100 PAX.docx,Garlic paste,200.0,g,item_code,GARLIC  (CHINA),Review fuzzy name match
Bitter Gourd POTATO KBR-384 ONEGO V3,artifacts\recipe-upload-source\MENU\MENU\Vegetable\Bitter Gourd POTATO 100 PAX.docx,Ginger paste,200.0,g,item_code,GINGER (CHINA),Review fuzzy name match
Bitter Gourd POTATO KBR-384 ONEGO V3,artifacts\recipe-upload-source\MENU\MENU\Vegetable\Bitter Gourd POTATO 100 PAX.docx,"Fresh coriander leaves, chopped",200.0,g,item_code,CORIANDER LEAVES (BDL),Review fuzzy name match
carrot potato green peas mix KBR-384 ONEGO V3,artifacts\recipe-upload-source\MENU\MENU\Vegetable\carrot potato green peas mix 100 pax.docx,"Carrots, diced",5.0,kg,item_code,CARROT (AUSTALIA/CHINA),Review fuzzy name match
carrot potato green peas mix KBR-384 ONEGO V3,artifacts\recipe-upload-source\MENU\MENU\Vegetable\carrot potato green peas mix 100 pax.docx,"Potatoes, diced",5.0,kg,item_code,POTATO (LOCAL),Review fuzzy name match
carrot potato green peas mix KBR-384 ONEGO V3,artifacts\recipe-upload-source\MENU\MENU\Vegetable\carrot potato green peas mix 100 pax.docx,Green peas,5.0,kg,item_code,A-TOMEX GREEN PEAS 4/2.5KG,Review fuzzy name match
carrot potato green peas mix KBR-384 ONEGO V3,artifacts\recipe-upload-source\MENU\MENU\Vegetable\carrot potato green peas mix 100 pax.docx,"Onion, finely chopped",2.5,kg,item_code,DRY ONION (LOCAL),Review fuzzy name match
carrot potato green peas mix KBR-384 ONEGO V3,artifacts\recipe-upload-source\MENU\MENU\Vegetable\carrot potato green peas mix 100 pax.docx,"Garlic, minced",200.0,g,item_code,GARLIC  (CHINA),Review fuzzy name match
carrot potato green peas mix KBR-384 ONEGO V3,artifacts\recipe-upload-source\MENU\MENU\Vegetable\carrot potato green peas mix 100 pax.docx,"Ginger, minced",150.0,g,item_code,GINGER (CHINA),Review fuzzy name match
carrot potato green peas mix KBR-384 ONEGO V3,artifacts\recipe-upload-source\MENU\MENU\Vegetable\carrot potato green peas mix 100 pax.docx,"Green chilies, chopped",100.0,g,item_code,GREEN CHILLI (INDIAN),Review fuzzy name match
carrot potato green peas mix KBR-384 ONEGO V3,artifacts\recipe-upload-source\MENU\MENU\Vegetable\carrot potato green peas mix 100 pax.docx,"Tomatoes, pureed",2.0,kg,item_code,A-TAFGA GOODY WHOLE PEELED TOMATO 6/#10,Review fuzzy name match
carrot potato green peas mix KBR-384 ONEGO V3,artifacts\recipe-upload-source\MENU\MENU\Vegetable\carrot potato green peas mix 100 pax.docx,Cooking oil,500.0,ml,item_code,TAFGA DALAL COOKING OIL-(SAUDI) 1/18LTR,Review fuzzy name match
carrot potato green peas mix KBR-384 ONEGO V3,artifacts\recipe-upload-source\MENU\MENU\Vegetable\carrot potato green peas mix 100 pax.docx,Cumin seeds,50.0,g,item_code,SHAN CUMIN WHOLE  10/1KG,Review fuzzy name match
carrot potato green peas mix KBR-384 ONEGO V3,artifacts\recipe-upload-source\MENU\MENU\Vegetable\carrot potato green peas mix 100 pax.docx,Turmeric powder,25.0,g,item_code,SHAN TURMERIC POWDER  10/1KG,Review fuzzy name match
carrot potato green peas mix KBR-384 ONEGO V3,artifacts\recipe-upload-source\MENU\MENU\Vegetable\carrot potato green peas mix 100 pax.docx,Coriander powder,50.0,g,item_code,SHAN CORIANDER POWDER  10/1KG,Review fuzzy name match
carrot potato green peas mix KBR-384 ONEGO V3,artifacts\recipe-upload-source\MENU\MENU\Vegetable\carrot potato green peas mix 100 pax.docx,Garam masala,20.0,g,item_code,SHAN KORMA MASALA 10/1KG,Review fuzzy name match
carrot potato green peas mix KBR-384 ONEGO V3,artifacts\recipe-upload-source\MENU\MENU\Vegetable\carrot potato green peas mix 100 pax.docx,Red chili powder,20.0,g,item_code,SHAN RED CHILLI POWDER 10/1KG,Review fuzzy name match
carrot potato green peas mix KBR-384 ONEGO V3,artifacts\recipe-upload-source\MENU\MENU\Vegetable\carrot potato green peas mix 100 pax.docx,Salt,150.0,g,item_code,AL MARAI BUTTER UNSALT 4/100/10G,Review fuzzy name match
carrot potato green peas mix KBR-384 ONEGO V3,artifacts\recipe-upload-source\MENU\MENU\Vegetable\carrot potato green peas mix 100 pax.docx,"Fresh coriander leaves, chopped",200.0,g,item_code,CORIANDER LEAVES (BDL),Review fuzzy name match
Cauliflower Potato Curry KBR-384 ONEGO V3,artifacts\recipe-upload-source\MENU\MENU\Vegetable\Cauliflower Potato Curry.100 pax.docx,Cauliflower florets,7.5,kg,item_code,CAULIFLOWER (LOCAL),Review fuzzy name match
Cauliflower Potato Curry KBR-384 ONEGO V3,artifacts\recipe-upload-source\MENU\MENU\Vegetable\Cauliflower Potato Curry.100 pax.docx,Potatoes,7.5,kg,item_code,POTATO (LOCAL),Review fuzzy name match
Cauliflower Potato Curry KBR-384 ONEGO V3,artifacts\recipe-upload-source\MENU\MENU\Vegetable\Cauliflower Potato Curry.100 pax.docx,Onions,5.0,kg,item_code,DRY ONION (LOCAL),Review fuzzy name match
Cauliflower Potato Curry KBR-384 ONEGO V3,artifacts\recipe-upload-source\MENU\MENU\Vegetable\Cauliflower Potato Curry.100 pax.docx,Tomatoes,4.0,kg,item_code,TAFGA LUNA TOMATO PASTE 24/400G,Review fuzzy name match
Cauliflower Potato Curry KBR-384 ONEGO V3,artifacts\recipe-upload-source\MENU\MENU\Vegetable\Cauliflower Potato Curry.100 pax.docx,Ginger paste,250.0,g,item_code,GINGER (CHINA),Review fuzzy name match
Cauliflower Potato Curry KBR-384 ONEGO V3,artifacts\recipe-upload-source\MENU\MENU\Vegetable\Cauliflower Potato Curry.100 pax.docx,Garlic paste,250.0,g,item_code,GARLIC  (CHINA),Review fuzzy name match
Cauliflower Potato Curry KBR-384 ONEGO V3,artifacts\recipe-upload-source\MENU\MENU\Vegetable\Cauliflower Potato Curry.100 pax.docx,Green chilies,200.0,g,item_code,GREEN CHILLI (INDIAN),Review fuzzy name match
Cauliflower Potato Curry KBR-384 ONEGO V3,artifacts\recipe-upload-source\MENU\MENU\Vegetable\Cauliflower Potato Curry.100 pax.docx,Yogurt / Curd,1.5,kg,item_code,ALMARAI LABNEH FF 1/2.75KG,Review fuzzy name match
Cauliflower Potato Curry KBR-384 ONEGO V3,artifacts\recipe-upload-source\MENU\MENU\Vegetable\Cauliflower Potato Curry.100 pax.docx,Cooking oil,1.5,l,item_code,TAFGA DALAL COOKING OIL-(SAUDI) 1/18LTR,Review fuzzy name match
Cauliflower Potato Curry KBR-384 ONEGO V3,artifacts\recipe-upload-source\MENU\MENU\Vegetable\Cauliflower Potato Curry.100 pax.docx,Cumin seeds,50.0,g,item_code,SHAN CUMIN WHOLE  10/1KG,Review fuzzy name match
Cauliflower Potato Curry KBR-384 ONEGO V3,artifacts\recipe-upload-source\MENU\MENU\Vegetable\Cauliflower Potato Curry.100 pax.docx,Mustard seeds,25.0,g,item_code,A-NASEEL MUSTARD WHOLE 1/1KG,Review fuzzy name match
Cauliflower Potato Curry KBR-384 ONEGO V3,artifacts\recipe-upload-source\MENU\MENU\Vegetable\Cauliflower Potato Curry.100 pax.docx,Turmeric powder,50.0,g,item_code,SHAN TURMERIC POWDER  10/1KG,Review fuzzy name match
Cauliflower Potato Curry KBR-384 ONEGO V3,artifacts\recipe-upload-source\MENU\MENU\Vegetable\Cauliflower Potato Curry.100 pax.docx,Red chili powder,50.0,g,item_code,SHAN RED CHILLI POWDER 10/1KG,Review fuzzy name match
Cauliflower Potato Curry KBR-384 ONEGO V3,artifacts\recipe-upload-source\MENU\MENU\Vegetable\Cauliflower Potato Curry.100 pax.docx,Coriander powder,100.0,g,item_code,SHAN CORIANDER POWDER  10/1KG,Review fuzzy name match
Cauliflower Potato Curry KBR-384 ONEGO V3,artifacts\recipe-upload-source\MENU\MENU\Vegetable\Cauliflower Potato Curry.100 pax.docx,Garam masala,50.0,g,item_code,SHAN KORMA MASALA 10/1KG,Review fuzzy name match
Cauliflower Potato Curry KBR-384 ONEGO V3,artifacts\recipe-upload-source\MENU\MENU\Vegetable\Cauliflower Potato Curry.100 pax.docx,Salt,150.0,g,item_code,AL MARAI BUTTER UNSALT 4/100/10G,Review fuzzy name match
Cauliflower Potato Curry KBR-384 ONEGO V3,artifacts\recipe-upload-source\MENU\MENU\Vegetable\Cauliflower Potato Curry.100 pax.docx,Fresh coriander,200.0,g,item_code,SHAN CORIANDER POWDER  10/1KG,Review fuzzy name match
Cauliflower Potato Curry KBR-384 ONEGO V3,artifacts\recipe-upload-source\MENU\MENU\Vegetable\Cauliflower Potato Curry.100 pax.docx,Water,5.0,l,item_code,(TAFGA) NOVA WATER 24/0.55-0.6LTR,Review fuzzy name match
Dahi Kari with Pakora KBR-384 ONEGO V3,artifacts\recipe-upload-source\MENU\MENU\Vegetable\Dahi Kari with Pakora.100 pax.docx,Yogurt,8.0,kg,item_code,ALMARAI LABNEH FF 1/2.75KG,Review fuzzy name match
Dahi Kari with Pakora KBR-384 ONEGO V3,artifacts\recipe-upload-source\MENU\MENU\Vegetable\Dahi Kari with Pakora.100 pax.docx,Gram flour,1.5,kg,item_code,A-FOOM WHITE FLOUR 1/45KG,Review fuzzy name match
Dahi Kari with Pakora KBR-384 ONEGO V3,artifacts\recipe-upload-source\MENU\MENU\Vegetable\Dahi Kari with Pakora.100 pax.docx,Water,10.0,l,item_code,(TAFGA) NOVA WATER 24/0.55-0.6LTR,Review fuzzy name match
Dahi Kari with Pakora KBR-384 ONEGO V3,artifacts\recipe-upload-source\MENU\MENU\Vegetable\Dahi Kari with Pakora.100 pax.docx,Turmeric powder,80.0,g,item_code,SHAN TURMERIC POWDER  10/1KG,Review fuzzy name match
Dahi Kari with Pakora KBR-384 ONEGO V3,artifacts\recipe-upload-source\MENU\MENU\Vegetable\Dahi Kari with Pakora.100 pax.docx,Red chili powder,120.0,g,item_code,SHAN RED CHILLI POWDER 10/1KG,Review fuzzy name match
Dahi Kari with Pakora KBR-384 ONEGO V3,artifacts\recipe-upload-source\MENU\MENU\Vegetable\Dahi Kari with Pakora.100 pax.docx,Salt,250.0,g,item_code,AL MARAI BUTTER UNSALT 4/100/10G,Review fuzzy name match
Dahi Kari with Pakora KBR-384 ONEGO V3,artifacts\recipe-upload-source\MENU\MENU\Vegetable\Dahi Kari with Pakora.100 pax.docx,Ginger paste,300.0,g,item_code,GINGER (CHINA),Review fuzzy name match
Dahi Kari with Pakora KBR-384 ONEGO V3,artifacts\recipe-upload-source\MENU\MENU\Vegetable\Dahi Kari with Pakora.100 pax.docx,Garlic paste,300.0,g,item_code,GARLIC  (CHINA),Review fuzzy name match
Dahi Kari with Pakora KBR-384 ONEGO V3,artifacts\recipe-upload-source\MENU\MENU\Vegetable\Dahi Kari with Pakora.100 pax.docx,Cumin seeds,100.0,g,item_code,SHAN CUMIN WHOLE  10/1KG,Review fuzzy name match
Dahi Kari with Pakora KBR-384 ONEGO V3,artifacts\recipe-upload-source\MENU\MENU\Vegetable\Dahi Kari with Pakora.100 pax.docx,Fenugreek seeds,50.0,g,item_code,A-MEHRAN KAUSRI METHILEAVES 12/50G,Review fuzzy name match
Dahi Kari with Pakora KBR-384 ONEGO V3,artifacts\recipe-upload-source\MENU\MENU\Vegetable\Dahi Kari with Pakora.100 pax.docx,Mustard seeds,80.0,g,item_code,A-NASEEL MUSTARD WHOLE 1/1KG,Review fuzzy name match
Dahi Kari with Pakora KBR-384 ONEGO V3,artifacts\recipe-upload-source\MENU\MENU\Vegetable\Dahi Kari with Pakora.100 pax.docx,Curry leaves,200.0,g,unmatched,,Confirm ingredient master item_code/id before production costing
Dahi Kari with Pakora KBR-384 ONEGO V3,artifacts\recipe-upload-source\MENU\MENU\Vegetable\Dahi Kari with Pakora.100 pax.docx,Green chilies,300.0,g,item_code,GREEN CHILLI (INDIAN),Review fuzzy name match
Dahi Kari with Pakora KBR-384 ONEGO V3,artifacts\recipe-upload-source\MENU\MENU\Vegetable\Dahi Kari with Pakora.100 pax.docx,Oil,1.5,l,item_code,AFIA SUNFLOWER OIL 4/2.9LTR,Review fuzzy name match
Dahi Kari with Pakora KBR-384 ONEGO V3,artifacts\recipe-upload-source\MENU\MENU\Vegetable\Dahi Kari with Pakora.100 pax.docx,Gram flour,3.0,kg,item_code,A-FOOM WHITE FLOUR 1/45KG,Review fuzzy name match
Dahi Kari with Pakora KBR-384 ONEGO V3,artifacts\recipe-upload-source\MENU\MENU\Vegetable\Dahi Kari with Pakora.100 pax.docx,Onion,4.0,kg,item_code,DRY ONION (LOCAL),Review fuzzy name match
Dahi Kari with Pakora KBR-384 ONEGO V3,artifacts\recipe-upload-source\MENU\MENU\Vegetable\Dahi Kari with Pakora.100 pax.docx,Spinach,2.0,kg,item_code,TFG BOREAL/TOMEX BELGIUM SPINACH 4/2.5KG,Review fuzzy name match
Dahi Kari with Pakora KBR-384 ONEGO V3,artifacts\recipe-upload-source\MENU\MENU\Vegetable\Dahi Kari with Pakora.100 pax.docx,Green chilies,200.0,g,item_code,GREEN CHILLI (INDIAN),Review fuzzy name match
Dahi Kari with Pakora KBR-384 ONEGO V3,artifacts\recipe-upload-source\MENU\MENU\Vegetable\Dahi Kari with Pakora.100 pax.docx,Coriander leaves,300.0,g,item_code,CORIANDER LEAVES (BDL),Review fuzzy name match
Dahi Kari with Pakora KBR-384 ONEGO V3,artifacts\recipe-upload-source\MENU\MENU\Vegetable\Dahi Kari with Pakora.100 pax.docx,Salt,150.0,g,item_code,AL MARAI BUTTER UNSALT 4/100/10G,Review fuzzy name match
Dahi Kari with Pakora KBR-384 ONEGO V3,artifacts\recipe-upload-source\MENU\MENU\Vegetable\Dahi Kari with Pakora.100 pax.docx,Red chili powder,100.0,g,item_code,SHAN RED CHILLI POWDER 10/1KG,Review fuzzy name match
Dahi Kari with Pakora KBR-384 ONEGO V3,artifacts\recipe-upload-source\MENU\MENU\Vegetable\Dahi Kari with Pakora.100 pax.docx,Baking soda,20.0,g,contains,A-TAFGA ORIENT GARDEN BAKING SODA 12/12Z,Review fuzzy name match
Dahi Kari with Pakora KBR-384 ONEGO V3,artifacts\recipe-upload-source\MENU\MENU\Vegetable\Dahi Kari with Pakora.100 pax.docx,Oil for deep frying,6.0,l,item_code,TAFGA DALAL COOKING OIL-(SAUDI) 1/18LTR,Review fuzzy name match
Green Beans KBR-384 ONEGO V3,artifacts\recipe-upload-source\MENU\MENU\Vegetable\Green Beans. 100 pax.docx,Green beans,8.0,kg,item_code,A-TOMEX CUT GREEN BEAN 4/2.5KG,Review fuzzy name match
Green Beans KBR-384 ONEGO V3,artifacts\recipe-upload-source\MENU\MENU\Vegetable\Green Beans. 100 pax.docx,Potatoes,7.0,kg,item_code,POTATO (LOCAL),Review fuzzy name match
LONE MARROW POTATO SWEET PEPPER KBR-384 ONEGO V3,artifacts\recipe-upload-source\MENU\MENU\Vegetable\LONE MARROW POTATO SWEET PEPPER 100 PAX.docx,Long marrow,5.0,kg,item_code,MARROW (BIG),Review fuzzy name match
LONE MARROW POTATO SWEET PEPPER KBR-384 ONEGO V3,artifacts\recipe-upload-source\MENU\MENU\Vegetable\LONE MARROW POTATO SWEET PEPPER 100 PAX.docx,Potato,5.0,kg,item_code,POTATO (LOCAL),Review fuzzy name match
LONE MARROW POTATO SWEET PEPPER KBR-384 ONEGO V3,artifacts\recipe-upload-source\MENU\MENU\Vegetable\LONE MARROW POTATO SWEET PEPPER 100 PAX.docx,Sweet bell peppers,3.0,kg,item_code,GREEN PEPPER (LBN),Review fuzzy name match
LONE MARROW POTATO SWEET PEPPER KBR-384 ONEGO V3,artifacts\recipe-upload-source\MENU\MENU\Vegetable\LONE MARROW POTATO SWEET PEPPER 100 PAX.docx,Onion,2.5,kg,item_code,DRY ONION (LOCAL),Review fuzzy name match
LONE MARROW POTATO SWEET PEPPER KBR-384 ONEGO V3,artifacts\recipe-upload-source\MENU\MENU\Vegetable\LONE MARROW POTATO SWEET PEPPER 100 PAX.docx,Tomato,3.0,kg,item_code,TAFGA LUNA TOMATO PASTE 24/400G,Review fuzzy name match
LONE MARROW POTATO SWEET PEPPER KBR-384 ONEGO V3,artifacts\recipe-upload-source\MENU\MENU\Vegetable\LONE MARROW POTATO SWEET PEPPER 100 PAX.docx,Ginger-garlic paste,250.0,g,item_code,GARLIC  (CHINA),Review fuzzy name match
LONE MARROW POTATO SWEET PEPPER KBR-384 ONEGO V3,artifacts\recipe-upload-source\MENU\MENU\Vegetable\LONE MARROW POTATO SWEET PEPPER 100 PAX.docx,Green chili,150.0,g,item_code,GREEN CHILLI (INDIAN),Review fuzzy name match
LONE MARROW POTATO SWEET PEPPER KBR-384 ONEGO V3,artifacts\recipe-upload-source\MENU\MENU\Vegetable\LONE MARROW POTATO SWEET PEPPER 100 PAX.docx,Cooking oil,750.0,ml,item_code,TAFGA DALAL COOKING OIL-(SAUDI) 1/18LTR,Review fuzzy name match
LONE MARROW POTATO SWEET PEPPER KBR-384 ONEGO V3,artifacts\recipe-upload-source\MENU\MENU\Vegetable\LONE MARROW POTATO SWEET PEPPER 100 PAX.docx,Cumin seeds,50.0,g,item_code,SHAN CUMIN WHOLE  10/1KG,Review fuzzy name match
LONE MARROW POTATO SWEET PEPPER KBR-384 ONEGO V3,artifacts\recipe-upload-source\MENU\MENU\Vegetable\LONE MARROW POTATO SWEET PEPPER 100 PAX.docx,Turmeric powder,50.0,g,item_code,SHAN TURMERIC POWDER  10/1KG,Review fuzzy name match
LONE MARROW POTATO SWEET PEPPER KBR-384 ONEGO V3,artifacts\recipe-upload-source\MENU\MENU\Vegetable\LONE MARROW POTATO SWEET PEPPER 100 PAX.docx,Coriander powder,100.0,g,item_code,SHAN CORIANDER POWDER  10/1KG,Review fuzzy name match
LONE MARROW POTATO SWEET PEPPER KBR-384 ONEGO V3,artifacts\recipe-upload-source\MENU\MENU\Vegetable\LONE MARROW POTATO SWEET PEPPER 100 PAX.docx,Red chili powder,50.0,g,item_code,SHAN RED CHILLI POWDER 10/1KG,Review fuzzy name match
LONE MARROW POTATO SWEET PEPPER KBR-384 ONEGO V3,artifacts\recipe-upload-source\MENU\MENU\Vegetable\LONE MARROW POTATO SWEET PEPPER 100 PAX.docx,Garam masala,50.0,g,item_code,SHAN KORMA MASALA 10/1KG,Review fuzzy name match
LONE MARROW POTATO SWEET PEPPER KBR-384 ONEGO V3,artifacts\recipe-upload-source\MENU\MENU\Vegetable\LONE MARROW POTATO SWEET PEPPER 100 PAX.docx,Salt,250.0,g,item_code,AL MARAI BUTTER UNSALT 4/100/10G,Review fuzzy name match
LONE MARROW POTATO SWEET PEPPER KBR-384 ONEGO V3,artifacts\recipe-upload-source\MENU\MENU\Vegetable\LONE MARROW POTATO SWEET PEPPER 100 PAX.docx,Fresh coriander leaves,250.0,g,item_code,CORIANDER LEAVES (BDL),Review fuzzy name match
LONE MARROW POTATO SWEET PEPPER KBR-384 ONEGO V3,artifacts\recipe-upload-source\MENU\MENU\Vegetable\LONE MARROW POTATO SWEET PEPPER 100 PAX.docx,Water,2.0,l,item_code,(TAFGA) NOVA WATER 24/0.55-0.6LTR,Review fuzzy name match
Mix Vegetable Curry KBR-384 ONEGO V3,artifacts\recipe-upload-source\MENU\MENU\Vegetable\Mix Vegetable Curry. 100 pax.docx,Potato,6.0,kg,item_code,POTATO (LOCAL),Review fuzzy name match
Mix Vegetable Curry KBR-384 ONEGO V3,artifacts\recipe-upload-source\MENU\MENU\Vegetable\Mix Vegetable Curry. 100 pax.docx,Carrot,3.0,kg,item_code,CARROT (AUSTALIA/CHINA),Review fuzzy name match
Mix Vegetable Curry KBR-384 ONEGO V3,artifacts\recipe-upload-source\MENU\MENU\Vegetable\Mix Vegetable Curry. 100 pax.docx,Marrow / Zucchini,3.0,kg,item_code,MARROW (BIG),Review fuzzy name match
Mix Vegetable Curry KBR-384 ONEGO V3,artifacts\recipe-upload-source\MENU\MENU\Vegetable\Mix Vegetable Curry. 100 pax.docx,Onion,2.0,kg,item_code,DRY ONION (LOCAL),Review fuzzy name match
Mix Vegetable Curry KBR-384 ONEGO V3,artifacts\recipe-upload-source\MENU\MENU\Vegetable\Mix Vegetable Curry. 100 pax.docx,Tomato,2.5,kg,item_code,TAFGA LUNA TOMATO PASTE 24/400G,Review fuzzy name match
Mix Vegetable Curry KBR-384 ONEGO V3,artifacts\recipe-upload-source\MENU\MENU\Vegetable\Mix Vegetable Curry. 100 pax.docx,Green chili,150.0,g,item_code,GREEN CHILLI (INDIAN),Review fuzzy name match
Mix Vegetable Curry KBR-384 ONEGO V3,artifacts\recipe-upload-source\MENU\MENU\Vegetable\Mix Vegetable Curry. 100 pax.docx,Ginger-garlic paste,300.0,g,item_code,GARLIC  (CHINA),Review fuzzy name match
Mix Vegetable Curry KBR-384 ONEGO V3,artifacts\recipe-upload-source\MENU\MENU\Vegetable\Mix Vegetable Curry. 100 pax.docx,Cooking oil,1.5,l,item_code,TAFGA DALAL COOKING OIL-(SAUDI) 1/18LTR,Review fuzzy name match
Mix Vegetable Curry KBR-384 ONEGO V3,artifacts\recipe-upload-source\MENU\MENU\Vegetable\Mix Vegetable Curry. 100 pax.docx,Cumin seeds,50.0,g,item_code,SHAN CUMIN WHOLE  10/1KG,Review fuzzy name match
Mix Vegetable Curry KBR-384 ONEGO V3,artifacts\recipe-upload-source\MENU\MENU\Vegetable\Mix Vegetable Curry. 100 pax.docx,Turmeric powder,40.0,g,item_code,SHAN TURMERIC POWDER  10/1KG,Review fuzzy name match
Mix Vegetable Curry KBR-384 ONEGO V3,artifacts\recipe-upload-source\MENU\MENU\Vegetable\Mix Vegetable Curry. 100 pax.docx,Red chili powder,60.0,g,item_code,SHAN RED CHILLI POWDER 10/1KG,Review fuzzy name match
Mix Vegetable Curry KBR-384 ONEGO V3,artifacts\recipe-upload-source\MENU\MENU\Vegetable\Mix Vegetable Curry. 100 pax.docx,Coriander powder,120.0,g,item_code,SHAN CORIANDER POWDER  10/1KG,Review fuzzy name match
Mix Vegetable Curry KBR-384 ONEGO V3,artifacts\recipe-upload-source\MENU\MENU\Vegetable\Mix Vegetable Curry. 100 pax.docx,Garam masala,50.0,g,item_code,SHAN KORMA MASALA 10/1KG,Review fuzzy name match
Mix Vegetable Curry KBR-384 ONEGO V3,artifacts\recipe-upload-source\MENU\MENU\Vegetable\Mix Vegetable Curry. 100 pax.docx,Salt,200.0,g,item_code,AL MARAI BUTTER UNSALT 4/100/10G,Review fuzzy name match
Mix Vegetable Curry KBR-384 ONEGO V3,artifacts\recipe-upload-source\MENU\MENU\Vegetable\Mix Vegetable Curry. 100 pax.docx,Fresh coriander leaves,500.0,g,item_code,CORIANDER LEAVES (BDL),Review fuzzy name match
Mix Vegetable Curry KBR-384 ONEGO V3,artifacts\recipe-upload-source\MENU\MENU\Vegetable\Mix Vegetable Curry. 100 pax.docx,Water / vegetable stock,4.0,l,item_code,(TAFGA) NOVA WATER 24/0.55-0.6LTR,Review fuzzy name match
Roast Potatoes KBR-384 ONEGO V3,artifacts\recipe-upload-source\MENU\MENU\Vegetable\Roast Potatoes.100 pax.docx,Potatoes,12.0,kg,item_code,POTATO (LOCAL),Review fuzzy name match
Roast Potatoes KBR-384 ONEGO V3,artifacts\recipe-upload-source\MENU\MENU\Vegetable\Roast Potatoes.100 pax.docx,Olive oil / Vegetable oil,1.2,l,item_code,TAFGA OLIVE OIL 12/500ML,Review fuzzy name match
Roast Potatoes KBR-384 ONEGO V3,artifacts\recipe-upload-source\MENU\MENU\Vegetable\Roast Potatoes.100 pax.docx,Garlic,200.0,g,item_code,EASTERN GARLIC POWDER 24/200G,Review fuzzy name match
Roast Potatoes KBR-384 ONEGO V3,artifacts\recipe-upload-source\MENU\MENU\Vegetable\Roast Potatoes.100 pax.docx,Fresh rosemary / thyme,100.0,g,unmatched,,Confirm ingredient master item_code/id before production costing
Roast Potatoes KBR-384 ONEGO V3,artifacts\recipe-upload-source\MENU\MENU\Vegetable\Roast Potatoes.100 pax.docx,Salt,180.0,g,item_code,AL MARAI BUTTER UNSALT 4/100/10G,Review fuzzy name match
Roast Potatoes KBR-384 ONEGO V3,artifacts\recipe-upload-source\MENU\MENU\Vegetable\Roast Potatoes.100 pax.docx,Black pepper,40.0,g,item_code,A-TAFGA FRESHLY PEPPER BLACK PWDR 6/16Z,Review fuzzy name match
Roast Potatoes KBR-384 ONEGO V3,artifacts\recipe-upload-source\MENU\MENU\Vegetable\Roast Potatoes.100 pax.docx,Paprika,50.0,g,item_code,A-AL MANAKEL PAPRIKA SWEET JAR  6/1KG,Review fuzzy name match
