name,recipe_code,description,cuisine_type,category,servings,ingredients,sub_recipes,instructions,prep_time_minutes,cook_time_minutes,allergens,site_scope,site_ids,site_names,image_url,is_active
CLASSIC COFFEE & TANG KBR-384 ONEGO V3,RCP-001-CLASSICCOF-KBR384ONEGOV3,☕ CLASSIC COFFEE + COFFEE MATE (100 SERVINGS),,FW,1,"[{""ingredient_name"": ""TAFGA NESCAFE CLASIC COFFEE 12/200G"", ""quantity"": 2, ""unit"": ""g"", ""item_code"": ""262233"", ""ingredient_id"": """"}, {""ingredient_name"": ""A-TAFGA NESTLE COFFEEMATE COFE 15/400G"", ""quantity"": 4, ""unit"": ""g"", ""item_code"": ""262241"", ""ingredient_id"": """"}, {""ingredient_name"": ""AL OSRA SUGAR FINE 10/2KG"", ""quantity"": 4, ""unit"": ""g"", ""item_code"": ""176065"", ""ingredient_id"": """"}, {""ingredient_name"": ""(TAFGA) NOVA WATER 24/0.55-0.6LTR"", ""quantity"": 0.142, ""unit"": ""l"", ""item_code"": ""224894"", ""ingredient_id"": """"}, {""ingredient_name"": ""TAFGA TANG ORANGE 6/2 KG"", ""quantity"": 25, ""unit"": ""g"", ""item_code"": ""369549"", ""ingredient_id"": """"}, {""ingredient_name"": ""(TAFGA) NOVA WATER 24/0.55-0.6LTR"", ""quantity"": 0.185, ""unit"": ""l"", ""item_code"": ""224894"", ""ingredient_id"": """"}]",[],,,,[],specific,"[""KBR-384""]","[""KBR""]",,true
Classic Russian Olivier Salad KBR-384 ONEGO V3,RCP-002-CLASSICRUS-KBR384ONEGOV3,Classic Russian Olivier Salad scaled for 100 servings.,,FW,1,"[{""ingredient_name"": ""POTATO (LOCAL)"", ""quantity"": 65, ""unit"": ""g"", ""item_code"": ""PR000022"", ""ingredient_id"": """"}, {""ingredient_name"": ""CARROT (AUSTALIA/CHINA)"", ""quantity"": 18, ""unit"": ""g"", ""item_code"": ""PR000026"", ""ingredient_id"": """"}, {""ingredient_name"": ""SAEDCO FRESH EGGS MEDIUM 12/30 CT"", ""quantity"": 0.4, ""unit"": ""pieces"", ""item_code"": ""142110"", ""ingredient_id"": """"}, {""ingredient_name"": ""TANMIAH FRESH CHICKEN 1/900G"", ""quantity"": 12, ""unit"": ""g"", ""item_code"": ""205101"", ""ingredient_id"": """"}, {""ingredient_name"": ""TAFGA CH/GARDEN MIXED PICKLE 12/1KG"", ""quantity"": 18, ""unit"": ""g"", ""item_code"": ""267491"", ""ingredient_id"": """"}, {""ingredient_name"": ""A-TOMEX GREEN PEAS 4/2.5KG"", ""quantity"": 0.1, ""unit"": ""pieces"", ""item_code"": ""404330"", ""ingredient_id"": """"}, {""ingredient_name"": ""TAFGA GOODY MAYONNAISE 12/32Z"", ""quantity"": 0.013, ""unit"": ""l"", ""item_code"": ""275962"", ""ingredient_id"": """"}, {""ingredient_name"": ""TAFGA REHAN SALT IODIZED 24/700G"", ""quantity"": 0.525, ""unit"": ""g"", ""item_code"": ""166780"", ""ingredient_id"": """"}, {""ingredient_name"": ""A-TAFGA FRESHLY PEPPER BLACK PWDR 6/16Z"", ""quantity"": 0.3, ""unit"": ""ml"", ""item_code"": ""185836"", ""ingredient_id"": """"}, {""ingredient_name"": ""Fresh Dill"", ""quantity"": 1.5, ""unit"": ""ml"", ""item_code"": ""RCPMIS-V5-001-FRESHDIL"", ""ingredient_id"": """"}]",[],"1. Boil and Chill (Best done the day before) | Vegetables: Place unpeeled potatoes and carrots in large stockpots. Cover with salted water. Boil until fork-tender but firm (approx. 20–25 mins). Do not overcook. Drain and cool completely. | Eggs: Hard-boil the eggs for 10–12 minutes. Plunge immediately into ice water, peel, and set aside. | Chef's Note: Refrigerating the cooked vegetables and eggs overnight makes dicing significantly cleaner and prevents mushiness. | 2. The Uniform Dice | Peel the cooled potatoes and carrots. | Dice potatoes, carrots, hard-boiled eggs, ham, and pickles into uniform 1/4-inch to 1/2-inch cubes. Consistent sizing is essential for the perfect texture. | 3. Large-Scale Mixing | In a large food-safe catering bin, combine the diced carrots, eggs, ham, pickles, and drained green peas. | Add the mayonnaise, salt, black pepper, and fresh dill. Mix thoroughly until the dressing is evenly distributed. | Fold the potatoes in last: Add the diced potatoes and use a large paddle or gloved hands to gently fold them into the mixture. Mixing potatoes too roughly will release starches and make the dressing sticky. | 4. Chill & Serve | Cover tightly and refrigerate for at least 3 to 4 hours before service to allow the flavors to blend. | Final Check: Taste right before service. If the potatoes absorbed too much dressing, gently fold in an extra cup of mayonnaise to restore the creamy texture.",2,30,"[""egg"", ""milk""]",specific,"[""KBR-384""]","[""KBR""]",,true
FRUIT SALAD KBR-384 ONEGO V3,RCP-003-FRUITSALAD-KBR384ONEGOV3,📋 FRUIT SALAD,,FW,1,"[{""ingredient_name"": ""WATERMELONS"", ""quantity"": 55, ""unit"": ""g"", ""item_code"": ""PR000084"", ""ingredient_id"": """"}, {""ingredient_name"": ""WATERMELONS"", ""quantity"": 40, ""unit"": ""g"", ""item_code"": ""PR000084"", ""ingredient_id"": """"}, {""ingredient_name"": ""A-TFG FRESHLY FRUIT C/TAIL 6/2.5KG"", ""quantity"": 35, ""unit"": ""g"", ""item_code"": ""139845"", ""ingredient_id"": """"}, {""ingredient_name"": ""APPLE (GALA) (USA/ITALY)"", ""quantity"": 22.5, ""unit"": ""g"", ""item_code"": ""PR000072"", ""ingredient_id"": """"}, {""ingredient_name"": ""ORANGE (AFRICAN/EGYPT) NAVEL (CLASS A)"", ""quantity"": 22.5, ""unit"": ""g"", ""item_code"": ""PR000092"", ""ingredient_id"": """"}, {""ingredient_name"": ""TFG AL RABIE ORANGE JUCIE 8/1LTR"", ""quantity"": 7.2, ""unit"": ""ml"", ""item_code"": ""379405"", ""ingredient_id"": """"}, {""ingredient_name"": ""LEMON (AFRICAN/TURKEY)"", ""quantity"": 3.6, ""unit"": ""g"", ""item_code"": ""PR000090"", ""ingredient_id"": """"}, {""ingredient_name"": ""AL OSRA SUGAR FINE 10/2KG"", ""quantity"": 3.6, ""unit"": ""g"", ""item_code"": ""176065"", ""ingredient_id"": """"}]",[],"1. Wash & Drain | Wash all fresh apples, grapes, and whole melons thoroughly under cold running water. | Ensure the melons are fully drained after dicing so excess water doesn't dilute the dressing. | 2. The Chop | Melons: Core and slice the watermelon and cantaloupe into uniform 1-inch chunks. | Apples & Oranges: Dice the apples (leave skins on for color). Peel the oranges, pull apart into segments, and chop them into halves. | Assembly: Combine all chopped melons, grapes, apples, and oranges into large, clean catering bins. | 3. Mix & Toss | In a clean pitcher, whisk the orange juice, lemon/lime juice, and sugar together until the sugar completely dissolves. | Pour the glaze evenly over the fruit mixture. | Toss: Use a large plastic paddle or gloved hands to mix gently from the bottom up, ensuring the citrus juice thoroughly coats the diced apples to stop them from browning. | 4. Chill & Serve | Cover the catering bins securely and keep refrigerated for at least 30 minutes before serving. | Serving: Serve with a slotted spoon to leave excess pooled juices at the bottom of the bin.",1,,[],specific,"[""KBR-384""]","[""KBR""]",,true
MIX MELON PORTION KBR-384 ONEGO V3,RCP-004-MIXMELONPO-KBR384ONEGOV3,📊 TOTAL PORTION WEIGHTS FOR 100 PERSONS (MELONS ONLY),,FW,1,"[{""ingredient_name"": ""WATERMELONS"", ""quantity"": 85, ""unit"": ""g"", ""item_code"": ""PR000084"", ""ingredient_id"": """"}, {""ingredient_name"": ""WATERMELONS"", ""quantity"": 65, ""unit"": ""g"", ""item_code"": ""PR000084"", ""ingredient_id"": """"}]",[],"Watermelon (Cubed yield): 8.5 kg (18.7 lbs) | Sweet Melon / Cantaloupe (Cubed yield): 6.5 kg (14.3 lbs) | Total Edible Weight on the Line: 15.0 kg (33.0 lbs) | Serving Size: 150 grams (Approx. 3/4 to 1 cup) of solid melon pieces per person. [1] | These values represent the complete nutritional breakdown for the final 15 kg of combined edible melon chunks. | Nutrient | Total Amount (100 Servings) | Calories | 4,760 kcal | Total Carbohydrates | 1,155 g | ◽ Dietary Fiber | 73 g | ◽ Total Sugars | 1,043 g | Protein | 101 g | Total Fat | 12 g | ◽ Saturated Fat | 0 g | Cholesterol | 0 mg | Sodium | 3,900 mg | Vitamin C | 4,690 mg | Vitamin A | 39,650 mcg | Potassium | 35,050 mg",,,[],specific,"[""KBR-384""]","[""KBR""]",,true
VIP FRUIT SALAD KBR-384 ONEGO V3,RCP-005-VIPFRUITSA-KBR384ONEGOV3,📋 RECIPE CARD: RAINBOW MIXED FRUIT SALAD,,FW,1,"[{""ingredient_name"": ""Strawberries"", ""quantity"": 45, ""unit"": ""g"", ""item_code"": ""RCPMIS-V5-002-STRAWBER"", ""ingredient_id"": """"}, {""ingredient_name"": ""whole Pineapples"", ""quantity"": 0.04, ""unit"": ""pieces"", ""item_code"": ""RCPMIS-V5-003-WHOLEPIN"", ""ingredient_id"": """"}, {""ingredient_name"": ""A-TFG FRESHLY FRUIT C/TAIL 6/2.5KG"", ""quantity"": 27, ""unit"": ""g"", ""item_code"": ""139845"", ""ingredient_id"": """"}, {""ingredient_name"": ""KIWI FRUIT"", ""quantity"": 15, ""unit"": ""g"", ""item_code"": ""PR000078"", ""ingredient_id"": """"}, {""ingredient_name"": ""Fresh Blueberries"", ""quantity"": 15, ""unit"": ""g"", ""item_code"": ""RCPMIS-V5-004-FRESHBLU"", ""ingredient_id"": """"}, {""ingredient_name"": ""ORANGE (AFRICAN/EGYPT) NAVEL (CLASS A)"", ""quantity"": 36, ""unit"": ""g"", ""item_code"": ""PR000092"", ""ingredient_id"": """"}, {""ingredient_name"": ""TFG AL RABIE ORANGE JUCIE 8/1LTR"", ""quantity"": 7.2, ""unit"": ""ml"", ""item_code"": ""379405"", ""ingredient_id"": """"}, {""ingredient_name"": ""TFG MOONATY LEMON JUICE 12/1LTR"", ""quantity"": 3.6, ""unit"": ""ml"", ""item_code"": ""429366"", ""ingredient_id"": """"}, {""ingredient_name"": ""A-TAFGA SHIFA HONEY 12/500G"", ""quantity"": 4.8, ""unit"": ""g"", ""item_code"": ""132822"", ""ingredient_id"": """"}, {""ingredient_name"": ""ORANGE (AFRICAN/EGYPT) NAVEL (CLASS A)"", ""quantity"": 0.45, ""unit"": ""g"", ""item_code"": ""PR000092"", ""ingredient_id"": """"}]",[],"1. Wash and Thoroughly Dry | Wash all berries, grapes, and citrus fruits under cold water. | Crucial Step: Dry the fruit completely on clean paper towels or kitchen cloths. Excess surface water will dilute the glaze, make the salad soggy, and cause it to spoil quickly. | 2. Mass Prep and Dicing | Berries & Grapes: Quarter the strawberries. Slice larger grapes in half; leave smaller grapes and blueberries whole. | Pineapple & Kiwi: Cube the pineapple into bite-sized chunks. Peel and dice the kiwi. | Mandarins: Peel and pull apart into segments, checking for stray seeds or tough white pith. | Combine all fruits except the bananas into huge, clean, food-safe catering bins or oversized bowls. | 3. Whisk the Glaze | In a separate bowl, whisk together the orange juice, lime/lemon juice, honey, and zests until completely integrated and the honey dissolves. | Pour the dressing evenly over the fruit mix. Toss very gently using large clean paddles or gloved hands so you don't bruise the berries or mash the kiwi. | 4. Chill & Add Final Fruit | Cover tightly and refrigerate for at least 30 to 60 minutes before serving. (Do not prep more than 4 hours ahead, or the fruits will release too much juice). [5, 12] | Just Before Serving: Peel and slice the bananas. Gently fold them into the salad along with a handful of fresh mint leaves right before it goes to the buffet line. (Adding bananas early causes them to go brown and slimy).",2,,[],specific,"[""KBR-384""]","[""KBR""]",,true
Chana Masala KBR-384 ONEGO V3,RCP-006-CHANAMASAL-KBR384ONEGOV3,Chana Masala (Indian Style),,Breakfast Items,1,"[{""ingredient_name"": ""AMAL CHICK PEAS # 07 1/15KG"", ""quantity"": 70, ""unit"": ""g"", ""item_code"": ""GR003046"", ""ingredient_id"": """"}, {""ingredient_name"": ""DRY ONION (LOCAL)"", ""quantity"": 50, ""unit"": ""g"", ""item_code"": ""PR000020"", ""ingredient_id"": """"}, {""ingredient_name"": ""TOMATO (ADY)"", ""quantity"": 60, ""unit"": ""g"", ""item_code"": ""PR000005"", ""ingredient_id"": """"}, {""ingredient_name"": ""GREEN CHILLI (INDIAN)"", ""quantity"": 3, ""unit"": ""g"", ""item_code"": ""PR000016"", ""ingredient_id"": """"}, {""ingredient_name"": ""GARLIC  (CHINA)"", ""quantity"": 8, ""unit"": ""g"", ""item_code"": ""PR000018"", ""ingredient_id"": """"}, {""ingredient_name"": ""TAFGA DALAL COOKING OIL-(SAUDI) 1/18LTR"", ""quantity"": 0.025, ""unit"": ""l"", ""item_code"": ""221871"", ""ingredient_id"": """"}, {""ingredient_name"": ""SHAN CUMIN WHOLE  10/1KG"", ""quantity"": 1, ""unit"": ""g"", ""item_code"": ""GR000554"", ""ingredient_id"": """"}, {""ingredient_name"": ""TFG NIAZ BAY LEAVES 1/1KG"", ""quantity"": 0.04, ""unit"": ""g"", ""item_code"": ""147040"", ""ingredient_id"": """"}, {""ingredient_name"": ""SHAN TURMERIC POWDER  10/1KG"", ""quantity"": 1.2, ""unit"": ""g"", ""item_code"": ""GR000043"", ""ingredient_id"": """"}, {""ingredient_name"": ""SHAN RED CHILLI POWDER 10/1KG"", ""quantity"": 2, ""unit"": ""g"", ""item_code"": ""GR000042"", ""ingredient_id"": """"}, {""ingredient_name"": ""SHAN CORIANDER POWDER  10/1KG"", ""quantity"": 4, ""unit"": ""g"", ""item_code"": ""GR000553"", ""ingredient_id"": """"}, {""ingredient_name"": ""SHAN CUMIN POWDER 10/1KG"", ""quantity"": 2, ""unit"": ""g"", ""item_code"": ""GR000583"", ""ingredient_id"": """"}, {""ingredient_name"": ""SHAN KORMA MASALA 10/1KG"", ""quantity"": 1.5, ""unit"": ""g"", ""item_code"": ""GR001943"", ""ingredient_id"": """"}, {""ingredient_name"": ""Chana masala spice mix"", ""quantity"": 3, ""unit"": ""g"", ""item_code"": ""RCPMIS-V5-005-CHANAMAS"", ""ingredient_id"": """"}, {""ingredient_name"": ""TAFGA REHAN SALT IODIZED 24/700G"", ""quantity"": 4, ""unit"": ""g"", ""item_code"": ""166780"", ""ingredient_id"": """"}, {""ingredient_name"": ""CORIANDER LEAVES (BDL)"", ""quantity"": 15, ""unit"": ""g"", ""item_code"": ""PR000062"", ""ingredient_id"": """"}, {""ingredient_name"": ""TFG MOONATY LEMON JUICE 12/1LTR"", ""quantity"": 5, ""unit"": ""ml"", ""item_code"": ""429366"", ""ingredient_id"": """"}, {""ingredient_name"": ""(TAFGA) NOVA WATER 24/0.55-0.6LTR"", ""quantity"": 0.15, ""unit"": ""l"", ""item_code"": ""224894"", ""ingredient_id"": """"}]",[],Soak & Cook Chickpeas | Soak overnight (8–10 hrs). | Pressure cook until soft (but not mushy). | Prepare Masala Base | Heat oil in large pot. | Add cumin seeds & bay leaves. | Add onions → cook until golden brown. | Add Aromatics | Add ginger-garlic paste & green chili. | Sauté until raw smell disappears. | Tomato & Spices | Add tomatoes and cook until oil separates. | Add all powdered spices + salt. | Combine Chickpeas | Add cooked chickpeas + water. | Simmer for 30–40 minutes for thick gravy. | Finish | Add garam masala + lemon juice. | Garnish with fresh coriander. | 🍽️ Portioning | 150 g per serving | Total yield ≈ 15 kg finished dish | 🔥 Approximate Nutrition (Per 150 g Serving) | Calories: 180–220 kcal | Protein: 7–9 g | Carbohydrates: 25–30 g | Fat: 6–8 g | Fiber: 6–8 g | ⚠️ Allergen Information | Contains: | ❗ Legumes (Chickpeas),,,"[""milk""]",specific,"[""KBR-384""]","[""KBR""]",,true
Dal Chana Fry (Breakfast Items 1) KBR-384 ONEGO V3,RCP-007-DALCHANAFR-KBR384ONEGOV3,Dal Chana Fry (100 Pax),,Breakfast Items,1,"[{""ingredient_name"": ""A-MELOW INDIAN YELLOW SPLIT CHICK PEAS 1/15KG"", ""quantity"": 60, ""unit"": ""g"", ""item_code"": ""386163"", ""ingredient_id"": """"}, {""ingredient_name"": ""DRY ONION (LOCAL)"", ""quantity"": 25, ""unit"": ""g"", ""item_code"": ""PR000020"", ""ingredient_id"": """"}, {""ingredient_name"": ""TOMATO (ADY)"", ""quantity"": 25, ""unit"": ""g"", ""item_code"": ""PR000005"", ""ingredient_id"": """"}, {""ingredient_name"": ""GARLIC  (CHINA)"", ""quantity"": 4, ""unit"": ""g"", ""item_code"": ""PR000018"", ""ingredient_id"": """"}, {""ingredient_name"": ""GREEN CHILLI (INDIAN)"", ""quantity"": 2, ""unit"": ""g"", ""item_code"": ""PR000016"", ""ingredient_id"": """"}, {""ingredient_name"": ""TAFGA DALAL COOKING OIL-(SAUDI) 1/18LTR"", ""quantity"": 0.015, ""unit"": ""l"", ""item_code"": ""221871"", ""ingredient_id"": """"}, {""ingredient_name"": ""SHAN CUMIN WHOLE  10/1KG"", ""quantity"": 1, ""unit"": ""g"", ""item_code"": ""GR000554"", ""ingredient_id"": """"}, {""ingredient_name"": ""SHAN TURMERIC POWDER  10/1KG"", ""quantity"": 0.8, ""unit"": ""g"", ""item_code"": ""GR000043"", ""ingredient_id"": """"}, {""ingredient_name"": ""SHAN RED CHILLI POWDER 10/1KG"", ""quantity"": 1.2, ""unit"": ""g"", ""item_code"": ""GR000042"", ""ingredient_id"": """"}, {""ingredient_name"": ""SHAN CORIANDER POWDER  10/1KG"", ""quantity"": 2, ""unit"": ""g"", ""item_code"": ""GR000553"", ""ingredient_id"": """"}, {""ingredient_name"": ""SHAN KORMA MASALA 10/1KG"", ""quantity"": 1, ""unit"": ""g"", ""item_code"": ""GR001943"", ""ingredient_id"": """"}, {""ingredient_name"": ""TAFGA REHAN SALT IODIZED 24/700G"", ""quantity"": 2.5, ""unit"": ""g"", ""item_code"": ""166780"", ""ingredient_id"": """"}, {""ingredient_name"": ""CORIANDER LEAVES (BDL)"", ""quantity"": 5, ""unit"": ""g"", ""item_code"": ""PR000062"", ""ingredient_id"": """"}, {""ingredient_name"": ""(TAFGA) NOVA WATER 24/0.55-0.6LTR"", ""quantity"": 0.2, ""unit"": ""l"", ""item_code"": ""224894"", ""ingredient_id"": """"}, {""ingredient_name"": ""TFG MOONATY LEMON JUICE 12/1LTR"", ""quantity"": 2, ""unit"": ""ml"", ""item_code"": ""429366"", ""ingredient_id"": """"}]",[],"Wash & soak dal | Wash chana dal thoroughly and soak for 1–2 hours. | Boil dal | Cook dal with turmeric and water until soft but not mushy (approx. 20–30 min in bulk cooker). | Prepare masala base | Heat oil/ghee in large pot. | Add cumin seeds → let splutter. | Add onions → sauté until golden brown. | Add aromatics | Add ginger-garlic paste and green chili → cook until raw smell disappears. | Add tomatoes & spices | Add tomatoes, red chili powder, coriander powder, salt. | Cook until oil separates. | Combine dal | Add cooked dal to masala. | Adjust consistency with water. | Final seasoning | Add garam masala and simmer for 10–15 minutes. | Garnish with fresh coriander and lemon juice. | 🔥 Nutritional Value (Per 150 g Serving - Approx.) | Nutrient | Amount | Calories | 180–220 kcal | Protein | 9–11 g | Carbohydrates | 22–25 g | Fat | 6–8 g | Fiber | 6–8 g | ⚠️ Allergen Information | Legumes (Chana Dal / Chickpeas) – main allergen | Possible cross-contact: | Dairy (if ghee is used) | Gluten (if processed in shared kitchen) | Free from: | Nuts (unless contaminated) | Eggs | Seafood | ✅ Notes for Catering | Maintain medium-thick consistency for buffet service. | Use ghee + oil mix for better flavor in premium service.",,,"[""milk""]",specific,"[""KBR-384""]","[""KBR""]",,true
Dal Masoor (Breakfast Items 1) KBR-384 ONEGO V3,RCP-008-DALMASOOR-KBR384ONEGOV3,Dal Masoor (Indian Style) – 100 Pax,,Breakfast Items,1,"[{""ingredient_name"": ""A-MELLOW PULSE RED LENTIL 1/15KG"", ""quantity"": 70, ""unit"": ""g"", ""item_code"": ""142007"", ""ingredient_id"": """"}, {""ingredient_name"": ""(TAFGA) NOVA WATER 24/0.55-0.6LTR"", ""quantity"": 0.3, ""unit"": ""l"", ""item_code"": ""224894"", ""ingredient_id"": """"}, {""ingredient_name"": ""DRY ONION (LOCAL)"", ""quantity"": 30, ""unit"": ""g"", ""item_code"": ""PR000020"", ""ingredient_id"": """"}, {""ingredient_name"": ""TOMATO (ADY)"", ""quantity"": 40, ""unit"": ""g"", ""item_code"": ""PR000005"", ""ingredient_id"": """"}, {""ingredient_name"": ""GREEN CHILLI (INDIAN)"", ""quantity"": 2.5, ""unit"": ""g"", ""item_code"": ""PR000016"", ""ingredient_id"": """"}, {""ingredient_name"": ""GARLIC  (CHINA)"", ""quantity"": 5, ""unit"": ""g"", ""item_code"": ""PR000018"", ""ingredient_id"": """"}, {""ingredient_name"": ""SHAN TURMERIC POWDER  10/1KG"", ""quantity"": 1.2, ""unit"": ""g"", ""item_code"": ""GR000043"", ""ingredient_id"": """"}, {""ingredient_name"": ""SHAN RED CHILLI POWDER 10/1KG"", ""quantity"": 1.5, ""unit"": ""g"", ""item_code"": ""GR000042"", ""ingredient_id"": """"}, {""ingredient_name"": ""SHAN CORIANDER POWDER  10/1KG"", ""quantity"": 3, ""unit"": ""g"", ""item_code"": ""GR000553"", ""ingredient_id"": """"}, {""ingredient_name"": ""SHAN CUMIN WHOLE  10/1KG"", ""quantity"": 1.2, ""unit"": ""g"", ""item_code"": ""GR000554"", ""ingredient_id"": """"}, {""ingredient_name"": ""SHAN KORMA MASALA 10/1KG"", ""quantity"": 1.2, ""unit"": ""g"", ""item_code"": ""GR001943"", ""ingredient_id"": """"}, {""ingredient_name"": ""TAFGA REHAN SALT IODIZED 24/700G"", ""quantity"": 4.5, ""unit"": ""g"", ""item_code"": ""166780"", ""ingredient_id"": """"}]",[],"1. Prepare the Dal | Wash masoor dal thoroughly. | Boil with water, turmeric, and a little salt. | Cook until soft (approx. 25–30 minutes). | 2. Masala Base | Heat oil/ghee in a large pot. | Add cumin seeds → let them crackle. | Add onions → sauté until golden brown. | Add ginger-garlic paste → cook until raw smell disappears. | Add tomatoes → cook until oil separates. | 3. Add Spices | Add red chili powder, coriander powder, salt. | Cook the masala for 8–10 minutes. | 4. Combine | Add cooked dal into masala. | Mix well and adjust consistency with hot water. | Simmer for 15–20 minutes. | 5. Final Tadka | Heat oil separately. | Add garlic slices, cumin seeds, dry red chilies. | Pour hot tempering over dal. | 6. Garnish & Serve | Garnish with coriander leaves and lemon wedges. | Nutritional Information (Per 150 g Serving – Approx.) | Calories: 160–180 kcal | Protein: 9–11 g | Carbohydrates: 20–24 g | Fat: 5–7 g | Fiber: 6–8 g | Allergen Information | Contains: | None of the major allergens by default | May Contain (depending on kitchen handling): | Gluten (cross-contamination) | Dairy (if ghee is used instead of oil) | Chef Notes | Adjust thickness depending on service style (buffet vs plated). | For richer flavor, increase ghee in tempering. | Can be held hot for long service without quality loss.",,,"[""milk""]",specific,"[""KBR-384""]","[""KBR""]",,true
Dall Mong KBR-384 ONEGO V3,RCP-009-DALLMONG-KBR384ONEGOV3,Fried Dall Mongo Recipe (100 pax),,Breakfast Items,1,"[{""ingredient_name"": ""A-TAFGA MELLOW DAL MOONG WHL 1/15KG"", ""quantity"": 150, ""unit"": ""g"", ""item_code"": ""180808"", ""ingredient_id"": """"}, {""ingredient_name"": ""DRY ONION (LOCAL)"", ""quantity"": 50, ""unit"": ""g"", ""item_code"": ""PR000020"", ""ingredient_id"": """"}, {""ingredient_name"": ""TOMATO (ADY)"", ""quantity"": 50, ""unit"": ""g"", ""item_code"": ""PR000005"", ""ingredient_id"": """"}, {""ingredient_name"": ""GARLIC  (CHINA)"", ""quantity"": 5, ""unit"": ""g"", ""item_code"": ""PR000018"", ""ingredient_id"": """"}, {""ingredient_name"": ""GREEN CHILLI (INDIAN)"", ""quantity"": 3, ""unit"": ""g"", ""item_code"": ""PR000016"", ""ingredient_id"": """"}, {""ingredient_name"": ""GINGER (CHINA)"", ""quantity"": 2.5, ""unit"": ""g"", ""item_code"": ""PR000019"", ""ingredient_id"": """"}, {""ingredient_name"": ""TAFGA DALAL COOKING OIL-(SAUDI) 1/18LTR"", ""quantity"": 0.025, ""unit"": ""l"", ""item_code"": ""221871"", ""ingredient_id"": """"}, {""ingredient_name"": ""SHAN CUMIN WHOLE  10/1KG"", ""quantity"": 1, ""unit"": ""g"", ""item_code"": ""GR000554"", ""ingredient_id"": """"}, {""ingredient_name"": ""SHAN CORIANDER POWDER  10/1KG"", ""quantity"": 2, ""unit"": ""g"", ""item_code"": ""GR000553"", ""ingredient_id"": """"}, {""ingredient_name"": ""SHAN TURMERIC POWDER  10/1KG"", ""quantity"": 0.5, ""unit"": ""g"", ""item_code"": ""GR000043"", ""ingredient_id"": """"}, {""ingredient_name"": ""SHAN RED CHILLI POWDER 10/1KG"", ""quantity"": 1, ""unit"": ""g"", ""item_code"": ""GR000042"", ""ingredient_id"": """"}, {""ingredient_name"": ""SHAN KORMA MASALA 10/1KG"", ""quantity"": 0.5, ""unit"": ""g"", ""item_code"": ""GR001943"", ""ingredient_id"": """"}, {""ingredient_name"": ""CORIANDER LEAVES (BDL)"", ""quantity"": 5, ""unit"": ""g"", ""item_code"": ""PR000062"", ""ingredient_id"": """"}]",[],"Soak Dall Mongo | Soak 15 kg of Dall Mongo in water for 3–4 hours or overnight to reduce cooking time. | Boil the Beans | Drain and rinse the soaked beans. | Boil in salted water until tender but not mushy (approx. 20–25 minutes). Drain excess water. | Prepare the Masala | Heat 2.5 L oil/ghee in large frying pans or industrial woks. | Add cumin seeds; when they splutter, add sliced onions. Fry until golden brown. | Add garlic, ginger, and green chilies. Sauté for 2–3 minutes. | Add chopped tomatoes, coriander powder, turmeric, red chili powder. Cook until tomatoes soften and oil separates. | Combine and Fry | Add boiled mung beans to the masala. | Mix well and fry on medium heat for 10–15 minutes to allow beans to absorb flavors. | Finish | Sprinkle garam masala and chopped coriander leaves. | Adjust salt and spices as needed. | Serving | Each serving: 150 g | Serve hot as a side dish with rice, roti, or naan. | Nutritional Info (Approximate per 150 g serving) | Nutrient | Amount per 150 g | Calories | 210 kcal | Protein | 12 g | Carbohydrates | 28 g | Fat | 6 g | Fiber | 7 g | Allergens | Contains: None inherently (mung beans are naturally gluten-free and nut-free). | May contain: Traces if cooked in shared oil with dairy (ghee) or other allergens.",,,"[""milk""]",specific,"[""KBR-384""]","[""KBR""]",,true
Foul Medames KBR-384 ONEGO V3,RCP-010-FOULMEDAME-KBR384ONEGOV3,"Foul Medames (stewed fava beans) for 150 grams per serving,",,Breakfast Items,1,"[{""ingredient_name"": ""A-TFGA LUNA FOUL MEDAMAS 24/400G"", ""quantity"": 100, ""unit"": ""g"", ""item_code"": ""191262"", ""ingredient_id"": """"}, {""ingredient_name"": ""TAFGA OLIVE OIL 12/500ML"", ""quantity"": 5, ""unit"": ""ml"", ""item_code"": ""185208"", ""ingredient_id"": """"}, {""ingredient_name"": ""TFG MOONATY LEMON JUICE 12/1LTR"", ""quantity"": 5, ""unit"": ""ml"", ""item_code"": ""429366"", ""ingredient_id"": """"}]",[],"Cook the beans: If using dried fava beans, soak overnight and boil until tender. If using canned/cooked, drain and rinse. | Prepare the mixture: Mash the beans slightly in a bowl, leaving some whole for texture. | Season: Add minced garlic, olive oil, lemon juice, and salt. Mix well. | Garnish & Serve: Sprinkle chopped parsley and optional diced tomatoes on top. Serve warm or at room temperature. | Nutrition (per 150 g serving) | Calories: ~180 kcal | Protein: 9 g | Carbohydrates: 27 g | Fat: 5 g | Fiber: 8 g | Allergen Information | Contains legumes (fava beans) | May contain traces of garlic (if sensitive)",,,[],specific,"[""KBR-384""]","[""KBR""]",,true
Boiled Eggs KBR-384 ONEGO V3,RCP-011-BOILEDEGGS-KBR384ONEGOV3,📋 RECIPE CARD: HARD-BOILED EGGS (100 PORTIONS),,Breakfast Items,1,"[{""ingredient_name"": ""SAEDCO FRESH EGGS MEDIUM 12/30 CT"", ""quantity"": 1, ""unit"": ""pieces"", ""item_code"": ""142110"", ""ingredient_id"": """"}, {""ingredient_name"": ""TAFGA REHAN SALT IODIZED 24/700G"", ""quantity"": 0.6, ""unit"": ""g"", ""item_code"": ""166780"", ""ingredient_id"": """"}, {""ingredient_name"": ""(TAFGA) NOVA WATER 24/0.55-0.6LTR"", ""quantity"": 0.4, ""unit"": ""l"", ""item_code"": ""224894"", ""ingredient_id"": """"}]",[],"Setup: Divide the 100 eggs equally into two 20-liter stockpots. Cover with cold tap water until it sits 2 inches above the eggs. Add 2 tablespoons of salt and ¼ cup of vinegar to each pot. | Boil: Bring both pots to a rapid boil over high heat. The moment the water hits a hard boil, turn off the heat completely, cover with lids, and let sit undisturbed for 12 minutes. | Shock: Transfer the hot eggs immediately into bins filled with crushed ice and cold water. Leave submerged for 15 minutes. | Peel: Tap the cooled eggs to crackle the shells, then peel under cold running water starting from the wide bottom end. Store in shallow pans in the refrigerator at 4°C (40°F) or lower. | 🧪 NUTRITIONAL PROFILE (100 PORTIONS COMBINED) | Calories: 7,200 kcal | Protein: 630 g | Total Fat: 480 g | Total Carbohydrates: 40 g | Sodium: 6,200 mg",,,"[""egg""]",specific,"[""KBR-384""]","[""KBR""]",,true
Cheese Omelette.with onion tomato KBR-384 ONEGO V3,RCP-012-CHEESEOMEL-KBR384ONEGOV3,Cheese Omelette (120 g per serving),,Breakfast Items,1,"[{""ingredient_name"": ""SAEDCO FRESH EGGS MEDIUM 12/30 CT"", ""quantity"": 2, ""unit"": ""pieces"", ""item_code"": ""142110"", ""ingredient_id"": """"}, {""ingredient_name"": ""DRY ONION (LOCAL)"", ""quantity"": 20, ""unit"": ""g"", ""item_code"": ""PR000020"", ""ingredient_id"": """"}, {""ingredient_name"": ""TOMATO (ADY)"", ""quantity"": 20, ""unit"": ""g"", ""item_code"": ""PR000005"", ""ingredient_id"": """"}, {""ingredient_name"": ""TAFGA DALAL COOKING OIL-(SAUDI) 1/18LTR"", ""quantity"": 5, ""unit"": ""g"", ""item_code"": ""221871"", ""ingredient_id"": """"}, {""ingredient_name"": ""TAFGA SLICED CHEESE 9/800G"", ""quantity"": 1, ""unit"": ""pieces"", ""item_code"": ""171301"", ""ingredient_id"": """"}, {""ingredient_name"": ""CORIANDER LEAVES (BDL)"", ""quantity"": 2, ""unit"": ""g"", ""item_code"": ""PR000062"", ""ingredient_id"": """"}]",[],"Prepare ingredients:Chop onion, tomato, and herbs. Keep the cheese slice ready. | Beat the eggs:Crack eggs into a bowl, add salt and pepper, and whisk until smooth. | Cook vegetables:Heat butter/oil in a non-stick pan over medium heat. Sauté onions for 1–2 minutes until translucent, then add tomatoes and cook for another 1 minute. | Add eggs:Pour the beaten eggs over the vegetables. Cook gently, lifting edges with a spatula to allow uncooked eggs to flow underneath. | Add cheese:When eggs are mostly set but slightly runny on top, place the cheese slice in the center. Fold the omelette over the cheese and cook for another 1–2 minutes until the cheese melts. | Serve:Slide onto a plate and garnish with herbs if desired. | Nutritional Information (Approximate per 120 g serving) | Nutrient | Amount | Calories | 230 kcal | Protein | 14 g | Fat | 18 g | Carbohydrates | 3 g | Fiber | 0.5 g | Sugar | 1 g | Sodium | 380 mg | Allergen Information | Eggs – present | Dairy – cheese slice and butter contain milk | May contain traces of gluten if using processed cheese with additives",,,"[""egg"", ""milk""]",specific,"[""KBR-384""]","[""KBR""]",,true
Egg Shakshuka KBR-384 ONEGO V3,RCP-013-EGGSHAKSHU-KBR384ONEGOV3,Egg Shakshuka (100 g per serving),,Breakfast Items,1,"[{""ingredient_name"": ""SAEDCO FRESH EGGS MEDIUM 12/30 CT"", ""quantity"": 1, ""unit"": ""pieces"", ""item_code"": ""142110"", ""ingredient_id"": """"}, {""ingredient_name"": ""TOMATO (ADY)"", ""quantity"": 75, ""unit"": ""g"", ""item_code"": ""PR000005"", ""ingredient_id"": """"}, {""ingredient_name"": ""DRY ONION (LOCAL)"", ""quantity"": 25, ""unit"": ""g"", ""item_code"": ""PR000020"", ""ingredient_id"": """"}, {""ingredient_name"": ""GREEN PEPPER (LBN)"", ""quantity"": 25, ""unit"": ""g"", ""item_code"": ""PR000009"", ""ingredient_id"": """"}, {""ingredient_name"": ""TAFGA OLIVE OIL 12/500ML"", ""quantity"": 7.5, ""unit"": ""ml"", ""item_code"": ""185208"", ""ingredient_id"": """"}, {""ingredient_name"": ""GARLIC  (CHINA)"", ""quantity"": 2.5, ""unit"": ""g"", ""item_code"": ""PR000018"", ""ingredient_id"": """"}, {""ingredient_name"": ""Fresh parsley"", ""quantity"": 7.5, ""unit"": ""ml"", ""item_code"": ""RCPMIS-V5-006-FRESHPAR"", ""ingredient_id"": """"}]",[],"Heat olive oil in a non-stick pan over medium heat. | Add onions and red bell pepper; sauté until softened (≈5 min). | Add garlic, paprika, cumin, and chili flakes; cook 1 min until fragrant. | Stir in chopped tomatoes, season with salt and pepper, and simmer for 5–7 min until sauce thickens. | Make small wells in the sauce and crack eggs into them. | Cover pan and cook for 5–6 min until eggs are set but yolks remain slightly runny (adjust time for firmer yolks). | Garnish with fresh parsley and serve hot. | Nutrition (per 100 g serving) | Calories: ~120 kcal | Protein: 6 g | Fat: 8 g | Carbohydrates: 5 g | Fiber: 1 g | Allergens | Eggs – present | May contain traces of garlic/onion (for highly sensitive individuals)",,,"[""egg""]",specific,"[""KBR-384""]","[""KBR""]",,true
Egg with Potato KBR-384 ONEGO V3,RCP-014-EGGWITHPOT-KBR384ONEGOV3,Egg with Potato Recipe (1 Serving),,Breakfast Items,1,"[{""ingredient_name"": ""SAEDCO FRESH EGGS MEDIUM 12/30 CT"", ""quantity"": 2, ""unit"": ""pieces"", ""item_code"": ""142110"", ""ingredient_id"": """"}, {""ingredient_name"": ""POTATO (LOCAL)"", ""quantity"": 100, ""unit"": ""g"", ""item_code"": ""PR000022"", ""ingredient_id"": """"}, {""ingredient_name"": ""TAFGA OLIVE OIL 12/500ML"", ""quantity"": 5, ""unit"": ""ml"", ""item_code"": ""185208"", ""ingredient_id"": """"}]",[],"Peel and dice the potato into small cubes. | Heat the olive oil in a non-stick pan over medium heat. | Add the potato cubes and sauté for 8–10 minutes until golden and cooked through. | In a bowl, beat the eggs with salt and pepper. | Pour the eggs over the cooked potatoes and stir gently until the eggs are cooked to your liking. | Garnish with optional herbs or onions. Serve hot. | Nutrition Information (Estimated per Serving) | Calories: 220–250 kcal | Protein: 12 g | Fat: 12 g | Carbohydrates: 20 g | Fiber: 2 g | Allergens: | Eggs | May contain traces of dairy if butter is used instead of oil",,,"[""egg""]",specific,"[""KBR-384""]","[""KBR""]",,true
Fried Eggs.2 pcs KBR-384 ONEGO V3,RCP-015-FRIEDEGGS2-KBR384ONEGOV3,Fried Eggs (2 Pieces) – Simple Recipe,,Breakfast Items,1,"[{""ingredient_name"": ""SAEDCO FRESH EGGS MEDIUM 12/30 CT"", ""quantity"": 2, ""unit"": ""pieces"", ""item_code"": ""142110"", ""ingredient_id"": """"}, {""ingredient_name"": ""AL MARAI BUTTER UNSALT 4/100/10G"", ""quantity"": 5, ""unit"": ""g"", ""item_code"": ""DR000039"", ""ingredient_id"": """"}]",[],Heat a non-stick pan over medium heat. | Add oil or butter and let it melt. | Crack the eggs gently into the pan. | Cook for 2–3 minutes (sunny-side up) or flip and cook another 1 minute (over-easy). | Sprinkle salt and pepper. | Serve hot. | 🔥 Nutrition (Approx. for 2 fried eggs) | Calories: ~180–200 kcal | Protein: ~12 g | Fat: ~14–16 g | Carbohydrates: ~1 g | Cholesterol: ~370 mg | (Calories may increase if more oil/butter is used.) | ⚠️ Allergens | Eggs (major allergen) | Dairy (only if butter is used) | 💡 Tips | Use less oil or a spray to reduce calories. | Cook longer for fully set yolks if preferred. | Pair with whole-grain toast or vegetables for a balanced meal.,,,"[""egg"", ""milk""]",specific,"[""KBR-384""]","[""KBR""]",,true
Omlette with onion and tomato KBR-384 ONEGO V3,RCP-016-OMLETTEWIT-KBR384ONEGOV3,120-gram serving of Egg Omelette with Onion and Tomato,,Breakfast Items,1,"[{""ingredient_name"": ""SAEDCO FRESH EGGS MEDIUM 12/30 CT"", ""quantity"": 2, ""unit"": ""pieces"", ""item_code"": ""142110"", ""ingredient_id"": """"}, {""ingredient_name"": ""DRY ONION (LOCAL)"", ""quantity"": 30, ""unit"": ""g"", ""item_code"": ""PR000020"", ""ingredient_id"": """"}, {""ingredient_name"": ""TOMATO (ADY)"", ""quantity"": 30, ""unit"": ""g"", ""item_code"": ""PR000005"", ""ingredient_id"": """"}]",[],"Prep the ingredients: Chop onion, tomato, and herbs (if using). | Beat the eggs: In a bowl, whisk eggs with salt and pepper until smooth. | Cook onion & tomato: Heat oil or butter in a non-stick pan over medium heat. Sauté onions for 1–2 minutes until soft, then add tomatoes and cook 1–2 minutes. | Add eggs: Pour beaten eggs over the cooked vegetables. Tilt the pan to spread evenly. | Cook omelette: Cook for 2–3 minutes until edges set. Flip carefully or fold, and cook another 1–2 minutes until eggs are fully cooked but soft. | Serve: Garnish with herbs if desired. | Nutrition (approximate per 120 g serving) | Nutrient | Amount | Calories | 180 kcal | Protein | 12 g | Fat | 13 g | Carbohydrates | 5 g | Fiber | 1 g | Sugars | 2 g | Allergen Information | Eggs: major allergen | Dairy (if butter used): minor allergen | Onion & Tomato: generally safe, may trigger sensitivities in some individuals",,,"[""egg""]",specific,"[""KBR-384""]","[""KBR""]",,true
Pan omelette KBR-384 ONEGO V3,RCP-017-PANOMELETT-KBR384ONEGOV3,"To prepare a plain omelet scaled for 100 portions, you will need a total of 200 to 300 large eggs, assuming standard commercial scaling of 2 to 3 eggs per serving.",,Breakfast Items,1,"[{""ingredient_name"": ""SAEDCO FRESH EGGS MEDIUM 12/30 CT"", ""quantity"": 2, ""unit"": ""pieces"", ""item_code"": ""142110"", ""ingredient_id"": """"}, {""ingredient_name"": ""(TAFGA) NOVA WATER 24/0.55-0.6LTR"", ""quantity"": 7.2, ""unit"": ""ml"", ""item_code"": ""224894"", ""ingredient_id"": """"}, {""ingredient_name"": ""TAFGA REHAN SALT IODIZED 24/700G"", ""quantity"": 0.6, ""unit"": ""g"", ""item_code"": ""166780"", ""ingredient_id"": """"}, {""ingredient_name"": ""A-TAFGA FRESHLY PEPPER BLACK PWDR 6/16Z"", ""quantity"": 0.3, ""unit"": ""ml"", ""item_code"": ""185836"", ""ingredient_id"": """"}, {""ingredient_name"": ""AL MARAI BUTTER UNSALT 4/100/10G"", ""quantity"": 4.5, ""unit"": ""g"", ""item_code"": ""DR000039"", ""ingredient_id"": """"}]",[],"1. The Bulk Whisk & Strain | Crack all 200 eggs into a large, sanitized food-safe bucket or container. | Add the milk or water, salt, and pepper. | Use a heavy-duty immersion blender on low speed (or a large wire whisk) to mix until the whites and yolks are fully integrated and completely uniform. | Chef's Note: Pour the mixture through a fine-mesh chinois or strainer. This removes the chalazae (white egg strands) and guarantees a perfectly smooth texture that will not clog a commercial portion ladle. | 2. Made-to-Order Line Execution | Heat an 8-inch non-stick omelet pan over medium-low heat. | Add 1 teaspoon of butter and swirl to coat the bottom. | Using a 3.5 to 4-ounce ladle, pour exactly 1 ladle full of the strained egg mix (~100 ml) into the center of the hot pan. | Immediately agitate the pan while stirring continuously with a heat-resistant rubber spatula for 10 seconds to form soft curds. | Stop stirring, smooth the egg into an even layer, and let it set for 30 seconds until the bottom holds but the top remains slightly wet. | Fold the egg circle in half (or roll it into a cylinder), slide it onto a heated serving platter, and brush lightly with melted butter for a glossy finish. | 🧪 NUTRITIONAL PROFILE (PER 1 PORTION / 2 EGGS) | Calories: 185 kcal | Protein: 12.6 g | Total Fat: 13.8 g | Saturated Fat: 5.8 g | Total Carbohydrates: 0.8 g | Sodium: 340 mg",15,,"[""egg"", ""milk""]",specific,"[""KBR-384""]","[""KBR""]",,true
Plan cheese omlette KBR-384 ONEGO V3,RCP-018-PLANCHEESE-KBR384ONEGOV3,Cheese Omelette Recipe (Single Serving – 120g),,Breakfast Items,1,"[{""ingredient_name"": ""SAEDCO FRESH EGGS MEDIUM 12/30 CT"", ""quantity"": 2, ""unit"": ""pieces"", ""item_code"": ""142110"", ""ingredient_id"": """"}, {""ingredient_name"": ""AL MARAI BUTTER UNSALT 4/100/10G"", ""quantity"": 5, ""unit"": ""g"", ""item_code"": ""DR000039"", ""ingredient_id"": """"}, {""ingredient_name"": ""AL MARAI UHT MILF FF 12/1LTR"", ""quantity"": 10, ""unit"": ""ml"", ""item_code"": ""DR000005"", ""ingredient_id"": """"}, {""ingredient_name"": ""TAFGA REHAN SALT IODIZED 24/700G"", ""quantity"": 1.25, ""unit"": ""g"", ""item_code"": ""166780"", ""ingredient_id"": """"}, {""ingredient_name"": ""TAFGA SLICED CHEESE 9/800G"", ""quantity"": 1, ""unit"": ""pieces"", ""item_code"": ""171301"", ""ingredient_id"": """"}]",[],"Prepare the eggs: Crack the eggs into a bowl, add milk (optional), salt, and pepper. Beat until well combined. | Heat the pan: Place a non-stick pan on medium heat and add butter. Let it melt and coat the pan. | Cook the omelette base: Pour the beaten eggs into the pan and let it cook for 1–2 minutes until the edges start to set. | Add the cheese: Place one cheese slice in the center of the omelette. | Fold the omelette: Carefully fold the omelette over the cheese and cook for another 1–2 minutes until the cheese melts and eggs are fully cooked. | Serve hot: Transfer to a plate and enjoy. | Nutrition (Approximate per 120g serving): | Calories: 230 kcal | Protein: 14g | Fat: 18g | Carbohydrates: 1g | Fiber: 0g | Allergens: | Eggs | Milk (from cheese and optional milk) | Dairy",,,"[""egg"", ""milk""]",specific,"[""KBR-384""]","[""KBR""]",,true
Scrambled Eggs KBR-384 ONEGO V3,RCP-019-SCRAMBLEDE-KBR384ONEGOV3,Scrambled Eggs (100g per serving),,Breakfast Items,1,"[{""ingredient_name"": ""SAEDCO FRESH EGGS MEDIUM 12/30 CT"", ""quantity"": 2, ""unit"": ""pieces"", ""item_code"": ""142110"", ""ingredient_id"": """"}, {""ingredient_name"": ""AL MARAI UHT MILF FF 12/1LTR"", ""quantity"": 15, ""unit"": ""ml"", ""item_code"": ""DR000005"", ""ingredient_id"": """"}, {""ingredient_name"": ""AL MARAI BUTTER UNSALT 4/100/10G"", ""quantity"": 5, ""unit"": ""g"", ""item_code"": ""DR000039"", ""ingredient_id"": """"}]",[],"Crack the eggs into a bowl. | Add milk (optional), salt, and pepper. Whisk until smooth. | Heat a non-stick pan over medium heat and add butter or oil. | Pour in the egg mixture. | Let it sit for a few seconds, then gently stir with a spatula, folding the eggs over until soft and creamy. | Remove from heat just before fully set to avoid overcooking. | Serve hot. | Nutrition (approx. per 100 g serving) | Calories: 148 kcal | Protein: 10 g | Fat: 11 g | Carbohydrates: 1 g | Fiber: 0 g | Allergens | Eggs | Dairy (if milk or butter is used)",,,"[""egg"", ""milk""]",specific,"[""KBR-384""]","[""KBR""]",,true
Vegetable Omelette KBR-384 ONEGO V3,RCP-020-VEGETABLEO-KBR384ONEGOV3,"Vegetable Omelette (1 serving, ~150 grams)",,Breakfast Items,1,"[{""ingredient_name"": ""SAEDCO FRESH EGGS MEDIUM 12/30 CT"", ""quantity"": 2, ""unit"": ""pieces"", ""item_code"": ""142110"", ""ingredient_id"": """"}, {""ingredient_name"": ""DRY ONION (LOCAL)"", ""quantity"": 60, ""unit"": ""g"", ""item_code"": ""PR000020"", ""ingredient_id"": """"}, {""ingredient_name"": ""TOMATO (ADY)"", ""quantity"": 60, ""unit"": ""g"", ""item_code"": ""PR000005"", ""ingredient_id"": """"}, {""ingredient_name"": ""GREEN PEPPER (LBN)"", ""quantity"": 60, ""unit"": ""g"", ""item_code"": ""PR000009"", ""ingredient_id"": """"}, {""ingredient_name"": ""TFG BOREAL/TOMEX BELGIUM SPINACH 4/2.5KG"", ""quantity"": 60, ""unit"": ""g"", ""item_code"": ""139837"", ""ingredient_id"": """"}, {""ingredient_name"": ""TAFGA OLIVE OIL 12/500ML"", ""quantity"": 5, ""unit"": ""ml"", ""item_code"": ""185208"", ""ingredient_id"": """"}, {""ingredient_name"": ""TAFGA SLICED CHEESE 9/800G"", ""quantity"": 15, ""unit"": ""g"", ""item_code"": ""171301"", ""ingredient_id"": """"}]",[],"Prep the vegetables: Chop onion, tomato, bell pepper, and spinach. | Beat the eggs: In a bowl, whisk the eggs with a pinch of salt and pepper. | Cook the veggies: Heat olive oil or butter in a non-stick pan over medium heat. Sauté onions and bell peppers for 2–3 minutes, then add tomatoes and spinach for another 1–2 minutes. | Add eggs: Pour the beaten eggs over the vegetables, tilt the pan to spread evenly. | Cook the omelette: Cook for 2–3 minutes until the edges set, then fold the omelette. Optionally, sprinkle cheese on top before folding. | Serve: Slide onto a plate and enjoy hot. | Nutrition (Approximate) | Calories: 180–200 kcal (without cheese), ~220 kcal with 1 tbsp cheese | Protein: 12 g | Fat: 13 g | Carbohydrates: 6 g | Fiber: 1.5 g | Allergens | Eggs – main ingredient | Dairy – if cheese or butter is used | Optional cross-contact – if cooked in shared kitchen equipment",,,"[""egg"", ""milk""]",specific,"[""KBR-384""]","[""KBR""]",,true
Egg Curry KBR-384 ONEGO V3,RCP-021-EGGCURRY-KBR384ONEGOV3,Hearty Egg Curry (100 Servings),,Breakfast Items,1,"[{""ingredient_name"": ""SAEDCO FRESH EGGS MEDIUM 12/30 CT"", ""quantity"": 2, ""unit"": ""pieces"", ""item_code"": ""142110"", ""ingredient_id"": """"}, {""ingredient_name"": ""TAFGA DALAL COOKING OIL-(SAUDI) 1/18LTR"", ""quantity"": 9.5, ""unit"": ""ml"", ""item_code"": ""221871"", ""ingredient_id"": """"}, {""ingredient_name"": ""DRY ONION (LOCAL)"", ""quantity"": 68, ""unit"": ""g"", ""item_code"": ""PR000020"", ""ingredient_id"": """"}, {""ingredient_name"": ""GINGER (CHINA)"", ""quantity"": 3.5, ""unit"": ""g"", ""item_code"": ""PR000019"", ""ingredient_id"": """"}, {""ingredient_name"": ""GARLIC  (CHINA)"", ""quantity"": 3.5, ""unit"": ""g"", ""item_code"": ""PR000018"", ""ingredient_id"": """"}, {""ingredient_name"": ""TAFGA LUNA TOMATO PASTE 24/400G"", ""quantity"": 5, ""unit"": ""g"", ""item_code"": ""103023"", ""ingredient_id"": """"}, {""ingredient_name"": ""A-TAFGA GOODY WHOLE PEELED TOMATO 6/#10"", ""quantity"": 60, ""unit"": ""g"", ""item_code"": ""381887"", ""ingredient_id"": """"}, {""ingredient_name"": ""(TAFGA) NOVA WATER 24/0.55-0.6LTR"", ""quantity"": 0.15, ""unit"": ""l"", ""item_code"": ""224894"", ""ingredient_id"": """"}, {""ingredient_name"": ""TAFGA REHAN SALT IODIZED 24/700G"", ""quantity"": 3.5, ""unit"": ""g"", ""item_code"": ""166780"", ""ingredient_id"": """"}, {""ingredient_name"": ""SHAN TURMERIC POWDER  10/1KG"", ""quantity"": 2.5, ""unit"": ""g"", ""item_code"": ""GR000043"", ""ingredient_id"": """"}, {""ingredient_name"": ""SHAN RED CHILLI POWDER 10/1KG"", ""quantity"": 3, ""unit"": ""g"", ""item_code"": ""GR000042"", ""ingredient_id"": """"}, {""ingredient_name"": ""SHAN CORIANDER POWDER  10/1KG"", ""quantity"": 3.5, ""unit"": ""g"", ""item_code"": ""GR000553"", ""ingredient_id"": """"}, {""ingredient_name"": ""SHAN CUMIN POWDER 10/1KG"", ""quantity"": 2.5, ""unit"": ""g"", ""item_code"": ""GR000583"", ""ingredient_id"": """"}, {""ingredient_name"": ""SHAN KORMA MASALA 10/1KG"", ""quantity"": 3, ""unit"": ""g"", ""item_code"": ""GR001943"", ""ingredient_id"": """"}, {""ingredient_name"": ""A-MEHRAN KAUSRI METHILEAVES 12/50G"", ""quantity"": 0.3, ""unit"": ""g"", ""item_code"": ""276502"", ""ingredient_id"": """"}, {""ingredient_name"": ""CORIANDER LEAVES (BDL)"", ""quantity"": 3.2, ""unit"": ""g"", ""item_code"": ""PR000062"", ""ingredient_id"": """"}]",[],,45,45,"[""egg"", ""milk""]",specific,"[""KBR-384""]","[""KBR""]",,true
French Toast KBR-384 ONEGO V3,RCP-022-FRENCHTOAS-KBR384ONEGOV3,French Toast Recipe (2 slices per serving),,Breakfast Items,1,"[{""ingredient_name"": ""SLICED BREAD WHITE"", ""quantity"": 2, ""unit"": ""pieces"", ""item_code"": ""BK000001"", ""ingredient_id"": """"}, {""ingredient_name"": ""SAEDCO FRESH EGGS MEDIUM 12/30 CT"", ""quantity"": 1, ""unit"": ""pieces"", ""item_code"": ""142110"", ""ingredient_id"": """"}, {""ingredient_name"": ""AL MARAI UHT MILF FF 12/1LTR"", ""quantity"": 60, ""unit"": ""ml"", ""item_code"": ""DR000005"", ""ingredient_id"": """"}, {""ingredient_name"": ""NIAZ CINNAMON STICK 1/1KG"", ""quantity"": 2.5, ""unit"": ""g"", ""item_code"": ""GR003481"", ""ingredient_id"": """"}, {""ingredient_name"": ""TFGA CUSTARD POWDER 24/450G"", ""quantity"": 2.5, ""unit"": ""g"", ""item_code"": ""132875"", ""ingredient_id"": """"}, {""ingredient_name"": ""AL MARAI BUTTER UNSALT 4/100/10G"", ""quantity"": 5, ""unit"": ""g"", ""item_code"": ""DR000039"", ""ingredient_id"": """"}]",[],"In a shallow bowl, whisk the egg, milk, sugar, cinnamon, and vanilla until smooth. | Dip each slice of bread into the mixture, coating both sides. | Heat a non-stick pan over medium heat and melt butter or heat oil. | Cook the bread slices 2–3 minutes per side until golden brown. | Serve warm with syrup, honey, or fruit if desired.",,,"[""egg"", ""eggs"", ""milk"", ""milk / dairy"", ""wheat"", ""wheat / gluten""]",specific,"[""KBR-384""]","[""KBR""]",,true
Oatmeal KBR-384 ONEGO V3,RCP-023-OATMEAL-KBR384ONEGOV3,LARGE-BATCH STANDARD HOT OATMEAL,,Breakfast Items,1,"[{""ingredient_name"": ""TFG RIYADH/HAIEL WHITE OATS 24/400G"", ""quantity"": 50, ""unit"": ""g"", ""item_code"": ""111278"", ""ingredient_id"": """"}, {""ingredient_name"": ""(TAFGA) NOVA WATER 24/0.55-0.6LTR"", ""quantity"": 0.2, ""unit"": ""l"", ""item_code"": ""224894"", ""ingredient_id"": """"}, {""ingredient_name"": ""TAFGA REHAN SALT IODIZED 24/700G"", ""quantity"": 0.6, ""unit"": ""g"", ""item_code"": ""166780"", ""ingredient_id"": """"}, {""ingredient_name"": ""AL MARAI BUTTER UNSALT 4/100/10G"", ""quantity"": 2.5, ""unit"": ""g"", ""item_code"": ""DR000039"", ""ingredient_id"": """"}, {""ingredient_name"": ""AL MARAI UHT MILF FF 12/1LTR"", ""quantity"": 0.2, ""unit"": ""l"", ""item_code"": ""DR000005"", ""ingredient_id"": """"}, {""ingredient_name"": ""TFG RIYADH/HAIEL WHITE OATS 24/400G"", ""quantity"": 50, ""unit"": ""g"", ""item_code"": ""111278"", ""ingredient_id"": """"}, {""ingredient_name"": ""AL MARAI BUTTER UNSALT 4/100/10G"", ""quantity"": 2.5, ""unit"": ""g"", ""item_code"": ""DR000039"", ""ingredient_id"": """"}]",[],"1. Bring the Liquid to a Boil | Pour your 20 liters of liquid into the stockpot and add the 4 tablespoons of salt. Turn the heat to high.Chef's Note: If using 100% milk, keep the burner at medium-high and monitor it constantly to prevent scalding or boiling over. | 2. Incorporate the Grains | Once the liquid hits a rolling boil, add all 5 kg of rolled oats at once. Stir vigorously with your long paddle for 60 seconds to prevent clumps, then drop the burner heat to medium-low. | 3. Continuous Paddle Simmer | Simmer the oats for 5 to 8 minutes. Because the heavy volume of oats sits heavily on the bottom of the pot, you must scrape the floor of the stockpot continuously to prevent the batch from scorching. | 4. The Finish & Steam Rest | When the mixture is thick but still slightly loose, pull the stockpot entirely off the heat source. Fold in the optional 250g of butter. Seal the top of the pot immediately with heavy-duty foil or its lid and let it steam for 5 minutes to lock in moisture and finish cooking the grains perfectly.",,,"[""milk""]",specific,"[""KBR-384""]","[""KBR""]",,true
Butter Chicken KBR-384 ONEGO V3,RCP-024-BUTTERCHIC-KBR384ONEGOV3,Butter Chicken Recipe (100 Pax | 150 g per serving),,Chicken,1,"[{""ingredient_name"": ""TFG AMERICANA LOCAL CHICKEN BREAST1/10KG"", ""quantity"": 100, ""unit"": ""g"", ""item_code"": ""180259"", ""ingredient_id"": """"}, {""ingredient_name"": ""ALMARAI LABNEH FF 1/2.75KG"", ""quantity"": 25, ""unit"": ""g"", ""item_code"": ""DR000284"", ""ingredient_id"": """"}, {""ingredient_name"": ""GARLIC  (CHINA)"", ""quantity"": 4, ""unit"": ""g"", ""item_code"": ""PR000018"", ""ingredient_id"": """"}, {""ingredient_name"": ""TFG MOONATY LEMON JUICE 12/1LTR"", ""quantity"": 2, ""unit"": ""ml"", ""item_code"": ""429366"", ""ingredient_id"": """"}, {""ingredient_name"": ""SHAN RED CHILLI POWDER 10/1KG"", ""quantity"": 1.2, ""unit"": ""g"", ""item_code"": ""GR000042"", ""ingredient_id"": """"}, {""ingredient_name"": ""SHAN TURMERIC POWDER  10/1KG"", ""quantity"": 0.6, ""unit"": ""g"", ""item_code"": ""GR000043"", ""ingredient_id"": """"}, {""ingredient_name"": ""SHAN KORMA MASALA 10/1KG"", ""quantity"": 1.5, ""unit"": ""g"", ""item_code"": ""GR001943"", ""ingredient_id"": """"}, {""ingredient_name"": ""TAFGA REHAN SALT IODIZED 24/700G"", ""quantity"": 2, ""unit"": ""g"", ""item_code"": ""166780"", ""ingredient_id"": """"}, {""ingredient_name"": ""AL MARAI BUTTER UNSALT 4/100/10G"", ""quantity"": 25, ""unit"": ""g"", ""item_code"": ""DR000039"", ""ingredient_id"": """"}, {""ingredient_name"": ""TAFGA DALAL COOKING OIL-(SAUDI) 1/18LTR"", ""quantity"": 0.01, ""unit"": ""l"", ""item_code"": ""221871"", ""ingredient_id"": """"}, {""ingredient_name"": ""A-TAFGA GOODY WHOLE PEELED TOMATO 6/#10"", ""quantity"": 60, ""unit"": ""g"", ""item_code"": ""381887"", ""ingredient_id"": """"}, {""ingredient_name"": ""TAFGA MARAI COOKING CREAM 12/1LTR"", ""quantity"": 0.025, ""unit"": ""l"", ""item_code"": ""342384"", ""ingredient_id"": """"}, {""ingredient_name"": ""A- SPIXA CASHEW NUTS 1/1KG"", ""quantity"": 15, ""unit"": ""g"", ""item_code"": ""404349"", ""ingredient_id"": """"}, {""ingredient_name"": ""GARLIC  (CHINA)"", ""quantity"": 3, ""unit"": ""g"", ""item_code"": ""PR000018"", ""ingredient_id"": """"}, {""ingredient_name"": ""SHAN RED CHILLI POWDER 10/1KG"", ""quantity"": 1.5, ""unit"": ""g"", ""item_code"": ""GR000042"", ""ingredient_id"": """"}, {""ingredient_name"": ""(TAFGA) NOVA WATER 24/0.55-0.6LTR"", ""quantity"": 0.05, ""unit"": ""l"", ""item_code"": ""224894"", ""ingredient_id"": """"}, {""ingredient_name"": ""A-MEHRAN KAUSRI METHILEAVES 12/50G"", ""quantity"": 1, ""unit"": ""g"", ""item_code"": ""276502"", ""ingredient_id"": """"}, {""ingredient_name"": ""CORIANDER LEAVES (BDL)"", ""quantity"": 5, ""unit"": ""g"", ""item_code"": ""PR000062"", ""ingredient_id"": """"}]",[],"1. Marination | Mix yogurt, spices, lemon juice, and ginger-garlic paste | Add chicken and marinate for 4–6 hours (preferably overnight) | 2. Cooking Chicken | Grill or roast chicken (tandoor preferred) until 80% cooked | Keep aside | 3. Prepare Gravy | Heat butter + oil | Add ginger-garlic paste, sauté | Add tomato puree → cook until oil separates | Add chili powder, salt, sugar | Add cashew paste → cook until thick | 4. Combine | Add grilled chicken | Add water for consistency | Simmer 15–20 minutes | 5. Finish | Add cream + kasuri methi | Adjust seasoning | Garnish with coriander | 🔥 Approximate Nutrition (Per 150 g Serving) | Calories: 280–320 kcal | Protein: 18–22 g | Fat: 18–22 g | Carbohydrates: 8–12 g | (Values are approximate depending on cream & butter usage) | ⚠️ Allergen Information | Contains: | Dairy (butter, cream, yogurt) | Nuts (cashew paste) | May contain traces: | Gluten (if cross-contaminated in kitchen) | 💡 Notes for Bulk Cooking | Use chicken thigh for better moisture | Balance butter & cream based on cost control | Can be held in bain-marie for 2–3 hours without quality loss",,,"[""milk""]",specific,"[""KBR-384""]","[""KBR""]",,true
Chicken Biryani KBR-384 ONEGO V3,RCP-025-CHICKENBIR-KBR384ONEGOV3,Chicken Biryani Recipe (100 Pax),,Chicken,1,"[{""ingredient_name"": ""NIAZ BASMATI EXTRA LONG GRAIN XXL 1/40KG"", ""quantity"": 140, ""unit"": ""g"", ""item_code"": ""GR003677"", ""ingredient_id"": """"}, {""ingredient_name"": ""TAFGA REHAN SALT IODIZED 24/700G"", ""quantity"": 2.5, ""unit"": ""g"", ""item_code"": ""166780"", ""ingredient_id"": """"}, {""ingredient_name"": ""TANMIAH FRESH CHICKEN 1/900G"", ""quantity"": 180, ""unit"": ""g"", ""item_code"": ""205101"", ""ingredient_id"": """"}, {""ingredient_name"": ""ALMARAI LABNEH FF 1/2.75KG"", ""quantity"": 40, ""unit"": ""g"", ""item_code"": ""DR000284"", ""ingredient_id"": """"}, {""ingredient_name"": ""GARLIC  (CHINA)"", ""quantity"": 10, ""unit"": ""g"", ""item_code"": ""PR000018"", ""ingredient_id"": """"}, {""ingredient_name"": ""SHAN RED CHILLI POWDER 10/1KG"", ""quantity"": 4, ""unit"": ""g"", ""item_code"": ""GR000042"", ""ingredient_id"": """"}, {""ingredient_name"": ""SHAN TURMERIC POWDER  10/1KG"", ""quantity"": 1.5, ""unit"": ""g"", ""item_code"": ""GR000043"", ""ingredient_id"": """"}, {""ingredient_name"": ""SHAN CORIANDER POWDER  10/1KG"", ""quantity"": 5, ""unit"": ""g"", ""item_code"": ""GR000553"", ""ingredient_id"": """"}, {""ingredient_name"": ""SHAN KORMA MASALA 10/1KG"", ""quantity"": 2.5, ""unit"": ""g"", ""item_code"": ""GR001943"", ""ingredient_id"": """"}, {""ingredient_name"": ""TFG MOONATY LEMON JUICE 12/1LTR"", ""quantity"": 5, ""unit"": ""ml"", ""item_code"": ""429366"", ""ingredient_id"": """"}, {""ingredient_name"": ""TAFGA REHAN SALT IODIZED 24/700G"", ""quantity"": 3.5, ""unit"": ""g"", ""item_code"": ""166780"", ""ingredient_id"": """"}, {""ingredient_name"": ""DRY ONION (LOCAL)"", ""quantity"": 60, ""unit"": ""g"", ""item_code"": ""PR000020"", ""ingredient_id"": """"}, {""ingredient_name"": ""TOMATO (ADY)"", ""quantity"": 40, ""unit"": ""g"", ""item_code"": ""PR000005"", ""ingredient_id"": """"}, {""ingredient_name"": ""GREEN CHILLI (INDIAN)"", ""quantity"": 3, ""unit"": ""g"", ""item_code"": ""PR000016"", ""ingredient_id"": """"}, {""ingredient_name"": ""CORIANDER LEAVES (BDL)"", ""quantity"": 10, ""unit"": ""g"", ""item_code"": ""PR000062"", ""ingredient_id"": """"}, {""ingredient_name"": ""MINT (BDL)"", ""quantity"": 8, ""unit"": ""g"", ""item_code"": ""PR000060"", ""ingredient_id"": """"}, {""ingredient_name"": ""TFG NIAZ BAY LEAVES 1/1KG"", ""quantity"": 0.5, ""unit"": ""g"", ""item_code"": ""147040"", ""ingredient_id"": """"}, {""ingredient_name"": ""NIAZ CINNAMON STICK 1/1KG"", ""quantity"": 1, ""unit"": ""g"", ""item_code"": ""GR003481"", ""ingredient_id"": """"}, {""ingredient_name"": ""NIAZ CARDAMON 1/1KG"", ""quantity"": 0.8, ""unit"": ""g"", ""item_code"": ""GR003571"", ""ingredient_id"": """"}, {""ingredient_name"": ""NIAZ CLOVE WHOLE 1/1KG"", ""quantity"": 0.5, ""unit"": ""g"", ""item_code"": ""GR003482"", ""ingredient_id"": """"}, {""ingredient_name"": ""A-TAFGA FRESHLY PEPPER BLACK PWDR 6/16Z"", ""quantity"": 0.5, ""unit"": ""g"", ""item_code"": ""185836"", ""ingredient_id"": """"}, {""ingredient_name"": ""TAFGA DALAL COOKING OIL-(SAUDI) 1/18LTR"", ""quantity"": 0.04, ""unit"": ""l"", ""item_code"": ""221871"", ""ingredient_id"": """"}, {""ingredient_name"": ""ALMARAI BUTTER GHEE 6/1600G"", ""quantity"": 20, ""unit"": ""g"", ""item_code"": ""242795"", ""ingredient_id"": """"}, {""ingredient_name"": ""AL MARAI UHT MILF FF 12/1LTR"", ""quantity"": 0.02, ""unit"": ""l"", ""item_code"": ""DR000005"", ""ingredient_id"": """"}, {""ingredient_name"": ""Saffron"", ""quantity"": 0.05, ""unit"": ""g"", ""item_code"": ""RCPMIS-V5-007-SAFFRON"", ""ingredient_id"": """"}, {""ingredient_name"": ""(TAFGA) NOVA WATER 24/0.55-0.6LTR"", ""quantity"": 0.28, ""unit"": ""l"", ""item_code"": ""224894"", ""ingredient_id"": """"}]",[],"1️⃣     Marination | Mix chicken with yogurt, spices, lemon juice, and salt | Marinate for 4–6 hours (preferably overnight) | Wash and soak rice for 30 minutes | Boil with salt and whole spices until 70% cooked | Drain and keep aside | Heat oil + ghee | Fry onions until golden brown | Add whole spices → tomatoes → cook till soft | Add marinated chicken | Cook until chicken is 80% done and oil separates | 4️⃣    Layering (Dum) | In large pot: | Layer chicken gravy | Add rice layer | Sprinkle mint, coriander, saffron milk | Repeat layers | Seal and cook on low heat (dum) for 30–40 minutes | 5️⃣ Final | Gently mix before serving | Rest for 15 minutes | 🔥 Calories (Approx.) | Per 350 g serving: | Calories: 650–750 kcal | Protein: 28–32 g | Carbohydrates: 70–80 g | Fat: 25–30 g | (Values vary based on oil/ghee usage) | ⚠️ Allergen Information | Contains: | Dairy (yogurt, milk, ghee) | Possible gluten cross-contact (if processed spices used) | Spices (may trigger sensitivity)",,,"[""milk""]",specific,"[""KBR-384""]","[""KBR""]",,true
Chicken Broasted KBR-384 ONEGO V3,RCP-026-CHICKENBRO-KBR384ONEGOV3,"Broasted Chicken Recipe (100 pax, 1/4 serving each)",,Chicken,1,"[{""ingredient_name"": ""ADDOHA FRESH CHICKEN WHOLE IN BAG 1/900G"", ""quantity"": 0.25, ""unit"": ""pieces"", ""item_code"": ""357255"", ""ingredient_id"": """"}, {""ingredient_name"": ""A-FOOM WHITE FLOUR 1/45KG"", ""quantity"": 60, ""unit"": ""g"", ""item_code"": ""188559"", ""ingredient_id"": """"}, {""ingredient_name"": ""A-AL AMC CORN STARCH 1/25KG"", ""quantity"": 20, ""unit"": ""g"", ""item_code"": ""139554"", ""ingredient_id"": """"}, {""ingredient_name"": ""TAFGA REHAN SALT IODIZED 24/700G"", ""quantity"": 3, ""unit"": ""g"", ""item_code"": ""166780"", ""ingredient_id"": """"}, {""ingredient_name"": ""A-TAFGA FRESHLY PEPPER BLACK PWDR 6/16Z"", ""quantity"": 1, ""unit"": ""g"", ""item_code"": ""185836"", ""ingredient_id"": """"}, {""ingredient_name"": ""EASTERN GARLIC POWDER 24/200G"", ""quantity"": 1, ""unit"": ""g"", ""item_code"": ""401030"", ""ingredient_id"": """"}, {""ingredient_name"": ""A-AL MANAKEL PAPRIKA SWEET JAR  6/1KG"", ""quantity"": 2, ""unit"": ""g"", ""item_code"": ""404682"", ""ingredient_id"": """"}, {""ingredient_name"": ""AL MARAI UHT MILF FF 12/1LTR"", ""quantity"": 0.06, ""unit"": ""l"", ""item_code"": ""DR000005"", ""ingredient_id"": """"}, {""ingredient_name"": ""TAFGA DALAL COOKING OIL-(SAUDI) 1/18LTR"", ""quantity"": 0.2, ""unit"": ""l"", ""item_code"": ""221871"", ""ingredient_id"": """"}]",[],"Prep the Chicken: | Cut whole chickens into 4 pieces per chicken (or pre-cut 1/4 chicken portions). | Rinse and pat dry. | Marination: | Mix buttermilk, salt, pepper, garlic powder, and paprika in a large container. | Soak chicken pieces in the mixture for 2–4 hours (overnight is ideal). | Coating: | Mix flour, cornstarch, salt, pepper, paprika, and optional spices in a large tray. | Remove chicken from marinade and dredge in flour mixture until fully coated. | Frying: | Heat vegetable oil in a deep fryer or large pan to 175–180°C (350–355°F). | Fry chicken in batches for 12–15 minutes per batch, until golden brown and internal temperature reaches 75°C (165°F). | Drain excess oil on paper towels. | Serving: | Serve hot with dipping sauces, salads, or sides. | Calories and Allergen Information (per 1/4 chicken serving) | Calories: ~350–450 kcal(depends on chicken size, batter, and oil absorption) | Protein: ~25–30 g | Fat: ~20–25 g | Carbohydrates: ~15–20 g | Allergens: | Dairy (buttermilk) | Gluten (all-purpose flour) | Optional: Spices may contain traces of soy or nuts depending on brands.",,,"[""milk"", ""wheat""]",specific,"[""KBR-384""]","[""KBR""]",,true
Chicken Chilli KBR-384 ONEGO V3,RCP-027-CHICKENCHI-KBR384ONEGOV3,Chicken Chilli Recipe (100 Pax),,Chicken,1,"[{""ingredient_name"": ""TFG AMERICANA LOCAL CHICKEN BREAST1/10KG"", ""quantity"": 100, ""unit"": ""g"", ""item_code"": ""180259"", ""ingredient_id"": """"}, {""ingredient_name"": ""A-AL AMC CORN STARCH 1/25KG"", ""quantity"": 15, ""unit"": ""g"", ""item_code"": ""139554"", ""ingredient_id"": """"}, {""ingredient_name"": ""A-FOOM WHITE FLOUR 1/45KG"", ""quantity"": 10, ""unit"": ""g"", ""item_code"": ""188559"", ""ingredient_id"": """"}, {""ingredient_name"": ""SAEDCO FRESH EGGS MEDIUM 12/30 CT"", ""quantity"": 0.2, ""unit"": ""pieces"", ""item_code"": ""142110"", ""ingredient_id"": """"}, {""ingredient_name"": ""GARLIC  (CHINA)"", ""quantity"": 5, ""unit"": ""g"", ""item_code"": ""PR000018"", ""ingredient_id"": """"}, {""ingredient_name"": ""TAFGA MAKATI SOY SAUCE 12/750ML"", ""quantity"": 5, ""unit"": ""ml"", ""item_code"": ""100782"", ""ingredient_id"": """"}, {""ingredient_name"": ""TAFGA REHAN SALT IODIZED 24/700G"", ""quantity"": 2, ""unit"": ""g"", ""item_code"": ""166780"", ""ingredient_id"": """"}, {""ingredient_name"": ""A-TAFGA FRESHLY PEPPER BLACK PWDR 6/16Z"", ""quantity"": 1, ""unit"": ""g"", ""item_code"": ""185836"", ""ingredient_id"": """"}, {""ingredient_name"": ""TAFGA DALAL COOKING OIL-(SAUDI) 1/18LTR"", ""quantity"": 0.05, ""unit"": ""l"", ""item_code"": ""221871"", ""ingredient_id"": """"}, {""ingredient_name"": ""GARLIC  (CHINA)"", ""quantity"": 5, ""unit"": ""g"", ""item_code"": ""PR000018"", ""ingredient_id"": """"}, {""ingredient_name"": ""GINGER (CHINA)"", ""quantity"": 3, ""unit"": ""g"", ""item_code"": ""PR000019"", ""ingredient_id"": """"}, {""ingredient_name"": ""GREEN CHILLI (INDIAN)"", ""quantity"": 3, ""unit"": ""g"", ""item_code"": ""PR000016"", ""ingredient_id"": """"}, {""ingredient_name"": ""DRY ONION (LOCAL)"", ""quantity"": 40, ""unit"": ""g"", ""item_code"": ""PR000020"", ""ingredient_id"": """"}, {""ingredient_name"": ""GREEN PEPPER (LBN)"", ""quantity"": 40, ""unit"": ""g"", ""item_code"": ""PR000009"", ""ingredient_id"": """"}, {""ingredient_name"": ""TAFGA MAKATI SOY SAUCE 12/750ML"", ""quantity"": 0.01, ""unit"": ""l"", ""item_code"": ""100782"", ""ingredient_id"": """"}, {""ingredient_name"": ""Chili sauce"", ""quantity"": 0.015, ""unit"": ""l"", ""item_code"": ""RCPMIS-V5-008-CHILISAU"", ""ingredient_id"": """"}, {""ingredient_name"": ""TOMATO (ADY)"", ""quantity"": 20, ""unit"": ""g"", ""item_code"": ""PR000005"", ""ingredient_id"": """"}, {""ingredient_name"": ""MAWASIM VINEGAR WHITE 4/3.78LTR"", ""quantity"": 5, ""unit"": ""ml"", ""item_code"": ""367022"", ""ingredient_id"": """"}, {""ingredient_name"": ""(TAFGA) NOVA WATER 24/0.55-0.6LTR"", ""quantity"": 0.04, ""unit"": ""l"", ""item_code"": ""224894"", ""ingredient_id"": """"}, {""ingredient_name"": ""A-AL AMC CORN STARCH 1/25KG"", ""quantity"": 5, ""unit"": ""g"", ""item_code"": ""139554"", ""ingredient_id"": """"}, {""ingredient_name"": ""(TAFGA) NOVA WATER 24/0.55-0.6LTR"", ""quantity"": 0.01, ""unit"": ""l"", ""item_code"": ""224894"", ""ingredient_id"": """"}]",[],"1. Marinate Chicken: | Mix chicken with corn flour, flour, eggs, ginger-garlic paste, soy sauce, salt, and pepper. | Rest for 20–30 minutes. | 2. Fry Chicken: | Deep fry in hot oil until golden and crispy. | Remove and keep aside. | 3. Prepare Sauce: | Heat oil in a large wok. | Add garlic, ginger, green chilies → sauté. | Add onions and capsicum → stir-fry (keep crunchy). | 4. Add Sauces: | Add soy sauce, chili sauce, ketchup, vinegar, sugar, salt, pepper. | Add water/stock and bring to boil. | 5. Thicken: | Add corn flour slurry → cook until sauce thickens. | 6. Combine: | Add fried chicken. | Toss well until coated. | 🔥 Approximate Nutrition (Per 150 g Serving): | Calories: 220–260 kcal | Protein: 15–18 g | Carbohydrates: 12–15 g | Fat: 10–14 g | (Values vary depending on frying oil absorption) | ⚠️ Allergens: | Contains: | Gluten (flour, soy sauce) | Eggs | Soy | Possible traces of: | Sesame (if oil used) | Shellfish (if cross-contamination in sauces)",,,"[""egg"", ""milk"", ""soy"", ""wheat""]",specific,"[""KBR-384""]","[""KBR""]",,true
Chicken Curry KBR-384 ONEGO V3,RCP-028-CHICKENCUR-KBR384ONEGOV3,Chicken Curry Recipe (100 Pax | 150 g per serving),,Chicken,1,"[{""ingredient_name"": ""TANMIAH FRESH CHICKEN 1/900G"", ""quantity"": 180, ""unit"": ""g"", ""item_code"": ""205101"", ""ingredient_id"": """"}, {""ingredient_name"": ""ALMARAI LABNEH FF 1/2.75KG"", ""quantity"": 20, ""unit"": ""g"", ""item_code"": ""DR000284"", ""ingredient_id"": """"}, {""ingredient_name"": ""GARLIC  (CHINA)"", ""quantity"": 5, ""unit"": ""g"", ""item_code"": ""PR000018"", ""ingredient_id"": """"}, {""ingredient_name"": ""SHAN TURMERIC POWDER  10/1KG"", ""quantity"": 1.5, ""unit"": ""g"", ""item_code"": ""GR000043"", ""ingredient_id"": """"}, {""ingredient_name"": ""SHAN RED CHILLI POWDER 10/1KG"", ""quantity"": 2.5, ""unit"": ""g"", ""item_code"": ""GR000042"", ""ingredient_id"": """"}, {""ingredient_name"": ""TAFGA REHAN SALT IODIZED 24/700G"", ""quantity"": 2.5, ""unit"": ""g"", ""item_code"": ""166780"", ""ingredient_id"": """"}, {""ingredient_name"": ""DRY ONION (LOCAL)"", ""quantity"": 50, ""unit"": ""g"", ""item_code"": ""PR000020"", ""ingredient_id"": """"}, {""ingredient_name"": ""TOMATO (ADY)"", ""quantity"": 40, ""unit"": ""g"", ""item_code"": ""PR000005"", ""ingredient_id"": """"}, {""ingredient_name"": ""GREEN CHILLI (INDIAN)"", ""quantity"": 3, ""unit"": ""g"", ""item_code"": ""PR000016"", ""ingredient_id"": """"}, {""ingredient_name"": ""GARLIC  (CHINA)"", ""quantity"": 4, ""unit"": ""g"", ""item_code"": ""PR000018"", ""ingredient_id"": """"}, {""ingredient_name"": ""SHAN CORIANDER POWDER  10/1KG"", ""quantity"": 3, ""unit"": ""g"", ""item_code"": ""GR000553"", ""ingredient_id"": """"}, {""ingredient_name"": ""SHAN CUMIN POWDER 10/1KG"", ""quantity"": 1.5, ""unit"": ""g"", ""item_code"": ""GR000583"", ""ingredient_id"": """"}, {""ingredient_name"": ""SHAN KORMA MASALA 10/1KG"", ""quantity"": 1.2, ""unit"": ""g"", ""item_code"": ""GR001943"", ""ingredient_id"": """"}, {""ingredient_name"": ""Whole spices"", ""quantity"": 1, ""unit"": ""g"", ""item_code"": ""RCPMIS-V5-009-WHOLESPI"", ""ingredient_id"": """"}]",[],"Marination: | Mix chicken with yogurt, ginger garlic paste, turmeric, chili powder, and salt. | Marinate for 1–2 hours. | Prepare Base: | Heat oil in large pot. | Add whole spices, then sliced onions. | Fry until golden brown. | Masala Cooking: | Add ginger garlic paste and cook until aromatic. | Add tomatoes and cook until oil separates. | Spice Addition: | Add coriander, cumin, chili powder, and salt. | Cook well to develop flavor. | Add Chicken: | Add marinated chicken and cook on high heat for 10–15 minutes. | Gravy: | Add water, cover, and simmer for 30–40 minutes until chicken is tender. | Finishing: | Add garam masala and green chilies. | Garnish with fresh coriander. | 🔥 Approximate Nutrition (Per 150 g Serving): | Calories: ~220–260 kcal | Protein: ~18–20 g | Fat: ~14–18 g | Carbohydrates: ~5–8 g | (Values vary depending on oil and chicken fat content.) | ⚠️ Allergens: | Dairy (Milk) → from yogurt | Possible cross-contact: | Spices (may contain traces of mustard or gluten depending on supplier)",,,"[""milk""]",specific,"[""KBR-384""]","[""KBR""]",,true
Chicken Grilled with Lemon Sauce KBR-384 ONEGO V3,RCP-029-CHICKENGRI-KBR384ONEGOV3,Grilled Chicken with Lemon Sauce – 100 Pax,,Chicken,1,"[{""ingredient_name"": ""TANMIAH FRESH CHICKEN 1/900G"", ""quantity"": 1, ""unit"": ""pieces"", ""item_code"": ""205101"", ""ingredient_id"": """"}, {""ingredient_name"": ""TAFGA OLIVE OIL 12/500ML"", ""quantity"": 5, ""unit"": ""ml"", ""item_code"": ""185208"", ""ingredient_id"": """"}, {""ingredient_name"": ""GARLIC  (CHINA)"", ""quantity"": 1, ""unit"": ""g"", ""item_code"": ""PR000018"", ""ingredient_id"": """"}, {""ingredient_name"": ""TAFGA REHAN SALT IODIZED 24/700G"", ""quantity"": 2, ""unit"": ""g"", ""item_code"": ""166780"", ""ingredient_id"": """"}, {""ingredient_name"": ""A-TAFGA FRESHLY PEPPER BLACK PWDR 6/16Z"", ""quantity"": 1, ""unit"": ""g"", ""item_code"": ""185836"", ""ingredient_id"": """"}, {""ingredient_name"": ""A-AL MANAKEL PAPRIKA SWEET JAR  6/1KG"", ""quantity"": 0.5, ""unit"": ""g"", ""item_code"": ""404682"", ""ingredient_id"": """"}, {""ingredient_name"": ""TFG MOONATY LEMON JUICE 12/1LTR"", ""quantity"": 5, ""unit"": ""ml"", ""item_code"": ""429366"", ""ingredient_id"": """"}, {""ingredient_name"": ""AL MARAI BUTTER UNSALT 4/100/10G"", ""quantity"": 4, ""unit"": ""g"", ""item_code"": ""DR000039"", ""ingredient_id"": """"}, {""ingredient_name"": ""GARLIC  (CHINA)"", ""quantity"": 0.5, ""unit"": ""g"", ""item_code"": ""PR000018"", ""ingredient_id"": """"}, {""ingredient_name"": ""A-AL AMC CORN STARCH 1/25KG"", ""quantity"": 0.5, ""unit"": ""g"", ""item_code"": ""139554"", ""ingredient_id"": """"}, {""ingredient_name"": ""TAFGA REHAN SALT IODIZED 24/700G"", ""quantity"": 0.5, ""unit"": ""g"", ""item_code"": ""166780"", ""ingredient_id"": """"}, {""ingredient_name"": ""A-TAFGA FRESHLY PEPPER BLACK PWDR 6/16Z"", ""quantity"": 0.25, ""unit"": ""g"", ""item_code"": ""185836"", ""ingredient_id"": """"}, {""ingredient_name"": ""Fresh parsley"", ""quantity"": 0.5, ""unit"": ""g"", ""item_code"": ""RCPMIS-V5-006-FRESHPAR"", ""ingredient_id"": """"}]",[],"Marinate Chicken: | Mix olive oil, garlic, salt, black pepper, and paprika. | Coat chicken breasts evenly and let marinate for at least 1 hour (or overnight for more flavor). | Grill Chicken: | Preheat grill to medium-high heat (~200°C / 400°F). | Grill chicken breasts 6–8 minutes per side, until internal temperature reaches 75°C (165°F). | Prepare Lemon Sauce: | In a pan, melt butter over medium heat. | Add minced garlic and sauté 1–2 minutes. | Add lemon juice, salt, black pepper. | (Optional) Mix cornstarch with a little water and add to sauce to thicken. | Stir in fresh parsley at the end. | Serve: | Place grilled chicken on a serving platter and pour lemon sauce over it. | Garnish with lemon slices or parsley if desired. | Nutrition per Serving (Approx.) | Calories: ~320–350 kcal | Protein: ~35–40 g | Fat: ~18–20 g | Carbohydrates: ~2–3 g | Allergens | Dairy: Butter in lemon sauce | Garlic: Present in marinade and sauce | Optional: Cornstarch (if thickened, check for gluten-free type)",,,"[""milk""]",specific,"[""KBR-384""]","[""KBR""]",,true
Chicken Haleem KBR-384 ONEGO V3,RCP-030-CHICKENHAL-KBR384ONEGOV3,"Chicken Haleem Recipe (100 Pax, 150 g per serving)",,Chicken,1,"[{""ingredient_name"": ""TFG AMERICANA LOCAL CHICKEN BREAST1/10KG"", ""quantity"": 80, ""unit"": ""g"", ""item_code"": ""180259"", ""ingredient_id"": """"}, {""ingredient_name"": ""A-TAFGA ADELCO HAREES TURKEY 1/10KG"", ""quantity"": 35, ""unit"": ""g"", ""item_code"": ""155583"", ""ingredient_id"": """"}, {""ingredient_name"": ""A-MELOW INDIAN YELLOW SPLIT CHICK PEAS 1/15KG"", ""quantity"": 15, ""unit"": ""g"", ""item_code"": ""386163"", ""ingredient_id"": """"}, {""ingredient_name"": ""A-MELOW INDIAN YELLOW SPLIT CHICK PEAS 1/15KG"", ""quantity"": 10, ""unit"": ""g"", ""item_code"": ""386163"", ""ingredient_id"": """"}, {""ingredient_name"": ""DRY ONION (LOCAL)"", ""quantity"": 20, ""unit"": ""g"", ""item_code"": ""PR000020"", ""ingredient_id"": """"}, {""ingredient_name"": ""GARLIC  (CHINA)"", ""quantity"": 2, ""unit"": ""g"", ""item_code"": ""PR000018"", ""ingredient_id"": """"}, {""ingredient_name"": ""GINGER (CHINA)"", ""quantity"": 2, ""unit"": ""g"", ""item_code"": ""PR000019"", ""ingredient_id"": """"}, {""ingredient_name"": ""ALMARAI LABNEH FF 1/2.75KG"", ""quantity"": 5, ""unit"": ""g"", ""item_code"": ""DR000284"", ""ingredient_id"": """"}, {""ingredient_name"": ""GREEN CHILLI (INDIAN)"", ""quantity"": 1.5, ""unit"": ""g"", ""item_code"": ""PR000016"", ""ingredient_id"": """"}, {""ingredient_name"": ""TAFGA DALAL COOKING OIL-(SAUDI) 1/18LTR"", ""quantity"": 5, ""unit"": ""g"", ""item_code"": ""221871"", ""ingredient_id"": """"}, {""ingredient_name"": ""MAA HALEEM MASALA 10/1KG"", ""quantity"": 1.5, ""unit"": ""g"", ""item_code"": ""GR001018"", ""ingredient_id"": """"}, {""ingredient_name"": ""SHAN TURMERIC POWDER  10/1KG"", ""quantity"": 0.5, ""unit"": ""g"", ""item_code"": ""GR000043"", ""ingredient_id"": """"}, {""ingredient_name"": ""SHAN RED CHILLI POWDER 10/1KG"", ""quantity"": 0.5, ""unit"": ""g"", ""item_code"": ""GR000042"", ""ingredient_id"": """"}, {""ingredient_name"": ""TAFGA REHAN SALT IODIZED 24/700G"", ""quantity"": 1, ""unit"": ""g"", ""item_code"": ""166780"", ""ingredient_id"": """"}, {""ingredient_name"": ""TFG MOONATY LEMON JUICE 12/1LTR"", ""quantity"": 1, ""unit"": ""ml"", ""item_code"": ""429366"", ""ingredient_id"": """"}, {""ingredient_name"": ""CORIANDER LEAVES (BDL)"", ""quantity"": 2, ""unit"": ""g"", ""item_code"": ""PR000062"", ""ingredient_id"": """"}, {""ingredient_name"": ""(TAFGA) NOVA WATER 24/0.55-0.6LTR"", ""quantity"": 0.2, ""unit"": ""l"", ""item_code"": ""224894"", ""ingredient_id"": """"}]",[],"Prep Pulses & Wheat: | Wash dal and wheat thoroughly. Soak in water for 2–3 hours. | Cook Chicken: | Boil chicken with onions, garlic, ginger, turmeric, salt, and water until tender. | Remove chicken, shred it finely, and keep the stock. | Cook Pulses & Wheat: | Boil soaked wheat and lentils in chicken stock until soft and mushy. | Stir continuously to prevent sticking. | Blend & Combine: | Blend partially for a smooth, thick consistency. | Add shredded chicken, yogurt, ghee, and spices. | Cook on low heat for 1–2 hours, stirring regularly. | Final Touches: | Adjust salt and spices. | Garnish with lemon juice, fresh coriander, and mint before serving. | Serving | 150 g per serving × 100 servings → 15 kg total Haleem. | Nutritional Estimate (per 150 g serving) | Nutrient | Approximate Value | Calories | 250–280 kcal | Protein | 12–14 g | Carbohydrates | 28–30 g | Fat | 8–10 g | Fiber | 3–4 g | Allergens: Gluten (wheat), dairy (yogurt/ghee), legumes (lentils & chickpeas).",,,"[""milk""]",specific,"[""KBR-384""]","[""KBR""]",,true
Chicken Handi KBR-384 ONEGO V3,RCP-031-CHICKENHAN-KBR384ONEGOV3,Chicken Handi Recipe (100 Pax),,Chicken,1,"[{""ingredient_name"": ""TANMIAH FRESH CHICKEN 1/900G"", ""quantity"": 180, ""unit"": ""g"", ""item_code"": ""205101"", ""ingredient_id"": """"}, {""ingredient_name"": ""ALMARAI BUTTER GHEE 6/1600G"", ""quantity"": 35, ""unit"": ""g"", ""item_code"": ""242795"", ""ingredient_id"": """"}, {""ingredient_name"": ""DRY ONION (LOCAL)"", ""quantity"": 50, ""unit"": ""g"", ""item_code"": ""PR000020"", ""ingredient_id"": """"}, {""ingredient_name"": ""TOMATO (ADY)"", ""quantity"": 60, ""unit"": ""g"", ""item_code"": ""PR000005"", ""ingredient_id"": """"}, {""ingredient_name"": ""ALMARAI LABNEH FF 1/2.75KG"", ""quantity"": 40, ""unit"": ""g"", ""item_code"": ""DR000284"", ""ingredient_id"": """"}, {""ingredient_name"": ""TAFGA MARAI COOKING CREAM 12/1LTR"", ""quantity"": 0.02, ""unit"": ""l"", ""item_code"": ""342384"", ""ingredient_id"": """"}, {""ingredient_name"": ""GINGER (CHINA)"", ""quantity"": 6, ""unit"": ""g"", ""item_code"": ""PR000019"", ""ingredient_id"": """"}, {""ingredient_name"": ""GARLIC  (CHINA)"", ""quantity"": 6, ""unit"": ""g"", ""item_code"": ""PR000018"", ""ingredient_id"": """"}, {""ingredient_name"": ""TAFGA REHAN SALT IODIZED 24/700G"", ""quantity"": 3.5, ""unit"": ""g"", ""item_code"": ""166780"", ""ingredient_id"": """"}, {""ingredient_name"": ""SHAN RED CHILLI POWDER 10/1KG"", ""quantity"": 3, ""unit"": ""g"", ""item_code"": ""GR000042"", ""ingredient_id"": """"}, {""ingredient_name"": ""SHAN TURMERIC POWDER  10/1KG"", ""quantity"": 1.2, ""unit"": ""g"", ""item_code"": ""GR000043"", ""ingredient_id"": """"}, {""ingredient_name"": ""SHAN CORIANDER POWDER  10/1KG"", ""quantity"": 4, ""unit"": ""g"", ""item_code"": ""GR000553"", ""ingredient_id"": """"}, {""ingredient_name"": ""SHAN CUMIN POWDER 10/1KG"", ""quantity"": 2, ""unit"": ""g"", ""item_code"": ""GR000583"", ""ingredient_id"": """"}, {""ingredient_name"": ""SHAN KORMA MASALA 10/1KG"", ""quantity"": 1.5, ""unit"": ""g"", ""item_code"": ""GR001943"", ""ingredient_id"": """"}, {""ingredient_name"": ""A-TAFGA FRESHLY PEPPER BLACK PWDR 6/16Z"", ""quantity"": 0.8, ""unit"": ""g"", ""item_code"": ""185836"", ""ingredient_id"": """"}, {""ingredient_name"": ""NIAZ CINNAMON STICK 1/1KG"", ""quantity"": 0.5, ""unit"": ""g"", ""item_code"": ""GR003481"", ""ingredient_id"": """"}, {""ingredient_name"": ""NIAZ CARDAMON 1/1KG"", ""quantity"": 0.4, ""unit"": ""g"", ""item_code"": ""GR003571"", ""ingredient_id"": """"}, {""ingredient_name"": ""NIAZ CLOVE WHOLE 1/1KG"", ""quantity"": 0.3, ""unit"": ""g"", ""item_code"": ""GR003482"", ""ingredient_id"": """"}, {""ingredient_name"": ""TFG NIAZ BAY LEAVES 1/1KG"", ""quantity"": 0.2, ""unit"": ""g"", ""item_code"": ""147040"", ""ingredient_id"": """"}, {""ingredient_name"": ""GREEN CHILLI (INDIAN)"", ""quantity"": 5, ""unit"": ""g"", ""item_code"": ""PR000016"", ""ingredient_id"": """"}, {""ingredient_name"": ""CORIANDER LEAVES (BDL)"", ""quantity"": 15, ""unit"": ""g"", ""item_code"": ""PR000062"", ""ingredient_id"": """"}, {""ingredient_name"": ""GINGER (CHINA)"", ""quantity"": 5, ""unit"": ""g"", ""item_code"": ""PR000019"", ""ingredient_id"": """"}, {""ingredient_name"": ""A-MEHRAN KAUSRI METHILEAVES 12/50G"", ""quantity"": 1, ""unit"": ""g"", ""item_code"": ""276502"", ""ingredient_id"": """"}]",[],"Heat oil/ghee in large Handi pots. | Add whole spices → sauté until aromatic. | Add sliced onions → fry until golden brown. | 2. Masala Cooking | Add ginger-garlic paste → cook until raw smell disappears. | Add tomatoes → cook until oil separates. | Add powdered spices → cook well (avoid burning). | 3. Chicken Cooking | Add chicken → mix and cook on high heat for 10–15 minutes. | Add yogurt → cook on medium heat until gravy thickens and oil separates. | 4. Simmering | Cover and cook on low heat until chicken is tender (~30–40 min). | Add little water if needed to maintain gravy consistency. | 5. Final Finish | Add cream, green chilies, kasuri methi. | Simmer 10 minutes. | Garnish with coriander leaves and ginger julienne. | 🔥 Calories (Approx.) | Per 150 g serving: | Calories: 260–300 kcal | Protein: ~18 g | Fat: ~20 g | Carbohydrates: ~6–8 g | (Values depend on oil and cream usage) | ⚠️ Allergen Information | Contains: | Dairy (yogurt, cream)",,,"[""milk""]",specific,"[""KBR-384""]","[""KBR""]",,true
Chicken Jalfrezi KBR-384 ONEGO V3,RCP-032-CHICKENJAL-KBR384ONEGOV3,"Chicken Jalfrezi Recipe (100 Pax, 150 g Chicken per Serving)",,Chicken,1,"[{""ingredient_name"": ""TANMIAH FRESH CHICKEN 1/900G"", ""quantity"": 150, ""unit"": ""g"", ""item_code"": ""205101"", ""ingredient_id"": """"}, {""ingredient_name"": ""ALMARAI LABNEH FF 1/2.75KG"", ""quantity"": 15, ""unit"": ""g"", ""item_code"": ""DR000284"", ""ingredient_id"": """"}, {""ingredient_name"": ""GARLIC  (CHINA)"", ""quantity"": 3, ""unit"": ""g"", ""item_code"": ""PR000018"", ""ingredient_id"": """"}, {""ingredient_name"": ""SHAN TURMERIC POWDER  10/1KG"", ""quantity"": 0.5, ""unit"": ""g"", ""item_code"": ""GR000043"", ""ingredient_id"": """"}, {""ingredient_name"": ""SHAN RED CHILLI POWDER 10/1KG"", ""quantity"": 0.75, ""unit"": ""g"", ""item_code"": ""GR000042"", ""ingredient_id"": """"}, {""ingredient_name"": ""TAFGA REHAN SALT IODIZED 24/700G"", ""quantity"": 2, ""unit"": ""g"", ""item_code"": ""166780"", ""ingredient_id"": """"}, {""ingredient_name"": ""GREEN PEPPER (LBN)"", ""quantity"": 50, ""unit"": ""g"", ""item_code"": ""PR000009"", ""ingredient_id"": """"}, {""ingredient_name"": ""DRY ONION (LOCAL)"", ""quantity"": 40, ""unit"": ""g"", ""item_code"": ""PR000020"", ""ingredient_id"": """"}, {""ingredient_name"": ""TOMATO (ADY)"", ""quantity"": 40, ""unit"": ""g"", ""item_code"": ""PR000005"", ""ingredient_id"": """"}, {""ingredient_name"": ""GREEN CHILLI (INDIAN)"", ""quantity"": 2.5, ""unit"": ""g"", ""item_code"": ""PR000016"", ""ingredient_id"": """"}, {""ingredient_name"": ""SHAN CUMIN WHOLE  10/1KG"", ""quantity"": 1, ""unit"": ""g"", ""item_code"": ""GR000554"", ""ingredient_id"": """"}, {""ingredient_name"": ""SHAN CORIANDER POWDER  10/1KG"", ""quantity"": 2, ""unit"": ""g"", ""item_code"": ""GR000553"", ""ingredient_id"": """"}, {""ingredient_name"": ""SHAN KORMA MASALA 10/1KG"", ""quantity"": 0.5, ""unit"": ""g"", ""item_code"": ""GR001943"", ""ingredient_id"": """"}, {""ingredient_name"": ""A-TAFGA FRESHLY PEPPER BLACK PWDR 6/16Z"", ""quantity"": 0.25, ""unit"": ""g"", ""item_code"": ""185836"", ""ingredient_id"": """"}, {""ingredient_name"": ""TAFGA DALAL COOKING OIL-(SAUDI) 1/18LTR"", ""quantity"": 0.015, ""unit"": ""l"", ""item_code"": ""221871"", ""ingredient_id"": """"}, {""ingredient_name"": ""CORIANDER LEAVES (BDL)"", ""quantity"": 5, ""unit"": ""g"", ""item_code"": ""PR000062"", ""ingredient_id"": """"}, {""ingredient_name"": ""TFG MOONATY LEMON JUICE 12/1LTR"", ""quantity"": 2.5, ""unit"": ""ml"", ""item_code"": ""429366"", ""ingredient_id"": """"}]",[],"Marinate Chicken:Combine chicken with yogurt, ginger-garlic paste, turmeric, red chili powder, and salt. Marinate for 1–2 hours (overnight for best flavor). | Cook Chicken: | Heat oil in a large wok or pan. | Add cumin seeds until aromatic. | Add onions and sauté until golden brown. | Add marinated chicken and cook on medium heat for 10–12 minutes until partially cooked. | Add Vegetables & Spices: | Add chopped tomatoes, bell peppers, and green chilies. | Add coriander powder, black pepper, and salt. | Cook on medium heat for 10 minutes, stirring occasionally. | Finish with Garam Masala & Coriander: | Sprinkle garam masala and chopped coriander leaves. | Drizzle lemon juice and cook for 2–3 minutes. | Ensure chicken is fully cooked and vegetables are slightly tender but still vibrant. | Serve: | Portion 150 g chicken per plate, optionally with rice or naan. | Nutrition (Approximate per Serving) | Nutrient | Amount per 150 g Chicken Serving | Calories | 250–270 kcal | Protein | 27 g | Fat | 15 g | Carbohydrates | 8 g | Fiber | 2 g | Sodium | 600 mg | Allergens | Dairy (yogurt) | Possible traces of nuts if cross-contamination occurs in kitchen | Mustard (if mustard oil or seeds are used in variations) | 💡 Chef Tips: | Use fresh bell peppers for a crisp texture. | Avoid overcooking to retain the 5-star restaurant-style vibrant colors. | Adjust spice levels according to guest preference.",,,"[""milk""]",specific,"[""KBR-384""]","[""KBR""]",,true
Chicken Korma KBR-384 ONEGO V3,RCP-033-CHICKENKOR-KBR384ONEGOV3,Chicken Korma (100 Pax),,Chicken,1,"[{""ingredient_name"": ""TANMIAH FRESH CHICKEN 1/900G"", ""quantity"": 120, ""unit"": ""g"", ""item_code"": ""205101"", ""ingredient_id"": """"}]",[],"Heat oil/ghee in a large pot. | Add whole spices → sauté until aromatic. | Add sliced onions → fry until golden brown. | Add ginger-garlic paste → cook until raw smell disappears. | Add chicken → cook on high heat until sealed (10–15 mins). | Add powdered spices + salt → mix well. | Add yogurt gradually (low heat to avoid curdling). | Add cashew paste → cook until gravy thickens. | Cover and cook on low heat for 30–40 minutes. | Add cream → simmer 10 minutes. | Finish with kewra water & fresh coriander. | Adjust consistency (medium-thick gravy). | ⚖️ Portioning Guide | Total cooked yield ≈ 15 kg | Serve 150 g per person (with gravy + chicken pieces) | 🔥 Nutritional Information (Per 150 g Serving – Approx.) | Calories: 280–320 kcal | Protein: 18–20 g | Fat: 20–24 g | Carbohydrates: 6–8 g | (Values vary depending on oil and cream usage.) | ⚠️ Allergen Information | Contains: | Milk / Dairy (yogurt, cream) | Tree Nuts (cashew paste)",,,[],specific,"[""KBR-384""]","[""KBR""]",,true
Chicken Masala. bone in chicken KBR-384 ONEGO V3,RCP-034-CHICKENMAS-KBR384ONEGOV3,Chicken Masala (Bone-In) – 100 Pax,,Chicken,1,"[{""ingredient_name"": ""TANMIAH FRESH CHICKEN 1/900G"", ""quantity"": 150, ""unit"": ""g"", ""item_code"": ""205101"", ""ingredient_id"": """"}, {""ingredient_name"": ""DRY ONION (LOCAL)"", ""quantity"": 35, ""unit"": ""g"", ""item_code"": ""PR000020"", ""ingredient_id"": """"}, {""ingredient_name"": ""A-TAFGA GOODY WHOLE PEELED TOMATO 6/#10"", ""quantity"": 30, ""unit"": ""g"", ""item_code"": ""381887"", ""ingredient_id"": """"}, {""ingredient_name"": ""ALMARAI LABNEH FF 1/2.75KG"", ""quantity"": 20, ""unit"": ""g"", ""item_code"": ""DR000284"", ""ingredient_id"": """"}, {""ingredient_name"": ""ALMARAI BUTTER GHEE 6/1600G"", ""quantity"": 7, ""unit"": ""g"", ""item_code"": ""242795"", ""ingredient_id"": """"}, {""ingredient_name"": ""GARLIC  (CHINA)"", ""quantity"": 7, ""unit"": ""g"", ""item_code"": ""PR000018"", ""ingredient_id"": """"}, {""ingredient_name"": ""SHAN TURMERIC POWDER  10/1KG"", ""quantity"": 0.8, ""unit"": ""g"", ""item_code"": ""GR000043"", ""ingredient_id"": """"}, {""ingredient_name"": ""SHAN RED CHILLI POWDER 10/1KG"", ""quantity"": 0.8, ""unit"": ""g"", ""item_code"": ""GR000042"", ""ingredient_id"": """"}, {""ingredient_name"": ""SHAN CORIANDER POWDER  10/1KG"", ""quantity"": 2, ""unit"": ""g"", ""item_code"": ""GR000553"", ""ingredient_id"": """"}, {""ingredient_name"": ""SHAN KORMA MASALA 10/1KG"", ""quantity"": 0.9, ""unit"": ""g"", ""item_code"": ""GR001943"", ""ingredient_id"": """"}, {""ingredient_name"": ""TFG NIAZ BAY LEAVES 1/1KG"", ""quantity"": 0.02, ""unit"": ""g"", ""item_code"": ""147040"", ""ingredient_id"": """"}, {""ingredient_name"": ""NIAZ CINNAMON STICK 1/1KG"", ""quantity"": 0.2, ""unit"": ""g"", ""item_code"": ""GR003481"", ""ingredient_id"": """"}, {""ingredient_name"": ""NIAZ CARDAMON 1/1KG"", ""quantity"": 0.2, ""unit"": ""g"", ""item_code"": ""GR003571"", ""ingredient_id"": """"}, {""ingredient_name"": ""TAFGA REHAN SALT IODIZED 24/700G"", ""quantity"": 2.2, ""unit"": ""g"", ""item_code"": ""166780"", ""ingredient_id"": """"}, {""ingredient_name"": ""CORIANDER LEAVES (BDL)"", ""quantity"": 3, ""unit"": ""g"", ""item_code"": ""PR000062"", ""ingredient_id"": """"}]",[],Heat oil/ghee in a steam kettle or large stock pot. | Add whole spices (if using) and sauté briefly. | Add sliced onions and cook until deep golden brown. | Add ginger-garlic paste and cook until aromatic. | Add tomato puree and cook until oil separates (important for flavor). | Add powdered spices and mix well. | Add bone-in chicken and cook on high heat for 10–15 minutes. | Add yogurt gradually while stirring to prevent curdling. | Cover and simmer for 35–40 minutes until chicken is tender. | Adjust salt and consistency (add 2–3 liters water/stock if needed). | Finish with garam masala and garnish with fresh coriander. | 🔥 Nutritional Info (Per 150g Serving – Approx.) | Calories: 240–280 kcal | Protein: 18–20g | Fat: 14–16g | Carbohydrates: 8–10g | ⚠️ Allergen Information | Contains: Milk (yogurt),,,"[""milk""]",specific,"[""KBR-384""]","[""KBR""]",,true
Chicken Palak KBR-384 ONEGO V3,RCP-035-CHICKENPAL-KBR384ONEGOV3,Chicken Palak Recipe (100 Pax),,Chicken,1,"[{""ingredient_name"": ""TANMIAH FRESH CHICKEN 1/900G"", ""quantity"": 120, ""unit"": ""g"", ""item_code"": ""205101"", ""ingredient_id"": """"}, {""ingredient_name"": ""TFG BOREAL/TOMEX BELGIUM SPINACH 4/2.5KG"", ""quantity"": 80, ""unit"": ""g"", ""item_code"": ""139837"", ""ingredient_id"": """"}, {""ingredient_name"": ""DRY ONION (LOCAL)"", ""quantity"": 25, ""unit"": ""g"", ""item_code"": ""PR000020"", ""ingredient_id"": """"}, {""ingredient_name"": ""TOMATO (ADY)"", ""quantity"": 20, ""unit"": ""g"", ""item_code"": ""PR000005"", ""ingredient_id"": """"}, {""ingredient_name"": ""GREEN CHILLI (INDIAN)"", ""quantity"": 2, ""unit"": ""g"", ""item_code"": ""PR000016"", ""ingredient_id"": """"}, {""ingredient_name"": ""GARLIC  (CHINA)"", ""quantity"": 5, ""unit"": ""g"", ""item_code"": ""PR000018"", ""ingredient_id"": """"}, {""ingredient_name"": ""SHAN TURMERIC POWDER  10/1KG"", ""quantity"": 0.8, ""unit"": ""g"", ""item_code"": ""GR000043"", ""ingredient_id"": """"}, {""ingredient_name"": ""SHAN RED CHILLI POWDER 10/1KG"", ""quantity"": 1.2, ""unit"": ""g"", ""item_code"": ""GR000042"", ""ingredient_id"": """"}, {""ingredient_name"": ""SHAN CORIANDER POWDER  10/1KG"", ""quantity"": 2, ""unit"": ""g"", ""item_code"": ""GR000553"", ""ingredient_id"": """"}, {""ingredient_name"": ""SHAN CUMIN POWDER 10/1KG"", ""quantity"": 1.2, ""unit"": ""g"", ""item_code"": ""GR000583"", ""ingredient_id"": """"}, {""ingredient_name"": ""SHAN KORMA MASALA 10/1KG"", ""quantity"": 1, ""unit"": ""g"", ""item_code"": ""GR001943"", ""ingredient_id"": """"}, {""ingredient_name"": ""TAFGA REHAN SALT IODIZED 24/700G"", ""quantity"": 3, ""unit"": ""g"", ""item_code"": ""166780"", ""ingredient_id"": """"}, {""ingredient_name"": ""TFG NIAZ BAY LEAVES 1/1KG"", ""quantity"": 0.2, ""unit"": ""g"", ""item_code"": ""147040"", ""ingredient_id"": """"}, {""ingredient_name"": ""NIAZ CINNAMON STICK 1/1KG"", ""quantity"": 0.3, ""unit"": ""g"", ""item_code"": ""GR003481"", ""ingredient_id"": """"}, {""ingredient_name"": ""NIAZ CARDAMON 1/1KG"", ""quantity"": 0.2, ""unit"": ""g"", ""item_code"": ""GR003571"", ""ingredient_id"": """"}, {""ingredient_name"": ""NIAZ CLOVE WHOLE 1/1KG"", ""quantity"": 0.15, ""unit"": ""g"", ""item_code"": ""GR003482"", ""ingredient_id"": """"}]",[],Wash spinach thoroughly | Blanch in boiling water for 2–3 minutes | Cool and blend into smooth puree | Step 2: Base Masala | Heat oil/ghee in large pot | Add whole spices → sauté until aromatic | Add onions → cook until golden brown | Add ginger-garlic paste → cook until raw smell disappears | Step 3: Cooking Chicken | Add tomatoes + powdered spices | Cook until oil separates | Add chicken → cook 10–15 minutes | Step 4: Final Cooking | Add spinach puree + water | Simmer 25–30 minutes until chicken is tender | Add cream/yogurt (optional) | Finish with garam masala | ⚖️ Portioning | Serve 150 g per person | 100 portions total | 🔥 Approximate Nutrition (Per 150 g Serving) | Calories: 180–220 kcal | Protein: 14–16 g | Fat: 10–12 g | Carbohydrates: 6–8 g | ⚠️ Allergen Information | Contains: | Dairy (if cream or yogurt is used),,,"[""milk""]",specific,"[""KBR-384""]","[""KBR""]",,true
Chicken Tandori KBR-384 ONEGO V3,RCP-036-CHICKENTAN-KBR384ONEGOV3,Tandoori Chicken Recipe (100 Pax | 150 g per serving),,Chicken,1,"[{""ingredient_name"": ""TFG AMERICANA LOCAL CHICKEN BREAST1/10KG"", ""quantity"": 180, ""unit"": ""g"", ""item_code"": ""180259"", ""ingredient_id"": """"}, {""ingredient_name"": ""TFG MOONATY LEMON JUICE 12/1LTR"", ""quantity"": 5, ""unit"": ""ml"", ""item_code"": ""429366"", ""ingredient_id"": """"}, {""ingredient_name"": ""SHAN RED CHILLI POWDER 10/1KG"", ""quantity"": 1, ""unit"": ""g"", ""item_code"": ""GR000042"", ""ingredient_id"": """"}, {""ingredient_name"": ""TAFGA REHAN SALT IODIZED 24/700G"", ""quantity"": 1.5, ""unit"": ""g"", ""item_code"": ""166780"", ""ingredient_id"": """"}, {""ingredient_name"": ""ALMARAI LABNEH FF 1/2.75KG"", ""quantity"": 40, ""unit"": ""g"", ""item_code"": ""DR000284"", ""ingredient_id"": """"}, {""ingredient_name"": ""GARLIC  (CHINA)"", ""quantity"": 6, ""unit"": ""g"", ""item_code"": ""PR000018"", ""ingredient_id"": """"}, {""ingredient_name"": ""TAFGA DALAL COOKING OIL-(SAUDI) 1/18LTR"", ""quantity"": 4, ""unit"": ""ml"", ""item_code"": ""221871"", ""ingredient_id"": """"}, {""ingredient_name"": ""SHAN RED CHILLI POWDER 10/1KG"", ""quantity"": 3, ""unit"": ""g"", ""item_code"": ""GR000042"", ""ingredient_id"": """"}, {""ingredient_name"": ""SHAN KORMA MASALA 10/1KG"", ""quantity"": 1.5, ""unit"": ""g"", ""item_code"": ""GR001943"", ""ingredient_id"": """"}, {""ingredient_name"": ""SHAN CUMIN POWDER 10/1KG"", ""quantity"": 1, ""unit"": ""g"", ""item_code"": ""GR000583"", ""ingredient_id"": """"}, {""ingredient_name"": ""SHAN CORIANDER POWDER  10/1KG"", ""quantity"": 1, ""unit"": ""g"", ""item_code"": ""GR000553"", ""ingredient_id"": """"}, {""ingredient_name"": ""SHAN TURMERIC POWDER  10/1KG"", ""quantity"": 0.5, ""unit"": ""g"", ""item_code"": ""GR000043"", ""ingredient_id"": """"}, {""ingredient_name"": ""MAA CHAAT MASALA TUB 6/750G"", ""quantity"": 1, ""unit"": ""g"", ""item_code"": ""GR003698"", ""ingredient_id"": """"}, {""ingredient_name"": ""A-MEHRAN KAUSRI METHILEAVES 12/50G"", ""quantity"": 0.5, ""unit"": ""g"", ""item_code"": ""276502"", ""ingredient_id"": """"}, {""ingredient_name"": ""TAFGA REHAN SALT IODIZED 24/700G"", ""quantity"": 1, ""unit"": ""g"", ""item_code"": ""166780"", ""ingredient_id"": """"}, {""ingredient_name"": ""AL MARAI BUTTER UNSALT 4/100/10G"", ""quantity"": 10, ""unit"": ""g"", ""item_code"": ""DR000039"", ""ingredient_id"": """"}, {""ingredient_name"": ""MAA CHAAT MASALA TUB 6/750G"", ""quantity"": 0.5, ""unit"": ""g"", ""item_code"": ""GR003698"", ""ingredient_id"": """"}, {""ingredient_name"": ""CORIANDER LEAVES (BDL)"", ""quantity"": 3, ""unit"": ""g"", ""item_code"": ""PR000062"", ""ingredient_id"": """"}, {""ingredient_name"": ""LEMON (AFRICAN/TURKEY)"", ""quantity"": 50, ""unit"": ""g"", ""item_code"": ""PR000090"", ""ingredient_id"": """"}]",[],"1. First Marination (Tenderizing) | Clean the chicken and cut into uniform pieces (~40-50g chunks). | Toss the chicken with the lemon juice, salt, and the first portion of Kashmiri chili powder. | Cover and refrigerate for 1 to 2 hours. | 2. Second Marination (Flavor-Binding) | Whisk the thick Greek yogurt in a large catering container until smooth. | Mix in the ginger-garlic paste, mustard oil, and all the remaining dry spices, salt, and crushed kasuri methi. | Drain any excess liquid from the chicken, then massage the thick yogurt mixture thoroughly into the chicken pieces. | Marinate in the walk-in cooler for 4 to 6 hours (preferably overnight). | 3. Cooking Phase (High Heat Roast) | Pull the chicken from the cooler 30 minutes before cooking to drop the chill. | Arrange chicken pieces across baking sheets lined with wire racks to let heat circulate. | Preheat your oven to 425°F (220°C) or your tandoor to its high roasting standard. | Roast the chicken for 12 to 15 minutes. | Pull the trays out, brush generously with melted butter, and return to the high heat for an additional 5 to 7 minutes until edges take on dark, charred spots. | Verify safety: the internal temperature must register at 165°F (74°C). | 4. Resting & Final Assembly | Transfer the roasted chicken into clean hotel pans and let it rest for 5 minutes. | Toss lightly with the pan drippings and accumulated butter. | 5. Finish & Presentation | Dust the entire batch evenly with chaat masala. | Garnish with a heavy layer of fresh chopped coriander and arrange fresh lemon wedges around the pans before placing on the service line. | 🔥 Approximate Nutrition (Per 150 g Serving) | Calories: 210–240 kcal | Protein: 26–30 g | Fat: 9–12 g | Carbohydrates: 3–5 g | ⚠️ Allergen InformationContains: | Dairy (Yogurt, Butter) | 💡 Notes for Bulk Cooking | Shrinkage Buffer: Raw chicken loses roughly 15-20% weight during high-heat roasting. Starting with 18 kg of raw chicken ensures you easily yield the required 15 kg finished batch weight. | Natural Red Color: Avoid artificial food dyes by using pure Kashmiri chili powder, which delivers an authentic crimson hue without aggressive heat.",,,"[""milk""]",specific,"[""KBR-384""]","[""KBR""]",,true
Chicken Tikka KBR-384 ONEGO V3,RCP-037-CHICKENTIK-KBR384ONEGOV3,Chicken Tikka Recipe (100 Pax),,Chicken,1,"[{""ingredient_name"": ""ADDOHA FRESH CHICKEN WHOLE IN BAG 1/900G"", ""quantity"": 0.25, ""unit"": ""pieces"", ""item_code"": ""357255"", ""ingredient_id"": """"}, {""ingredient_name"": ""TFG MOONATY LEMON JUICE 12/1LTR"", ""quantity"": 6, ""unit"": ""ml"", ""item_code"": ""429366"", ""ingredient_id"": """"}, {""ingredient_name"": ""TAFGA REHAN SALT IODIZED 24/700G"", ""quantity"": 2.5, ""unit"": ""g"", ""item_code"": ""166780"", ""ingredient_id"": """"}, {""ingredient_name"": ""SHAN RED CHILLI POWDER 10/1KG"", ""quantity"": 2, ""unit"": ""g"", ""item_code"": ""GR000042"", ""ingredient_id"": """"}, {""ingredient_name"": ""ALMARAI LABNEH FF 1/2.75KG"", ""quantity"": 80, ""unit"": ""g"", ""item_code"": ""DR000284"", ""ingredient_id"": """"}, {""ingredient_name"": ""GARLIC  (CHINA)"", ""quantity"": 15, ""unit"": ""g"", ""item_code"": ""PR000018"", ""ingredient_id"": """"}, {""ingredient_name"": ""SHAN RED CHILLI POWDER 10/1KG"", ""quantity"": 3, ""unit"": ""g"", ""item_code"": ""GR000042"", ""ingredient_id"": """"}, {""ingredient_name"": ""SHAN TURMERIC POWDER  10/1KG"", ""quantity"": 1, ""unit"": ""g"", ""item_code"": ""GR000043"", ""ingredient_id"": """"}, {""ingredient_name"": ""SHAN CORIANDER POWDER  10/1KG"", ""quantity"": 2.5, ""unit"": ""g"", ""item_code"": ""GR000553"", ""ingredient_id"": """"}, {""ingredient_name"": ""SHAN KORMA MASALA 10/1KG"", ""quantity"": 2, ""unit"": ""g"", ""item_code"": ""GR001943"", ""ingredient_id"": """"}, {""ingredient_name"": ""SHAN CUMIN POWDER 10/1KG"", ""quantity"": 1.5, ""unit"": ""g"", ""item_code"": ""GR000583"", ""ingredient_id"": """"}, {""ingredient_name"": ""SHAN RED CHILLI POWDER 10/1KG"", ""quantity"": 2, ""unit"": ""g"", ""item_code"": ""GR000042"", ""ingredient_id"": """"}, {""ingredient_name"": ""TAFGA DALAL COOKING OIL-(SAUDI) 1/18LTR"", ""quantity"": 0.02, ""unit"": ""l"", ""item_code"": ""221871"", ""ingredient_id"": """"}, {""ingredient_name"": ""TFG MOONATY LEMON JUICE 12/1LTR"", ""quantity"": 0.01, ""unit"": ""l"", ""item_code"": ""429366"", ""ingredient_id"": """"}, {""ingredient_name"": ""TAFGA REHAN SALT IODIZED 24/700G"", ""quantity"": 3, ""unit"": ""g"", ""item_code"": ""166780"", ""ingredient_id"": """"}, {""ingredient_name"": ""CORIANDER LEAVES (BDL)"", ""quantity"": 10, ""unit"": ""g"", ""item_code"": ""PR000062"", ""ingredient_id"": """"}, {""ingredient_name"": ""LEMON (AFRICAN/TURKEY)"", ""quantity"": 100, ""unit"": ""g"", ""item_code"": ""PR000090"", ""ingredient_id"": """"}, {""ingredient_name"": ""DRY ONION (LOCAL)"", ""quantity"": 50, ""unit"": ""g"", ""item_code"": ""PR000020"", ""ingredient_id"": """"}]",[],"Clean & Cut Chicken | Wash and cut chickens into quarters. Make deep cuts for marinade absorption. | First Marinade | Apply lemon juice, salt, and chili powder. | Rest for 30–45 minutes. | Second Marinade | Mix yogurt, spices, oil, and ginger-garlic paste. | Coat chicken thoroughly. | Marinate for 6–8 hours (preferably overnight). | Cooking | Cook in tandoor, grill, or oven at 200°C for 35–45 minutes. | Turn occasionally and baste with oil or butter. | Serving | Serve hot with onions, lemon wedges, and green chutney. | 🔥 Approximate Calories (Per Serving – 1/4 Chicken) | Calories: 350–450 kcal | Protein: 30–35 g | Fat: 20–25 g | Carbohydrates: 3–5 g | ⚠️ Allergen Information | Dairy (Milk): Present (yogurt) | Mustard: Possible (if mustard oil used) | Spices: May cause sensitivity (chili, garam masala) | Garlic & Ginger: Possible intolerance for some individuals",,,"[""milk""]",specific,"[""KBR-384""]","[""KBR""]",,true
Crispy Chicken Strips KBR-384 ONEGO V3,RCP-038-CRISPYCHIC-KBR384ONEGOV3,Crispy Chicken Strips (100 Pax),,Chicken,1,"[{""ingredient_name"": ""TANMIAH FRESH CHICKEN 1/900G"", ""quantity"": 150, ""unit"": ""g"", ""item_code"": ""205101"", ""ingredient_id"": """"}, {""ingredient_name"": ""TANMIAH FRESH CHICKEN 1/900G"", ""quantity"": 150, ""unit"": ""g"", ""item_code"": ""205101"", ""ingredient_id"": """"}, {""ingredient_name"": ""TAFGA REHAN SALT IODIZED 24/700G"", ""quantity"": 0.6, ""unit"": ""g"", ""item_code"": ""166780"", ""ingredient_id"": """"}, {""ingredient_name"": ""GARLIC  (CHINA)"", ""quantity"": 2, ""unit"": ""g"", ""item_code"": ""PR000018"", ""ingredient_id"": """"}, {""ingredient_name"": ""A-TAFGA FRESHLY PEPPER BLACK PWDR 6/16Z"", ""quantity"": 0.2, ""unit"": ""g"", ""item_code"": ""185836"", ""ingredient_id"": """"}, {""ingredient_name"": ""AL MARAI UHT MILF FF 12/1LTR"", ""quantity"": 0.02, ""unit"": ""l"", ""item_code"": ""DR000005"", ""ingredient_id"": """"}, {""ingredient_name"": ""A-FOOM WHITE FLOUR 1/45KG"", ""quantity"": 14, ""unit"": ""g"", ""item_code"": ""188559"", ""ingredient_id"": """"}, {""ingredient_name"": ""A-AL AMC CORN STARCH 1/25KG"", ""quantity"": 4, ""unit"": ""g"", ""item_code"": ""139554"", ""ingredient_id"": """"}, {""ingredient_name"": ""SAEDCO FRESH EGGS MEDIUM 12/30 CT"", ""quantity"": 0.3, ""unit"": ""pieces"", ""item_code"": ""142110"", ""ingredient_id"": """"}, {""ingredient_name"": ""AL MARAI UHT MILF FF 12/1LTR"", ""quantity"": 0.01, ""unit"": ""l"", ""item_code"": ""DR000005"", ""ingredient_id"": """"}, {""ingredient_name"": ""FONTE BREAD CRUMBS 1/500G"", ""quantity"": 20, ""unit"": ""g"", ""item_code"": ""272674"", ""ingredient_id"": """"}, {""ingredient_name"": ""TAFGA REHAN SALT IODIZED 24/700G"", ""quantity"": 0.6, ""unit"": ""g"", ""item_code"": ""166780"", ""ingredient_id"": """"}, {""ingredient_name"": ""EASTERN GARLIC POWDER 24/200G"", ""quantity"": 0.5, ""unit"": ""g"", ""item_code"": ""401030"", ""ingredient_id"": """"}, {""ingredient_name"": ""DRY ONION (LOCAL)"", ""quantity"": 0.5, ""unit"": ""g"", ""item_code"": ""PR000020"", ""ingredient_id"": """"}, {""ingredient_name"": ""A-AL MANAKEL PAPRIKA SWEET JAR  6/1KG"", ""quantity"": 0.35, ""unit"": ""g"", ""item_code"": ""404682"", ""ingredient_id"": """"}]",[],"1. Prep and Marinate Chicken | ▪  Slice the chicken breasts lengthwise into uniform 1-inch thick strips. | ▪  Mix chicken strips thoroughly with salt, garlic paste, black pepper, and buttermilk. | ▪  Cover and marinate in the refrigerator for 1–2 hours to achieve tenderness. | 2. Set Up Assembly Line | ▪  Organize three large commercial hotel pans side-by-side to ensure efficient workflow. | ▪  Pan 1 (Dry Dust): Combine all-purpose flour, cornstarch, and exactly half of the pre-blended seasoning mix. | ▪  Pan 2 (Wet Egg Wash): Whisk the 30 beaten eggs together with the 1 liter of milk until completely smooth. | ▪  Pan 3 (Final Crunch): Mix the Panko breadcrumbs thoroughly with the remaining half of the seasoning mix. | 3. Dredge Chicken in Batches | ▪  Working systematically in batches of 20–30 strips, remove chicken from the buttermilk marinade and shake away excess liquid. | ▪  Toss thoroughly in the flour mixture (Pan 1) to coat completely, then lightly shake off excess dust. | ▪  Submerge the floured strips fully into the egg wash (Pan 2). | ▪  Transfer directly into the seasoned Panko breadcrumbs (Pan 3), pressing down firmly so crumbs form a thick, uniform shell. | 4. Fry or Bake Chicken | ▪  Deep Frying Option: Heat oil in large commercial deep fryers to 350°F (175°C). Fry the breaded strips in batches for 4–5 minutes until the exterior turns a crisp, deep golden brown and the internal temperature safely reaches 165°F (74°C). | ▪  Convection Baking Option: Arrange strips across parchment-lined commercial baking sheets. Spray lightly with cooking spray and bake in a convection oven at 400°F (200°C) for 15–18 minutes. | 5. Finish & Serve | ▪  Drain any excess surface oil by resting the fried chicken strips briefly on wire cooling racks. | ▪  Transfer to hot holding units or serve immediately alongside complementary dipping sauces. | 🔥 Approximate Nutrition (Per 150 g Serving) | Calories | ~390–420 kcal | Protein | ~42 g | Fat | ~16 g | Carbohydrates | ~24 g | Note | Values are approximate depending on oil absorption during deep frying or baking. | ⚠️ Allergen Information | Contains: Gluten (all-purpose flour, Panko breadcrumbs), Eggs (egg wash), Dairy (buttermilk, milk). | May contain: Soy or Sesame traces depending on processed breadcrumb brands used.",,,"[""egg"", ""milk"", ""wheat""]",specific,"[""KBR-384""]","[""KBR""]",,true
Arabic Foul Medames KBR-384 ONEGO V3,RCP-039-ARABICFOUL-KBR384ONEGOV3,Arabic Foul Medames,,Dall,1,"[{""ingredient_name"": ""A-TFGA LUNA FOUL MEDAMAS 24/400G"", ""quantity"": 120, ""unit"": ""g"", ""item_code"": ""191262"", ""ingredient_id"": """"}, {""ingredient_name"": ""TAFGA OLIVE OIL 12/500ML"", ""quantity"": 0.015, ""unit"": ""l"", ""item_code"": ""185208"", ""ingredient_id"": """"}, {""ingredient_name"": ""GARLIC  (CHINA)"", ""quantity"": 3, ""unit"": ""g"", ""item_code"": ""PR000018"", ""ingredient_id"": """"}, {""ingredient_name"": ""TFG MOONATY LEMON JUICE 12/1LTR"", ""quantity"": 0.015, ""unit"": ""l"", ""item_code"": ""429366"", ""ingredient_id"": """"}, {""ingredient_name"": ""TAFGA LIQ TAHINA 12/1KG"", ""quantity"": 10, ""unit"": ""g"", ""item_code"": ""204980"", ""ingredient_id"": """"}, {""ingredient_name"": ""TAFGA REHAN SALT IODIZED 24/700G"", ""quantity"": 2, ""unit"": ""g"", ""item_code"": ""166780"", ""ingredient_id"": """"}, {""ingredient_name"": ""SHAN CUMIN POWDER 10/1KG"", ""quantity"": 1.5, ""unit"": ""g"", ""item_code"": ""GR000583"", ""ingredient_id"": """"}, {""ingredient_name"": ""Fresh parsley"", ""quantity"": 10, ""unit"": ""g"", ""item_code"": ""RCPMIS-V5-006-FRESHPAR"", ""ingredient_id"": """"}, {""ingredient_name"": ""GREEN CHILLI (INDIAN)"", ""quantity"": 2, ""unit"": ""g"", ""item_code"": ""PR000016"", ""ingredient_id"": """"}, {""ingredient_name"": ""(TAFGA) NOVA WATER 24/0.55-0.6LTR"", ""quantity"": 0.03, ""unit"": ""l"", ""item_code"": ""224894"", ""ingredient_id"": """"}]",[],"Heat beans:Place fava beans in large stock pots and heat gently. | Prepare flavor base:Add minced garlic, salt, cumin, and a little water. | Mash lightly:Mash about 30–40% of the beans for a creamy texture. | Add liquids:Stir in olive oil, lemon juice, and tahini (if using). | Adjust consistency:Add water as needed to get a thick but spoon able texture. | Finish:Garnish with parsley and optional chopped green chili. | Serve hot with Arabic bread. | 🔥 Nutritional Value (Per 150 g Serving – Approx.) | Nutrient | Amount | Calories | 180–220 kcal | Protein | 8–10 g | Carbohydrates | 18–22 g | Fat | 8–10 g | Fiber | 6–8 g | ⚠️ Allergens | Sesame (Tahini) – if included | Legumes (Fava beans) | Possible cross-contact if using canned beans",,,"[""milk""]",specific,"[""KBR-384""]","[""KBR""]",,true
Chickpeas Masala KBR-384 ONEGO V3,RCP-040-CHICKPEASM-KBR384ONEGOV3,Chickpeas Masala – Lahori Style (100 Pax),,Dall,1,"[{""ingredient_name"": ""AMAL CHICK PEAS # 07 1/15KG"", ""quantity"": 75, ""unit"": ""g"", ""item_code"": ""GR003046"", ""ingredient_id"": """"}, {""ingredient_name"": ""DRY ONION (LOCAL)"", ""quantity"": 50, ""unit"": ""g"", ""item_code"": ""PR000020"", ""ingredient_id"": """"}, {""ingredient_name"": ""TOMATO (ADY)"", ""quantity"": 50, ""unit"": ""g"", ""item_code"": ""PR000005"", ""ingredient_id"": """"}, {""ingredient_name"": ""GARLIC  (CHINA)"", ""quantity"": 2, ""unit"": ""g"", ""item_code"": ""PR000018"", ""ingredient_id"": """"}, {""ingredient_name"": ""GINGER (CHINA)"", ""quantity"": 2, ""unit"": ""g"", ""item_code"": ""PR000019"", ""ingredient_id"": """"}, {""ingredient_name"": ""GREEN CHILLI (INDIAN)"", ""quantity"": 1, ""unit"": ""g"", ""item_code"": ""PR000016"", ""ingredient_id"": """"}, {""ingredient_name"": ""ALMARAI LABNEH FF 1/2.75KG"", ""quantity"": 20, ""unit"": ""g"", ""item_code"": ""DR000284"", ""ingredient_id"": """"}, {""ingredient_name"": ""TAFGA DALAL COOKING OIL-(SAUDI) 1/18LTR"", ""quantity"": 0.015, ""unit"": ""l"", ""item_code"": ""221871"", ""ingredient_id"": """"}, {""ingredient_name"": ""SHAN CUMIN WHOLE  10/1KG"", ""quantity"": 0.5, ""unit"": ""g"", ""item_code"": ""GR000554"", ""ingredient_id"": """"}, {""ingredient_name"": ""SHAN TURMERIC POWDER  10/1KG"", ""quantity"": 0.5, ""unit"": ""g"", ""item_code"": ""GR000043"", ""ingredient_id"": """"}, {""ingredient_name"": ""SHAN RED CHILLI POWDER 10/1KG"", ""quantity"": 0.8, ""unit"": ""g"", ""item_code"": ""GR000042"", ""ingredient_id"": """"}, {""ingredient_name"": ""SHAN CORIANDER POWDER  10/1KG"", ""quantity"": 1.2, ""unit"": ""g"", ""item_code"": ""GR000553"", ""ingredient_id"": """"}, {""ingredient_name"": ""SHAN KORMA MASALA 10/1KG"", ""quantity"": 0.5, ""unit"": ""g"", ""item_code"": ""GR001943"", ""ingredient_id"": """"}, {""ingredient_name"": ""TAFGA REHAN SALT IODIZED 24/700G"", ""quantity"": 2, ""unit"": ""g"", ""item_code"": ""166780"", ""ingredient_id"": """"}, {""ingredient_name"": ""CORIANDER LEAVES (BDL)"", ""quantity"": 2, ""unit"": ""g"", ""item_code"": ""PR000062"", ""ingredient_id"": """"}]",[],"Prepare Chickpeas: Soak chickpeas overnight (8–10 hours). Pressure cook with enough water until soft (around 15–20 mins in pressure cooker, 5–6 whistles). Drain and keep aside. | Prepare Masala Base: | Heat oil in a large pan. | Add cumin seeds and let them splutter. | Add chopped onions, sauté until golden brown. | Add ginger-garlic paste and green chilies; sauté for 2–3 mins. | Add tomato puree, turmeric, red chili powder, coriander powder, and salt. Cook until oil separates from the masala. | Combine Chickpeas and Masala: | Add boiled chickpeas to the masala. Mix well. | Add 2–3 L of water (adjust for desired consistency). Simmer for 15–20 minutes on medium heat. | If using yogurt, add whisked yogurt slowly and cook for another 5–10 mins. | Finish and Garnish: | Sprinkle garam masala. | Garnish with chopped fresh coriander leaves. | Serve hot with rice, roti, or naan. | Calories & Nutritional Info (per 150 g serving) | Calories: ~210 kcal | Protein: 8 g | Carbohydrates: 28 g | Fat: 8 g | Fiber: 7 g | Allergen Information | Contains: Dairy (yogurt), Possible traces of gluten (if cross-contaminated with wheat utensils), Legumes (chickpeas) | Gluten-Free Option: Omit cross-contamination; the recipe is naturally gluten-free. | Vegan Option: Skip yogurt.",,,"[""milk""]",specific,"[""KBR-384""]","[""KBR""]",,true
Daal Lobia KBR-384 ONEGO V3,RCP-041-DAALLOBIA-KBR384ONEGOV3,"Daal Lobia (Black-Eyed Peas) Curry for 100 servings at 150 grams per serving,",,Dall,1,"[{""ingredient_name"": ""A-88 RED KIDNEY BEANS 1/15KG"", ""quantity"": 100, ""unit"": ""g"", ""item_code"": ""140068"", ""ingredient_id"": """"}, {""ingredient_name"": ""DRY ONION (LOCAL)"", ""quantity"": 50, ""unit"": ""g"", ""item_code"": ""PR000020"", ""ingredient_id"": """"}, {""ingredient_name"": ""TOMATO (ADY)"", ""quantity"": 40, ""unit"": ""g"", ""item_code"": ""PR000005"", ""ingredient_id"": """"}, {""ingredient_name"": ""GREEN CHILLI (INDIAN)"", ""quantity"": 2, ""unit"": ""g"", ""item_code"": ""PR000016"", ""ingredient_id"": """"}, {""ingredient_name"": ""GARLIC  (CHINA)"", ""quantity"": 5, ""unit"": ""g"", ""item_code"": ""PR000018"", ""ingredient_id"": """"}, {""ingredient_name"": ""TAFGA DALAL COOKING OIL-(SAUDI) 1/18LTR"", ""quantity"": 0.015, ""unit"": ""l"", ""item_code"": ""221871"", ""ingredient_id"": """"}, {""ingredient_name"": ""SHAN CUMIN WHOLE  10/1KG"", ""quantity"": 1, ""unit"": ""g"", ""item_code"": ""GR000554"", ""ingredient_id"": """"}, {""ingredient_name"": ""SHAN TURMERIC POWDER  10/1KG"", ""quantity"": 0.5, ""unit"": ""g"", ""item_code"": ""GR000043"", ""ingredient_id"": """"}, {""ingredient_name"": ""SHAN CORIANDER POWDER  10/1KG"", ""quantity"": 1.5, ""unit"": ""g"", ""item_code"": ""GR000553"", ""ingredient_id"": """"}, {""ingredient_name"": ""SHAN RED CHILLI POWDER 10/1KG"", ""quantity"": 1, ""unit"": ""g"", ""item_code"": ""GR000042"", ""ingredient_id"": """"}, {""ingredient_name"": ""SHAN KORMA MASALA 10/1KG"", ""quantity"": 0.5, ""unit"": ""g"", ""item_code"": ""GR001943"", ""ingredient_id"": """"}, {""ingredient_name"": ""CORIANDER LEAVES (BDL)"", ""quantity"": 2, ""unit"": ""g"", ""item_code"": ""PR000062"", ""ingredient_id"": """"}]",[],"Soak daal lobia overnight. Drain and rinse before cooking. | Cooking Daal: | In a large vessel, boil the soaked daal with enough water until soft (approx. 25–30 minutes). | Tempering: | Heat oil in a pan. Add cumin seeds and let them splutter. | Add onions and sauté until golden brown. | Add ginger-garlic paste and green chilies; sauté 2–3 minutes. | Add tomatoes, turmeric, coriander, and red chili powder. Cook until oil separates. | Combine: | Add the cooked daal to the masala. Mix well and simmer for 10 minutes. | Add salt and garam masala. Stir gently. | Garnish: | Garnish with chopped fresh coriander leaves. | Nutritional Information (Per 150 g serving) | Nutrient | Amount | Calories | 150 kcal | Protein | 6 g | Carbohydrates | 25 g | Fat | 4 g | Fiber | 7 g | Allergen Information | Contains: None (vegan and gluten-free) | May contain traces of: Mustard (if using mustard seeds in tempering)",,,[],specific,"[""KBR-384""]","[""KBR""]",,true
Dal Chana Fry (Dall 2) KBR-384 ONEGO V3,RCP-042-DALCHANAFR-KBR384ONEGOV3,Dal Chana Fry (100 Pax),,Dall,1,"[{""ingredient_name"": ""A-MELOW INDIAN YELLOW SPLIT CHICK PEAS 1/15KG"", ""quantity"": 60, ""unit"": ""g"", ""item_code"": ""386163"", ""ingredient_id"": """"}, {""ingredient_name"": ""DRY ONION (LOCAL)"", ""quantity"": 25, ""unit"": ""g"", ""item_code"": ""PR000020"", ""ingredient_id"": """"}, {""ingredient_name"": ""TOMATO (ADY)"", ""quantity"": 25, ""unit"": ""g"", ""item_code"": ""PR000005"", ""ingredient_id"": """"}, {""ingredient_name"": ""GARLIC  (CHINA)"", ""quantity"": 4, ""unit"": ""g"", ""item_code"": ""PR000018"", ""ingredient_id"": """"}, {""ingredient_name"": ""GREEN CHILLI (INDIAN)"", ""quantity"": 2, ""unit"": ""g"", ""item_code"": ""PR000016"", ""ingredient_id"": """"}, {""ingredient_name"": ""TAFGA DALAL COOKING OIL-(SAUDI) 1/18LTR"", ""quantity"": 0.015, ""unit"": ""l"", ""item_code"": ""221871"", ""ingredient_id"": """"}, {""ingredient_name"": ""SHAN CUMIN WHOLE  10/1KG"", ""quantity"": 1, ""unit"": ""g"", ""item_code"": ""GR000554"", ""ingredient_id"": """"}, {""ingredient_name"": ""SHAN TURMERIC POWDER  10/1KG"", ""quantity"": 0.8, ""unit"": ""g"", ""item_code"": ""GR000043"", ""ingredient_id"": """"}, {""ingredient_name"": ""SHAN RED CHILLI POWDER 10/1KG"", ""quantity"": 1.2, ""unit"": ""g"", ""item_code"": ""GR000042"", ""ingredient_id"": """"}, {""ingredient_name"": ""SHAN CORIANDER POWDER  10/1KG"", ""quantity"": 2, ""unit"": ""g"", ""item_code"": ""GR000553"", ""ingredient_id"": """"}, {""ingredient_name"": ""SHAN KORMA MASALA 10/1KG"", ""quantity"": 1, ""unit"": ""g"", ""item_code"": ""GR001943"", ""ingredient_id"": """"}, {""ingredient_name"": ""TAFGA REHAN SALT IODIZED 24/700G"", ""quantity"": 2.5, ""unit"": ""g"", ""item_code"": ""166780"", ""ingredient_id"": """"}, {""ingredient_name"": ""CORIANDER LEAVES (BDL)"", ""quantity"": 5, ""unit"": ""g"", ""item_code"": ""PR000062"", ""ingredient_id"": """"}, {""ingredient_name"": ""(TAFGA) NOVA WATER 24/0.55-0.6LTR"", ""quantity"": 0.2, ""unit"": ""l"", ""item_code"": ""224894"", ""ingredient_id"": """"}, {""ingredient_name"": ""TFG MOONATY LEMON JUICE 12/1LTR"", ""quantity"": 2, ""unit"": ""ml"", ""item_code"": ""429366"", ""ingredient_id"": """"}]",[],"Wash & soak dal | Wash chana dal thoroughly and soak for 1–2 hours. | Boil dal | Cook dal with turmeric and water until soft but not mushy (approx. 20–30 min in bulk cooker). | Prepare masala base | Heat oil/ghee in large pot. | Add cumin seeds → let splutter. | Add onions → sauté until golden brown. | Add aromatics | Add ginger-garlic paste and green chili → cook until raw smell disappears. | Add tomatoes & spices | Add tomatoes, red chili powder, coriander powder, salt. | Cook until oil separates. | Combine dal | Add cooked dal to masala. | Adjust consistency with water. | Final seasoning | Add garam masala and simmer for 10–15 minutes. | Garnish with fresh coriander and lemon juice. | 🔥 Nutritional Value (Per 150 g Serving - Approx.) | Nutrient | Amount | Calories | 180–220 kcal | Protein | 9–11 g | Carbohydrates | 22–25 g | Fat | 6–8 g | Fiber | 6–8 g | ⚠️ Allergen Information | Legumes (Chana Dal / Chickpeas) – main allergen | Possible cross-contact: | Dairy (if ghee is used) | Gluten (if processed in shared kitchen) | Free from: | Nuts (unless contaminated) | Eggs | Seafood | ✅ Notes for Catering | Maintain medium-thick consistency for buffet service. | Use ghee + oil mix for better flavor in premium service.",,,"[""milk""]",specific,"[""KBR-384""]","[""KBR""]",,true
Dal Makhni KBR-384 ONEGO V3,RCP-043-DALMAKHNI-KBR384ONEGOV3,Dal Makhni – 100 Pax (150 g per serving),,Dall,1,"[{""ingredient_name"": ""A-TAFGA MELLOW URID DAL 1/15KG"", ""quantity"": 45, ""unit"": ""g"", ""item_code"": ""139364"", ""ingredient_id"": """"}, {""ingredient_name"": ""A-88 RED KIDNEY BEANS 1/15KG"", ""quantity"": 15, ""unit"": ""g"", ""item_code"": ""140068"", ""ingredient_id"": """"}, {""ingredient_name"": ""(TAFGA) NOVA WATER 24/0.55-0.6LTR"", ""quantity"": 0.3, ""unit"": ""l"", ""item_code"": ""224894"", ""ingredient_id"": """"}, {""ingredient_name"": ""AL MARAI BUTTER UNSALT 4/100/10G"", ""quantity"": 18, ""unit"": ""g"", ""item_code"": ""DR000039"", ""ingredient_id"": """"}]",[],"1. Soaking & Cooking | Soak urad dal and rajma overnight (10–12 hours). | Boil until soft (pressure cook approx. 30–40 minutes). | Lightly mash to get creamy texture. | 2. Prepare Masala | Heat butter + oil in large pot. | Sauté onions until golden brown. | Add ginger-garlic paste, cook until raw smell disappears. | Add tomato puree and cook until oil separates. | 3. Spicing | Add turmeric, chili, coriander, cumin, and salt. | Cook masala well (10–15 minutes). | 4. Combine | Add cooked dal and rajma into masala. | Simmer on low heat for 1.5–2 hours (key for authentic taste). | Stir regularly to avoid sticking. | 5. Finishing | Add cream, garam masala, and crushed kasuri methi. | Adjust seasoning and consistency. | Garnish with coriander leaves. | Portion Control | Serve 150 g per person | Use ladle or portion scoop for consistency. | Approximate Nutrition (Per 150 g Serving) | Calories: 220–260 kcal | Protein: 9–11 g | Fat: 12–15 g | Carbohydrates: 20–25 g | (Values depend on butter and cream usage) | Allergen Information (Menu Display) | Contains: | Dairy (Milk, Butter, Cream)",,,"[""milk""]",specific,"[""KBR-384""]","[""KBR""]",,true
Dal Mash Fry KBR-384 ONEGO V3,RCP-044-DALMASHFRY-KBR384ONEGOV3,Dal Mash Fry (100 Pax | 150 g per serving),,Dall,1,"[{""ingredient_name"": ""A-TAFGA MELLOW URID DAL 1/15KG"", ""quantity"": 60, ""unit"": ""g"", ""item_code"": ""139364"", ""ingredient_id"": """"}, {""ingredient_name"": ""DRY ONION (LOCAL)"", ""quantity"": 20, ""unit"": ""g"", ""item_code"": ""PR000020"", ""ingredient_id"": """"}, {""ingredient_name"": ""TOMATO (ADY)"", ""quantity"": 25, ""unit"": ""g"", ""item_code"": ""PR000005"", ""ingredient_id"": """"}, {""ingredient_name"": ""GARLIC  (CHINA)"", ""quantity"": 4, ""unit"": ""g"", ""item_code"": ""PR000018"", ""ingredient_id"": """"}, {""ingredient_name"": ""GREEN CHILLI (INDIAN)"", ""quantity"": 2, ""unit"": ""g"", ""item_code"": ""PR000016"", ""ingredient_id"": """"}, {""ingredient_name"": ""TAFGA DALAL COOKING OIL-(SAUDI) 1/18LTR"", ""quantity"": 0.02, ""unit"": ""l"", ""item_code"": ""221871"", ""ingredient_id"": """"}, {""ingredient_name"": ""SHAN CUMIN WHOLE  10/1KG"", ""quantity"": 0.8, ""unit"": ""g"", ""item_code"": ""GR000554"", ""ingredient_id"": """"}, {""ingredient_name"": ""SHAN TURMERIC POWDER  10/1KG"", ""quantity"": 0.6, ""unit"": ""g"", ""item_code"": ""GR000043"", ""ingredient_id"": """"}, {""ingredient_name"": ""SHAN RED CHILLI POWDER 10/1KG"", ""quantity"": 1.2, ""unit"": ""g"", ""item_code"": ""GR000042"", ""ingredient_id"": """"}, {""ingredient_name"": ""SHAN CORIANDER POWDER  10/1KG"", ""quantity"": 1.5, ""unit"": ""g"", ""item_code"": ""GR000553"", ""ingredient_id"": """"}, {""ingredient_name"": ""SHAN KORMA MASALA 10/1KG"", ""quantity"": 0.8, ""unit"": ""g"", ""item_code"": ""GR001943"", ""ingredient_id"": """"}, {""ingredient_name"": ""TAFGA REHAN SALT IODIZED 24/700G"", ""quantity"": 2.5, ""unit"": ""g"", ""item_code"": ""166780"", ""ingredient_id"": """"}, {""ingredient_name"": ""CORIANDER LEAVES (BDL)"", ""quantity"": 5, ""unit"": ""g"", ""item_code"": ""PR000062"", ""ingredient_id"": """"}, {""ingredient_name"": ""(TAFGA) NOVA WATER 24/0.55-0.6LTR"", ""quantity"": 0.2, ""unit"": ""l"", ""item_code"": ""224894"", ""ingredient_id"": """"}]",[],"Prepare Dal | Wash and soak urad dal for 1–2 hours. | Boil with turmeric and salt until soft (not mushy). | Prepare Masala | Heat oil/ghee in large pot. | Add cumin seeds → let splutter. | Add onions → fry until golden brown. | Add ginger-garlic paste → sauté well. | Add tomatoes → cook until oil separates. | Add Spices | Add red chili powder, coriander powder, salt. | Cook masala properly (bhunna stage). | Combine Dal | Add cooked dal with water. | Simmer 20–30 minutes on low heat. | Final Touch | Add garam masala, green chili. | Garnish with fresh coriander. | 🔥 Calories (Approx. per 150 g serving) | Component | Calories | Urad dal | 160 kcal | Oil/ghee | 90 kcal | Vegetables & spices | 30 kcal | Total per serving | ~280 kcal | ⚠️ Allergen Information | Allergen | Presence | Legumes (lentils - urad dal) | ✅ Contains | Dairy (if using ghee) | ⚠️ May contain | Gluten | ❌ Not present | Nuts | ❌ Not present | Soy | ❌ Not present | 📝 Notes for Catering | For richer taste, use ghee + oil mix. | Consistency should be thick but flowing, not dry. | Can be paired with roti, naan, or rice dishes.",,,"[""milk""]",specific,"[""KBR-384""]","[""KBR""]",,true
Dal Masoor (Dall 2) KBR-384 ONEGO V3,RCP-045-DALMASOOR-KBR384ONEGOV3,Dal Masoor (Indian Style) – 100 Pax,,Dall,1,"[{""ingredient_name"": ""A-MELLOW PULSE RED LENTIL 1/15KG"", ""quantity"": 70, ""unit"": ""g"", ""item_code"": ""142007"", ""ingredient_id"": """"}, {""ingredient_name"": ""(TAFGA) NOVA WATER 24/0.55-0.6LTR"", ""quantity"": 0.3, ""unit"": ""l"", ""item_code"": ""224894"", ""ingredient_id"": """"}, {""ingredient_name"": ""DRY ONION (LOCAL)"", ""quantity"": 30, ""unit"": ""g"", ""item_code"": ""PR000020"", ""ingredient_id"": """"}, {""ingredient_name"": ""TOMATO (ADY)"", ""quantity"": 40, ""unit"": ""g"", ""item_code"": ""PR000005"", ""ingredient_id"": """"}, {""ingredient_name"": ""GREEN CHILLI (INDIAN)"", ""quantity"": 2.5, ""unit"": ""g"", ""item_code"": ""PR000016"", ""ingredient_id"": """"}, {""ingredient_name"": ""GARLIC  (CHINA)"", ""quantity"": 5, ""unit"": ""g"", ""item_code"": ""PR000018"", ""ingredient_id"": """"}, {""ingredient_name"": ""SHAN TURMERIC POWDER  10/1KG"", ""quantity"": 1.2, ""unit"": ""g"", ""item_code"": ""GR000043"", ""ingredient_id"": """"}, {""ingredient_name"": ""SHAN RED CHILLI POWDER 10/1KG"", ""quantity"": 1.5, ""unit"": ""g"", ""item_code"": ""GR000042"", ""ingredient_id"": """"}, {""ingredient_name"": ""SHAN CORIANDER POWDER  10/1KG"", ""quantity"": 3, ""unit"": ""g"", ""item_code"": ""GR000553"", ""ingredient_id"": """"}, {""ingredient_name"": ""SHAN CUMIN WHOLE  10/1KG"", ""quantity"": 1.2, ""unit"": ""g"", ""item_code"": ""GR000554"", ""ingredient_id"": """"}, {""ingredient_name"": ""SHAN KORMA MASALA 10/1KG"", ""quantity"": 1.2, ""unit"": ""g"", ""item_code"": ""GR001943"", ""ingredient_id"": """"}, {""ingredient_name"": ""TAFGA REHAN SALT IODIZED 24/700G"", ""quantity"": 4.5, ""unit"": ""g"", ""item_code"": ""166780"", ""ingredient_id"": """"}]",[],"1. Prepare the Dal | Wash masoor dal thoroughly. | Boil with water, turmeric, and a little salt. | Cook until soft (approx. 25–30 minutes). | 2. Masala Base | Heat oil/ghee in a large pot. | Add cumin seeds → let them crackle. | Add onions → sauté until golden brown. | Add ginger-garlic paste → cook until raw smell disappears. | Add tomatoes → cook until oil separates. | 3. Add Spices | Add red chili powder, coriander powder, salt. | Cook the masala for 8–10 minutes. | 4. Combine | Add cooked dal into masala. | Mix well and adjust consistency with hot water. | Simmer for 15–20 minutes. | 5. Final Tadka | Heat oil separately. | Add garlic slices, cumin seeds, dry red chilies. | Pour hot tempering over dal. | 6. Garnish & Serve | Garnish with coriander leaves and lemon wedges. | Nutritional Information (Per 150 g Serving – Approx.) | Calories: 160–180 kcal | Protein: 9–11 g | Carbohydrates: 20–24 g | Fat: 5–7 g | Fiber: 6–8 g | Allergen Information | Contains: | None of the major allergens by default | May Contain (depending on kitchen handling): | Gluten (cross-contamination) | Dairy (if ghee is used instead of oil) | Chef Notes | Adjust thickness depending on service style (buffet vs plated). | For richer flavor, increase ghee in tempering. | Can be held hot for long service without quality loss.",,,"[""milk""]",specific,"[""KBR-384""]","[""KBR""]",,true
Dall Chana100 pax KBR-384 ONEGO V3,RCP-046-DALLCHANA1-KBR384ONEGOV3,CHANA DAL (YELLOW SPLIT CHICKPEAS) - INDIAN/PAKISTANI STYLE,,Dall,1,"[{""ingredient_name"": ""A-MELOW INDIAN YELLOW SPLIT CHICK PEAS 1/15KG"", ""quantity"": 50, ""unit"": ""g"", ""item_code"": ""386163"", ""ingredient_id"": """"}, {""ingredient_name"": ""(TAFGA) NOVA WATER 24/0.55-0.6LTR"", ""quantity"": 0.16, ""unit"": ""l"", ""item_code"": ""224894"", ""ingredient_id"": """"}, {""ingredient_name"": ""ALMARAI BUTTER GHEE 6/1600G"", ""quantity"": 5, ""unit"": ""g"", ""item_code"": ""242795"", ""ingredient_id"": """"}, {""ingredient_name"": ""DRY ONION (LOCAL)"", ""quantity"": 30, ""unit"": ""g"", ""item_code"": ""PR000020"", ""ingredient_id"": """"}, {""ingredient_name"": ""GINGER (CHINA)"", ""quantity"": 2.5, ""unit"": ""g"", ""item_code"": ""PR000019"", ""ingredient_id"": """"}, {""ingredient_name"": ""GARLIC  (CHINA)"", ""quantity"": 2, ""unit"": ""g"", ""item_code"": ""PR000018"", ""ingredient_id"": """"}, {""ingredient_name"": ""TOMATO (ADY)"", ""quantity"": 20, ""unit"": ""g"", ""item_code"": ""PR000005"", ""ingredient_id"": """"}, {""ingredient_name"": ""SHAN CUMIN WHOLE  10/1KG"", ""quantity"": 0.9, ""unit"": ""g"", ""item_code"": ""GR000554"", ""ingredient_id"": """"}, {""ingredient_name"": ""SHAN TURMERIC POWDER  10/1KG"", ""quantity"": 0.6, ""unit"": ""g"", ""item_code"": ""GR000043"", ""ingredient_id"": """"}, {""ingredient_name"": ""SHAN RED CHILLI POWDER 10/1KG"", ""quantity"": 0.75, ""unit"": ""g"", ""item_code"": ""GR000042"", ""ingredient_id"": """"}, {""ingredient_name"": ""SHAN KORMA MASALA 10/1KG"", ""quantity"": 0.6, ""unit"": ""g"", ""item_code"": ""GR001943"", ""ingredient_id"": """"}, {""ingredient_name"": ""GREEN CHILLI (INDIAN)"", ""quantity"": 3.2, ""unit"": ""g"", ""item_code"": ""PR000016"", ""ingredient_id"": """"}, {""ingredient_name"": ""TAFGA REHAN SALT IODIZED 24/700G"", ""quantity"": 1.5, ""unit"": ""g"", ""item_code"": ""166780"", ""ingredient_id"": """"}, {""ingredient_name"": ""CORIANDER LEAVES (BDL)"", ""quantity"": 3.2, ""unit"": ""g"", ""item_code"": ""PR000062"", ""ingredient_id"": """"}]",[],"1. Boil the Dal: In a large commercial stockpot or jacketed kettle, add the soaked Chana Dal, 16 liters of water, 2 tablespoons of turmeric powder, and 2 tablespoons of salt. Bring to a boil, skim off any foam, then cover and simmer on medium heat for 35 to 40 minutes until the dal grains are tender but completely hold their distinct shape. | 2. Prepare the Masala Base: In a separate large heavy-bottomed pot, heat the ghee or mustard oil. Add the whole cumin seeds and let them splutter for 30 seconds. Add the sliced onions and fry until light golden brown. | 3. Aromatics & Spices: Add the ginger paste, garlic paste, and split green chilies. Sauté for 3 minutes until the raw smell disappears. Toss in the remaining turmeric, Kashmiri red chili powder, and chopped tomatoes. Cook down for 8 to 10 minutes on medium-high heat until the tomatoes soften completely and oil separates from the edges. | 4. Combine & Simmer: Pour the cooked masala base directly into the pot with the boiled Chana Dal. Stir thoroughly using a large commercial paddle. Lower the flame, cover, and let the mixture simmer gently for another 10 to 12 minutes to integrate flavors. Adjust consistency with warm water if too dry. | 5. Finish & Service: Stir in the garam masala powder and adjust the salt level. Garnish the top generously with freshly chopped cilantro leaves. Keep in a food-safe hot holding unit above 60°C (140°F) for service.",,,"[""milk""]",specific,"[""KBR-384""]","[""KBR""]",,true
Dall Makhni Mix KBR-384 ONEGO V3,RCP-047-DALLMAKHNI-KBR384ONEGOV3,DAL MAKHANI (CREAMY BLACK LENTILS & KIDNEY BEANS),,Dall,1,"[{""ingredient_name"": ""A-TAFGA MELLOW URID DAL 1/15KG"", ""quantity"": 70, ""unit"": ""g"", ""item_code"": ""139364"", ""ingredient_id"": """"}, {""ingredient_name"": ""A-88 RED KIDNEY BEANS 1/15KG"", ""quantity"": 10, ""unit"": ""g"", ""item_code"": ""140068"", ""ingredient_id"": """"}, {""ingredient_name"": ""(TAFGA) NOVA WATER 24/0.55-0.6LTR"", ""quantity"": 0.22, ""unit"": ""l"", ""item_code"": ""224894"", ""ingredient_id"": """"}, {""ingredient_name"": ""ALMARAI BUTTER GHEE 6/1600G"", ""quantity"": 8, ""unit"": ""g"", ""item_code"": ""242795"", ""ingredient_id"": """"}, {""ingredient_name"": ""TAFGA MARAI COOKING CREAM 12/1LTR"", ""quantity"": 6, ""unit"": ""ml"", ""item_code"": ""342384"", ""ingredient_id"": """"}, {""ingredient_name"": ""GARLIC  (CHINA)"", ""quantity"": 3, ""unit"": ""g"", ""item_code"": ""PR000018"", ""ingredient_id"": """"}, {""ingredient_name"": ""A-TAFGA GOODY WHOLE PEELED TOMATO 6/#10"", ""quantity"": 0.015, ""unit"": ""l"", ""item_code"": ""381887"", ""ingredient_id"": """"}, {""ingredient_name"": ""SHAN RED CHILLI POWDER 10/1KG"", ""quantity"": 0.9, ""unit"": ""g"", ""item_code"": ""GR000042"", ""ingredient_id"": """"}, {""ingredient_name"": ""SHAN KORMA MASALA 10/1KG"", ""quantity"": 0.45, ""unit"": ""g"", ""item_code"": ""GR001943"", ""ingredient_id"": """"}, {""ingredient_name"": ""A-MEHRAN KAUSRI METHILEAVES 12/50G"", ""quantity"": 0.3, ""unit"": ""g"", ""item_code"": ""276502"", ""ingredient_id"": """"}, {""ingredient_name"": ""TAFGA REHAN SALT IODIZED 24/700G"", ""quantity"": 1.5, ""unit"": ""g"", ""item_code"": ""166780"", ""ingredient_id"": """"}]",[],"1. Boil the Pulses: In a massive heavy-duty boiling commercial pot, combine the soaked whole black lentils and red kidney beans with 22 liters of water. Bring to a rolling boil, then lower the heat. Simmer uncovered for 2 to 3 hours, or pressure-cook in industrial batches, until the lentils are completely soft and mashed. | 2. Slow Mash Process: Use a heavy commercial wire whisk or wooden churner to gently mash about 25% of the cooked lentils against the side of the pot. This releases natural starches to build the signature thick, creamy texture. | 3. Build Sauce Base: In a separate large kettle, melt half of the butter (400g). Add the ginger-garlic paste and sauté for 2 minutes. Pour in the tomato puree and Kashmiri red chili powder. Cook for 12 to 15 minutes until the paste darkens and fat rises. | 4. The Long Simmer: Pour this seasoned tomato mixture directly into the simmering lentils. Mix thoroughly. Turn the heat to very low and let the dal simmer uncovered for at least 1 hour, stirring regularly from the bottom to prevent burning. | 5. Cream & Finish: Richly fold in the remaining 400g of butter, fresh heavy dairy cream, and garam masala. Simmer for another 10 minutes. Rub the Kasuri Methi between gloved palms and sprinkle over the dal. Remove from heat and serve hot.",,,"[""milk""]",specific,"[""KBR-384""]","[""KBR""]",,true
Dall Mash KBR-384 ONEGO V3,RCP-048-DALLMASH-KBR384ONEGOV3,Allergens: Chef Recipe Cards,,Dall,1,"[{""ingredient_name"": ""A-TAFGA MELLOW URID DAL 1/15KG"", ""quantity"": 60, ""unit"": ""g"", ""item_code"": ""139364"", ""ingredient_id"": """"}, {""ingredient_name"": ""DRY ONION (LOCAL)"", ""quantity"": 20, ""unit"": ""g"", ""item_code"": ""PR000020"", ""ingredient_id"": """"}, {""ingredient_name"": ""TOMATO (ADY)"", ""quantity"": 25, ""unit"": ""g"", ""item_code"": ""PR000005"", ""ingredient_id"": """"}, {""ingredient_name"": ""GARLIC  (CHINA)"", ""quantity"": 4, ""unit"": ""g"", ""item_code"": ""PR000018"", ""ingredient_id"": """"}, {""ingredient_name"": ""GREEN CHILLI (INDIAN)"", ""quantity"": 2, ""unit"": ""g"", ""item_code"": ""PR000016"", ""ingredient_id"": """"}, {""ingredient_name"": ""TAFGA DALAL COOKING OIL-(SAUDI) 1/18LTR"", ""quantity"": 0.02, ""unit"": ""l"", ""item_code"": ""221871"", ""ingredient_id"": """"}, {""ingredient_name"": ""SHAN CUMIN WHOLE  10/1KG"", ""quantity"": 0.8, ""unit"": ""g"", ""item_code"": ""GR000554"", ""ingredient_id"": """"}, {""ingredient_name"": ""SHAN TURMERIC POWDER  10/1KG"", ""quantity"": 0.6, ""unit"": ""g"", ""item_code"": ""GR000043"", ""ingredient_id"": """"}, {""ingredient_name"": ""SHAN RED CHILLI POWDER 10/1KG"", ""quantity"": 1.2, ""unit"": ""g"", ""item_code"": ""GR000042"", ""ingredient_id"": """"}, {""ingredient_name"": ""SHAN CORIANDER POWDER  10/1KG"", ""quantity"": 1.5, ""unit"": ""g"", ""item_code"": ""GR000553"", ""ingredient_id"": """"}, {""ingredient_name"": ""SHAN KORMA MASALA 10/1KG"", ""quantity"": 0.8, ""unit"": ""g"", ""item_code"": ""GR001943"", ""ingredient_id"": """"}, {""ingredient_name"": ""TAFGA REHAN SALT IODIZED 24/700G"", ""quantity"": 2.5, ""unit"": ""g"", ""item_code"": ""166780"", ""ingredient_id"": """"}, {""ingredient_name"": ""CORIANDER LEAVES (BDL)"", ""quantity"": 5, ""unit"": ""g"", ""item_code"": ""PR000062"", ""ingredient_id"": """"}, {""ingredient_name"": ""(TAFGA) NOVA WATER 24/0.55-0.6LTR"", ""quantity"": 0.2, ""unit"": ""l"", ""item_code"": ""224894"", ""ingredient_id"": """"}]",[],"Prepare Dal | Wash and soak urad dal for 1–2 hours. | Boil with turmeric and salt until soft (not mushy). | Prepare Masala | Heat oil/ghee in large pot. | Add cumin seeds → let splutter. | Add onions → fry until golden brown. | Add ginger-garlic paste → sauté well. | Add tomatoes → cook until oil separates. | Add Spices | Add red chili powder, coriander powder, salt. | Cook masala properly (bhunna stage). | Combine Dal | Add cooked dal with water. | Simmer 20–30 minutes on low heat. | Final Touch | Add garam masala, green chili. | Garnish with fresh coriander. | 🔥 Calories (Approx. per 150 g serving) | Component | Calories | Urad dal | 160 kcal | Oil/ghee | 90 kcal | Vegetables & spices | 30 kcal | Total per serving | ~280 kcal | ⚠️ Allergen Information | Allergen | Presence | Legumes (lentils - urad dal) | ✅ Contains | Dairy (if using ghee) | ⚠️ May contain | Gluten | ❌ Not present | Nuts | ❌ Not present | Soy | ❌ Not present | 📝 Notes for Catering | For richer taste, use ghee + oil mix. | Consistency should be thick but flowing, not dry. | Can be paired with roti, naan, or rice dishes.",,,[],specific,"[""KBR-384""]","[""KBR""]",,true
Dall Mongo KBR-384 ONEGO V3,RCP-049-DALLMONGO-KBR384ONEGOV3,Fried Dall Mongo Recipe (100 pax),,Dall,1,"[{""ingredient_name"": ""A-TAFGA MELLOW DAL MOONG WHL 1/15KG"", ""quantity"": 150, ""unit"": ""g"", ""item_code"": ""180808"", ""ingredient_id"": """"}, {""ingredient_name"": ""DRY ONION (LOCAL)"", ""quantity"": 50, ""unit"": ""g"", ""item_code"": ""PR000020"", ""ingredient_id"": """"}, {""ingredient_name"": ""TOMATO (ADY)"", ""quantity"": 50, ""unit"": ""g"", ""item_code"": ""PR000005"", ""ingredient_id"": """"}, {""ingredient_name"": ""GARLIC  (CHINA)"", ""quantity"": 5, ""unit"": ""g"", ""item_code"": ""PR000018"", ""ingredient_id"": """"}, {""ingredient_name"": ""GREEN CHILLI (INDIAN)"", ""quantity"": 3, ""unit"": ""g"", ""item_code"": ""PR000016"", ""ingredient_id"": """"}, {""ingredient_name"": ""GINGER (CHINA)"", ""quantity"": 2.5, ""unit"": ""g"", ""item_code"": ""PR000019"", ""ingredient_id"": """"}, {""ingredient_name"": ""TAFGA DALAL COOKING OIL-(SAUDI) 1/18LTR"", ""quantity"": 0.025, ""unit"": ""l"", ""item_code"": ""221871"", ""ingredient_id"": """"}, {""ingredient_name"": ""SHAN CUMIN WHOLE  10/1KG"", ""quantity"": 1, ""unit"": ""g"", ""item_code"": ""GR000554"", ""ingredient_id"": """"}, {""ingredient_name"": ""SHAN CORIANDER POWDER  10/1KG"", ""quantity"": 2, ""unit"": ""g"", ""item_code"": ""GR000553"", ""ingredient_id"": """"}, {""ingredient_name"": ""SHAN TURMERIC POWDER  10/1KG"", ""quantity"": 0.5, ""unit"": ""g"", ""item_code"": ""GR000043"", ""ingredient_id"": """"}, {""ingredient_name"": ""SHAN RED CHILLI POWDER 10/1KG"", ""quantity"": 1, ""unit"": ""g"", ""item_code"": ""GR000042"", ""ingredient_id"": """"}, {""ingredient_name"": ""SHAN KORMA MASALA 10/1KG"", ""quantity"": 0.5, ""unit"": ""g"", ""item_code"": ""GR001943"", ""ingredient_id"": """"}, {""ingredient_name"": ""CORIANDER LEAVES (BDL)"", ""quantity"": 5, ""unit"": ""g"", ""item_code"": ""PR000062"", ""ingredient_id"": """"}]",[],"Soak Dall Mongo | Soak 15 kg of Dall Mongo in water for 3–4 hours or overnight to reduce cooking time. | Boil the Beans | Drain and rinse the soaked beans. | Boil in salted water until tender but not mushy (approx. 20–25 minutes). Drain excess water. | Prepare the Masala | Heat 2.5 L oil/ghee in large frying pans or industrial woks. | Add cumin seeds; when they splutter, add sliced onions. Fry until golden brown. | Add garlic, ginger, and green chilies. Sauté for 2–3 minutes. | Add chopped tomatoes, coriander powder, turmeric, red chili powder. Cook until tomatoes soften and oil separates. | Combine and Fry | Add boiled mung beans to the masala. | Mix well and fry on medium heat for 10–15 minutes to allow beans to absorb flavors. | Finish | Sprinkle garam masala and chopped coriander leaves. | Adjust salt and spices as needed. | Serving | Each serving: 150 g | Serve hot as a side dish with rice, roti, or naan. | Nutritional Info (Approximate per 150 g serving) | Nutrient | Amount per 150 g | Calories | 210 kcal | Protein | 12 g | Carbohydrates | 28 g | Fat | 6 g | Fiber | 7 g | Allergens | Contains: None inherently (mung beans are naturally gluten-free and nut-free). | May contain: Traces if cooked in shared oil with dairy (ghee) or other allergens.",,,"[""milk""]",specific,"[""KBR-384""]","[""KBR""]",,true
Baked Lemon Butter fillet fish KBR-384 ONEGO V3,RCP-050-BAKEDLEMON-KBR384ONEGOV3,Baked Lemon Butter fillet fish,,Fish,1,"[{""ingredient_name"": ""TAFGA WHITE / HAMOUR FISH FILLET  1/1KG"", ""quantity"": 142, ""unit"": ""g"", ""item_code"": ""144669"", ""ingredient_id"": """"}, {""ingredient_name"": ""AL MARAI BUTTER UNSALT 4/100/10G"", ""quantity"": 14.8, ""unit"": ""g"", ""item_code"": ""DR000039"", ""ingredient_id"": """"}, {""ingredient_name"": ""TFG MOONATY LEMON JUICE 12/1LTR"", ""quantity"": 7.4, ""unit"": ""ml"", ""item_code"": ""429366"", ""ingredient_id"": """"}, {""ingredient_name"": ""LEMON (AFRICAN/TURKEY)"", ""quantity"": 0.45, ""unit"": ""g"", ""item_code"": ""PR000090"", ""ingredient_id"": """"}, {""ingredient_name"": ""GARLIC  (CHINA)"", ""quantity"": 3.4, ""unit"": ""g"", ""item_code"": ""PR000018"", ""ingredient_id"": """"}, {""ingredient_name"": ""A-AL MANAKEL PAPRIKA SWEET JAR  6/1KG"", ""quantity"": 0.21, ""unit"": ""g"", ""item_code"": ""404682"", ""ingredient_id"": """"}, {""ingredient_name"": ""TAFGA REHAN SALT IODIZED 24/700G"", ""quantity"": 0.72, ""unit"": ""g"", ""item_code"": ""166780"", ""ingredient_id"": """"}, {""ingredient_name"": ""A-TAFGA FRESHLY PEPPER BLACK PWDR 6/16Z"", ""quantity"": 0.14, ""unit"": ""g"", ""item_code"": ""185836"", ""ingredient_id"": """"}, {""ingredient_name"": ""Fresh Parsley"", ""quantity"": 0.75, ""unit"": ""g"", ""item_code"": ""RCPMIS-V5-006-FRESHPAR"", ""ingredient_id"": """"}, {""ingredient_name"": ""LEMON (AFRICAN/TURKEY)"", ""quantity"": 30, ""unit"": ""g"", ""item_code"": ""PR000090"", ""ingredient_id"": """"}]",[],"Preheat your commercial convection oven to 200°C (400°F). Lightly coat standard large catering sheets or deep hotel pans with oil. | Thoroughly pat dry the 14.20 kg of cod fillets with clean paper towels. Arrange the fish pieces in a clean single layer inside the baking pans. | In a clean bulk mixing bowl, whisk together melted butter (1.48 L), lemon juice (740 mL), lemon zest (45 g), minced garlic (340 g), paprika (21 g), salt (72 g), and black pepper (14 g). | Pour or evenly brush this lemon butter mixture thoroughly over all cod pieces. Scatter the lemon slices evenly across the top of the pans. | Bake uncovered for 15 to 20 minutes until the center reaches an internal core temperature of 63°C (145°F) and the meat flakes cleanly. | Remove from heat, baste the fish immediately using the pan juice from the bottom of the tray, sprinkle the chopped parsley (75 g), and transport in hot box insulation.",,,"[""fish"", ""milk""]",specific,"[""KBR-384""]","[""KBR""]",,true
Fish Curry KBR-384 ONEGO V3,RCP-051-FISHCURRY-KBR384ONEGOV3,Fish Curry Recipe (100 Pax | 150 g per serving),,Fish,1,"[{""ingredient_name"": ""RUHI FISH 1/KG"", ""quantity"": 170, ""unit"": ""g"", ""item_code"": ""192264"", ""ingredient_id"": """"}, {""ingredient_name"": ""GARLIC  (CHINA)"", ""quantity"": 3, ""unit"": ""g"", ""item_code"": ""PR000018"", ""ingredient_id"": """"}, {""ingredient_name"": ""TFG MOONATY LEMON JUICE 12/1LTR"", ""quantity"": 2, ""unit"": ""ml"", ""item_code"": ""429366"", ""ingredient_id"": """"}, {""ingredient_name"": ""SHAN RED CHILLI POWDER 10/1KG"", ""quantity"": 1, ""unit"": ""g"", ""item_code"": ""GR000042"", ""ingredient_id"": """"}, {""ingredient_name"": ""SHAN TURMERIC POWDER  10/1KG"", ""quantity"": 0.5, ""unit"": ""g"", ""item_code"": ""GR000043"", ""ingredient_id"": """"}, {""ingredient_name"": ""TAFGA REHAN SALT IODIZED 24/700G"", ""quantity"": 1.5, ""unit"": ""g"", ""item_code"": ""166780"", ""ingredient_id"": """"}, {""ingredient_name"": ""AL MARAI BUTTER UNSALT 4/100/10G"", ""quantity"": 20, ""unit"": ""g"", ""item_code"": ""DR000039"", ""ingredient_id"": """"}, {""ingredient_name"": ""TAFGA DALAL COOKING OIL-(SAUDI) 1/18LTR"", ""quantity"": 0.01, ""unit"": ""l"", ""item_code"": ""221871"", ""ingredient_id"": """"}, {""ingredient_name"": ""A-TAFGA GOODY WHOLE PEELED TOMATO 6/#10"", ""quantity"": 60, ""unit"": ""g"", ""item_code"": ""381887"", ""ingredient_id"": """"}, {""ingredient_name"": ""COCONUT MILK POWDER  12/300G"", ""quantity"": 35, ""unit"": ""g"", ""item_code"": ""185539"", ""ingredient_id"": """"}, {""ingredient_name"": ""A- SPIXA CASHEW NUTS 1/1KG"", ""quantity"": 10, ""unit"": ""g"", ""item_code"": ""404349"", ""ingredient_id"": """"}, {""ingredient_name"": ""SHAN RED CHILLI POWDER 10/1KG"", ""quantity"": 1.5, ""unit"": ""g"", ""item_code"": ""GR000042"", ""ingredient_id"": """"}, {""ingredient_name"": ""TAFGA REHAN SALT IODIZED 24/700G"", ""quantity"": 2, ""unit"": ""g"", ""item_code"": ""166780"", ""ingredient_id"": """"}, {""ingredient_name"": ""(TAFGA) NOVA WATER 24/0.55-0.6LTR"", ""quantity"": 0.03, ""unit"": ""l"", ""item_code"": ""224894"", ""ingredient_id"": """"}, {""ingredient_name"": ""A-MEHRAN KAUSRI METHILEAVES 12/50G"", ""quantity"": 0.8, ""unit"": ""g"", ""item_code"": ""276502"", ""ingredient_id"": """"}, {""ingredient_name"": ""CORIANDER LEAVES (BDL)"", ""quantity"": 5, ""unit"": ""g"", ""item_code"": ""PR000062"", ""ingredient_id"": """"}]",[],,,,"[""fish"", ""milk""]",specific,"[""KBR-384""]","[""KBR""]",,true
Fried Finger Fish KBR-384 ONEGO V3,RCP-052-FRIEDFINGE-KBR384ONEGOV3,Fried Finger Fish (100 Pax | 150 g per serving),,Fish,1,"[{""ingredient_name"": ""TAFGA WHITE / HAMOUR FISH FILLET  1/1KG"", ""quantity"": 150, ""unit"": ""g"", ""item_code"": ""144669"", ""ingredient_id"": """"}, {""ingredient_name"": ""TFG MOONATY LEMON JUICE 12/1LTR"", ""quantity"": 0.015, ""unit"": ""l"", ""item_code"": ""429366"", ""ingredient_id"": """"}, {""ingredient_name"": ""GARLIC  (CHINA)"", ""quantity"": 12, ""unit"": ""g"", ""item_code"": ""PR000018"", ""ingredient_id"": """"}, {""ingredient_name"": ""TAFGA REHAN SALT IODIZED 24/700G"", ""quantity"": 3, ""unit"": ""g"", ""item_code"": ""166780"", ""ingredient_id"": """"}, {""ingredient_name"": ""SHAN RED CHILLI POWDER 10/1KG"", ""quantity"": 2.5, ""unit"": ""g"", ""item_code"": ""GR000042"", ""ingredient_id"": """"}, {""ingredient_name"": ""A-TAFGA FRESHLY PEPPER BLACK PWDR 6/16Z"", ""quantity"": 1.5, ""unit"": ""g"", ""item_code"": ""185836"", ""ingredient_id"": """"}, {""ingredient_name"": ""SHAN TURMERIC POWDER  10/1KG"", ""quantity"": 1, ""unit"": ""g"", ""item_code"": ""GR000043"", ""ingredient_id"": """"}, {""ingredient_name"": ""A-AL MANAKEL PAPRIKA SWEET JAR  6/1KG"", ""quantity"": 2, ""unit"": ""g"", ""item_code"": ""404682"", ""ingredient_id"": """"}, {""ingredient_name"": ""A-FOOM WHITE FLOUR 1/45KG"", ""quantity"": 40, ""unit"": ""g"", ""item_code"": ""188559"", ""ingredient_id"": """"}, {""ingredient_name"": ""A-AL AMC CORN STARCH 1/25KG"", ""quantity"": 30, ""unit"": ""g"", ""item_code"": ""139554"", ""ingredient_id"": """"}, {""ingredient_name"": ""SAEDCO FRESH EGGS MEDIUM 12/30 CT"", ""quantity"": 0.2, ""unit"": ""pieces"", ""item_code"": ""142110"", ""ingredient_id"": """"}, {""ingredient_name"": ""(TAFGA) NOVA WATER 24/0.55-0.6LTR"", ""quantity"": 0.08, ""unit"": ""l"", ""item_code"": ""224894"", ""ingredient_id"": """"}, {""ingredient_name"": ""A-TAFGA ORIENT GARDEN BAKING SODA 12/12Z"", ""quantity"": 1, ""unit"": ""g"", ""item_code"": ""182376"", ""ingredient_id"": """"}, {""ingredient_name"": ""TAFGA DALAL COOKING OIL-(SAUDI) 1/18LTR"", ""quantity"": 0.15, ""unit"": ""l"", ""item_code"": ""221871"", ""ingredient_id"": """"}, {""ingredient_name"": ""LEMON (AFRICAN/TURKEY)"", ""quantity"": 30, ""unit"": ""g"", ""item_code"": ""PR000090"", ""ingredient_id"": """"}, {""ingredient_name"": ""CORIANDER LEAVES (BDL)"", ""quantity"": 10, ""unit"": ""g"", ""item_code"": ""PR000062"", ""ingredient_id"": """"}]",[],"Wash and cut fish into finger-sized strips. | Drain well. | 2️⃣ Marination | Mix lemon juice, ginger garlic paste, salt, spices. | Coat fish thoroughly. | Marinate for 1–2 hours (chilled). | Mix flour, cornflour, baking powder. | Add eggs and water gradually to make a medium-thick batter. | 4️⃣ Frying | Heat oil to 170–180°C. | Dip marinated fish into batter. | Deep fry in batches for 4–5 minutes until golden and crispy. | Remove and drain excess oil. | 5️⃣ Serving | Serve hot with lemon wedges and dipping sauces (tartar/chili sauce). | 🔥 Approximate Nutrition (Per 150 g Serving) | Calories: 280–350 kcal | Protein: 18–22 g | Fat: 12–18 g | Carbohydrates: 18–22 g | (Varies depending on frying oil absorption and batter thickness) | ⚠️ Allergen Information | Contains: | Fish 🐟 (primary allergen) | Eggs 🥚 | Gluten (all-purpose flour) | May contain traces (depending on kitchen environment): | Soy | Dairy | Nuts (cross-contamination risk) | 💡 Chef Tips for Large Batch | Use firm fish like hammour, cod, or dory for best results. | Keep oil temperature stable to avoid soggy coating. | Fry in small batches for even crispiness. | Pre-dust fish lightly with flour before batter for better coating adhesion.",,,"[""egg"", ""fish"", ""milk"", ""wheat""]",specific,"[""KBR-384""]","[""KBR""]",,true
Grilled Fish Fillet KBR-384 ONEGO V3,RCP-053-GRILLEDFIS-KBR384ONEGOV3,Grilled Fish Fillet,,Fish,1,"[{""ingredient_name"": ""RUHI FISH 1/KG"", ""quantity"": 175, ""unit"": ""g"", ""item_code"": ""192264"", ""ingredient_id"": """"}, {""ingredient_name"": ""TFG MOONATY LEMON JUICE 12/1LTR"", ""quantity"": 6, ""unit"": ""ml"", ""item_code"": ""429366"", ""ingredient_id"": """"}, {""ingredient_name"": ""GARLIC  (CHINA)"", ""quantity"": 3, ""unit"": ""g"", ""item_code"": ""PR000018"", ""ingredient_id"": """"}, {""ingredient_name"": ""TAFGA REHAN SALT IODIZED 24/700G"", ""quantity"": 1.5, ""unit"": ""g"", ""item_code"": ""166780"", ""ingredient_id"": """"}, {""ingredient_name"": ""A-TAFGA FRESHLY WHT PEPPER PDWR 6/16Z"", ""quantity"": 0.5, ""unit"": ""g"", ""item_code"": ""185837"", ""ingredient_id"": """"}, {""ingredient_name"": ""TAFGA OLIVE OIL 12/500ML"", ""quantity"": 0.015, ""unit"": ""l"", ""item_code"": ""185208"", ""ingredient_id"": """"}, {""ingredient_name"": ""Finely chopped fresh dill or parsley"", ""quantity"": 4, ""unit"": ""g"", ""item_code"": ""RCPMIS-V5-010-FINELYCH"", ""ingredient_id"": """"}, {""ingredient_name"": ""EASTERN GARLIC POWDER 24/200G"", ""quantity"": 1.5, ""unit"": ""g"", ""item_code"": ""401030"", ""ingredient_id"": """"}, {""ingredient_name"": ""DRY ONION (LOCAL)"", ""quantity"": 1.5, ""unit"": ""g"", ""item_code"": ""PR000020"", ""ingredient_id"": """"}, {""ingredient_name"": ""A-AL MANAKEL PAPRIKA SWEET JAR  6/1KG"", ""quantity"": 1, ""unit"": ""g"", ""item_code"": ""404682"", ""ingredient_id"": """"}, {""ingredient_name"": ""A-TAFGA FRESHLY OREGANO/ZAATAR LEAVES"", ""quantity"": 0.5, ""unit"": ""g"", ""item_code"": ""194074"", ""ingredient_id"": """"}, {""ingredient_name"": ""TAFGA REHAN SALT IODIZED 24/700G"", ""quantity"": 1, ""unit"": ""g"", ""item_code"": ""166780"", ""ingredient_id"": """"}, {""ingredient_name"": ""AL MARAI BUTTER UNSALT 4/100/10G"", ""quantity"": 10, ""unit"": ""g"", ""item_code"": ""DR000039"", ""ingredient_id"": """"}, {""ingredient_name"": ""LEMON (AFRICAN/TURKEY)"", ""quantity"": 50, ""unit"": ""g"", ""item_code"": ""PR000090"", ""ingredient_id"": """"}, {""ingredient_name"": ""CORIANDER LEAVES (BDL)"", ""quantity"": 3, ""unit"": ""g"", ""item_code"": ""PR000062"", ""ingredient_id"": """"}]",[],"1. First Marination (Flavor Infusion) | Thaw fish fillets completely if frozen, and pat them completely dry with paper towels to prevent sogginess. Cut into uniform 160–170g raw portions. | Gently rub the fillets with the lemon juice, salt, garlic paste, and white pepper powder. | Cover and refrigerate for only 15 to 20 minutes. Do not over-marinate in acid or the delicate fish proteins will break down and become mushy. | 2. Second Marination (Binding) | In a large catering container, whisk the oil, chopped dill/parsley, and all the remaining dry spices and salt together to form an herb oil mixture. | Pour the oil mixture over the fish fillets. Gently turn them by hand so they are evenly coated without tearing the flesh. | Hold in the cooler for 20 to 30 minutes until ready to grill. | 3. Cooking Phase (High Heat Grill) | Preheat your commercial grill station, flat-top griddle, or rational oven to 400°F (204°C). Thoroughly scrape and clean the grates, brushing them with oil to prevent sticking. | Place the fillets down in batches. Grill for 4 to 5 minutes on the first side without touching them so a clean sear forms. | Carefully flip the fillets using a wide fish spatula. Brush the top surface generously with melted butter. | Grill for another 3 to 4 minutes on the second side until the fish flakes easily with a fork and registers an internal safe temperature of 145°F (63°C). | 4. Final Assembly & Service | Carefully transfer the grilled fillets into shallow hotel pans in single layers (do not stack them deep or the weight will crush the bottom fillets). | Pour any leftover warm basting butter and pan juices back over the fish. | 5. Finish | Garnish the surface evenly with the chopped fresh herbs. | Arrange the fresh lemon wedges around the perimeter of the serving pan. | 🔥 Approximate Nutrition (Per 150 g Serving) | Calories: 220–250 kcal | Protein: 24–28 g | Fat: 12–15 g | Carbohydrates: 1–2 g | ⚠️ Allergen InformationContains: | Fish (Fillets) | Dairy (Butter) | 💡 Notes for Bulk Cooking | Texture Control: Firm white fish varieties like Basa or Tilapia hold up best on commercial cooking lines without breaking apart.",,,"[""fish"", ""milk""]",specific,"[""KBR-384""]","[""KBR""]",,true
Allo Gosht KBR-384 ONEGO V3,RCP-054-ALLOGOSHT-KBR384ONEGOV3,Allo Gosht (Aloo Gosht) – 100 Pax,,Meat,1,"[{""ingredient_name"": ""MUTTON CARCASS UNDER 20 1/1KG"", ""quantity"": 120, ""unit"": ""g"", ""item_code"": ""134213"", ""ingredient_id"": """"}, {""ingredient_name"": ""POTATO (LOCAL)"", ""quantity"": 80, ""unit"": ""g"", ""item_code"": ""PR000022"", ""ingredient_id"": """"}, {""ingredient_name"": ""DRY ONION (LOCAL)"", ""quantity"": 50, ""unit"": ""g"", ""item_code"": ""PR000020"", ""ingredient_id"": """"}, {""ingredient_name"": ""TOMATO (ADY)"", ""quantity"": 40, ""unit"": ""g"", ""item_code"": ""PR000005"", ""ingredient_id"": """"}, {""ingredient_name"": ""ALMARAI LABNEH FF 1/2.75KG"", ""quantity"": 30, ""unit"": ""g"", ""item_code"": ""DR000284"", ""ingredient_id"": """"}, {""ingredient_name"": ""GARLIC  (CHINA)"", ""quantity"": 7, ""unit"": ""g"", ""item_code"": ""PR000018"", ""ingredient_id"": """"}, {""ingredient_name"": ""GREEN CHILLI (INDIAN)"", ""quantity"": 3, ""unit"": ""g"", ""item_code"": ""PR000016"", ""ingredient_id"": """"}]",[],"Heat oil in large pot. Add whole spices (cumin, bay leaf, cinnamon, cloves, cardamom). | Add sliced onions and fry until golden brown. | Add ginger garlic paste, sauté until raw smell disappears. | Add mutton and cook on high heat until sealed and lightly browned. | Add tomatoes, yogurt, salt, and all powdered spices. Cook until oil separates. | Add water (~8–10 liters), cover and cook until meat is 70–80% tender. | Add potatoes and cook until both meat and potatoes are fully tender. | Adjust gravy consistency (medium-thick). | Finish with garam masala, green chilies, coriander, and ginger. | Rest for 20 minutes before serving. | 🔥 Approximate Nutrition (Per 200 g Serving) | Calories: ~320–380 kcal | Protein: ~18–22 g | Fat: ~20–25 g | Carbohydrates: ~15–18 g | (Values depend on fat content of meat and oil usage.) | ⚠️ Allergens | Dairy (Milk) → Yogurt | Possible cross-contact depending on kitchen: | Gluten (if served with roti/naan) | Nuts (if processed in shared facility)",,,[],specific,"[""KBR-384""]","[""KBR""]",,true
Mutton Biryani KBR-384 ONEGO V3,RCP-055-MUTTONBIRY-KBR384ONEGOV3,Mutton Biryani (100 Pax | 400 g per serving),,Meat,1,"[{""ingredient_name"": ""MUTTON CARCASS UNDER 20 1/1KG"", ""quantity"": 200, ""unit"": ""g"", ""item_code"": ""134213"", ""ingredient_id"": """"}, {""ingredient_name"": ""ALMARAI LABNEH FF 1/2.75KG"", ""quantity"": 50, ""unit"": ""g"", ""item_code"": ""DR000284"", ""ingredient_id"": """"}, {""ingredient_name"": ""GARLIC  (CHINA)"", ""quantity"": 12, ""unit"": ""g"", ""item_code"": ""PR000018"", ""ingredient_id"": """"}, {""ingredient_name"": ""GREEN CHILLI (INDIAN)"", ""quantity"": 3, ""unit"": ""g"", ""item_code"": ""PR000016"", ""ingredient_id"": """"}, {""ingredient_name"": ""TFG MOONATY LEMON JUICE 12/1LTR"", ""quantity"": 3, ""unit"": ""ml"", ""item_code"": ""429366"", ""ingredient_id"": """"}, {""ingredient_name"": ""SHAN TURMERIC POWDER  10/1KG"", ""quantity"": 1.2, ""unit"": ""g"", ""item_code"": ""GR000043"", ""ingredient_id"": """"}, {""ingredient_name"": ""SHAN RED CHILLI POWDER 10/1KG"", ""quantity"": 3.5, ""unit"": ""g"", ""item_code"": ""GR000042"", ""ingredient_id"": """"}, {""ingredient_name"": ""A-TFGA MEHRAN BIRIYANI POWDER 48/50G"", ""quantity"": 5, ""unit"": ""g"", ""item_code"": ""275700"", ""ingredient_id"": """"}, {""ingredient_name"": ""TAFGA REHAN SALT IODIZED 24/700G"", ""quantity"": 7, ""unit"": ""g"", ""item_code"": ""166780"", ""ingredient_id"": """"}, {""ingredient_name"": ""CORIANDER LEAVES (BDL)"", ""quantity"": 15, ""unit"": ""g"", ""item_code"": ""PR000062"", ""ingredient_id"": """"}, {""ingredient_name"": ""MINT (BDL)"", ""quantity"": 10, ""unit"": ""g"", ""item_code"": ""PR000060"", ""ingredient_id"": """"}, {""ingredient_name"": ""NIAZ BASMATI EXTRA LONG GRAIN XXL 1/40KG"", ""quantity"": 160, ""unit"": ""g"", ""item_code"": ""GR003677"", ""ingredient_id"": """"}, {""ingredient_name"": ""TAFGA REHAN SALT IODIZED 24/700G"", ""quantity"": 5, ""unit"": ""g"", ""item_code"": ""166780"", ""ingredient_id"": """"}, {""ingredient_name"": ""TFG NIAZ BAY LEAVES 1/1KG"", ""quantity"": 0.08, ""unit"": ""g"", ""item_code"": ""147040"", ""ingredient_id"": """"}, {""ingredient_name"": ""NIAZ CARDAMON 1/1KG"", ""quantity"": 0.16, ""unit"": ""g"", ""item_code"": ""GR003571"", ""ingredient_id"": """"}, {""ingredient_name"": ""NIAZ CLOVE WHOLE 1/1KG"", ""quantity"": 0.06, ""unit"": ""g"", ""item_code"": ""GR003482"", ""ingredient_id"": """"}, {""ingredient_name"": ""NIAZ CINNAMON STICK 1/1KG"", ""quantity"": 2, ""unit"": ""g"", ""item_code"": ""GR003481"", ""ingredient_id"": """"}, {""ingredient_name"": ""DRY ONION (LOCAL)"", ""quantity"": 80, ""unit"": ""g"", ""item_code"": ""PR000020"", ""ingredient_id"": """"}, {""ingredient_name"": ""TAFGA DALAL COOKING OIL-(SAUDI) 1/18LTR"", ""quantity"": 0.04, ""unit"": ""l"", ""item_code"": ""221871"", ""ingredient_id"": """"}, {""ingredient_name"": ""(TAFGA) NOVA WATER 24/0.55-0.6LTR"", ""quantity"": 0.32, ""unit"": ""l"", ""item_code"": ""224894"", ""ingredient_id"": """"}]",[],"1️⃣ Marination | Mix mutton with yogurt, spices, lemon juice, ginger garlic paste, mint & coriander. | Marinate minimum 4–6 hours (overnight preferred). | 2️⃣ Cook Mutton | Heat oil + ghee in large pot. | Add tomatoes, cook till soft. | Add marinated mutton. | Cook on medium heat until 80% tender. | Add fried onions (half). | 3️⃣ Cook Rice | Boil water with salt & whole spices. | Add soaked rice. | Cook till 70% done, then drain. | 4️⃣ Layering (Dum) | Layer rice over mutton. | Add: | Remaining fried onions | Saffron milk | Mint & coriander | Rose water | Seal pot and cook on dum (low heat) for 30–40 minutes. | 5️⃣ Final | Gently mix before serving. | Serve hot. | 🔥 Calories (Approx.) | Per 400 g serving: | Calories: 750–850 kcal | Protein: 28–32 g | Carbohydrates: 85–95 g | Fat: 30–35 g | (Values vary depending on fat content and oil usage.) | ⚠️ Allergen Information | Contains: | Dairy (yogurt, ghee, milk in saffron) | Possible spice allergens (depending on biryani masala blend) | May contain traces if cross-contaminated: | Nuts (if used in garnish in some kitchens)",,,"[""milk""]",specific,"[""KBR-384""]","[""KBR""]",,true
Mutton Curry KBR-384 ONEGO V3,RCP-056-MUTTONCURR-KBR384ONEGOV3,Mutton Curry Recipe (100 Pax | 150 g per serving),,Meat,1,"[{""ingredient_name"": ""MUTTON CARCASS UNDER 20 1/1KG"", ""quantity"": 180, ""unit"": ""g"", ""item_code"": ""134213"", ""ingredient_id"": """"}, {""ingredient_name"": ""ALMARAI LABNEH FF 1/2.75KG"", ""quantity"": 25, ""unit"": ""g"", ""item_code"": ""DR000284"", ""ingredient_id"": """"}, {""ingredient_name"": ""GARLIC  (CHINA)"", ""quantity"": 5, ""unit"": ""g"", ""item_code"": ""PR000018"", ""ingredient_id"": """"}, {""ingredient_name"": ""TFG MOONATY LEMON JUICE 12/1LTR"", ""quantity"": 2, ""unit"": ""ml"", ""item_code"": ""429366"", ""ingredient_id"": """"}, {""ingredient_name"": ""SHAN TURMERIC POWDER  10/1KG"", ""quantity"": 0.6, ""unit"": ""g"", ""item_code"": ""GR000043"", ""ingredient_id"": """"}, {""ingredient_name"": ""SHAN RED CHILLI POWDER 10/1KG"", ""quantity"": 1.2, ""unit"": ""g"", ""item_code"": ""GR000042"", ""ingredient_id"": """"}, {""ingredient_name"": ""SHAN KORMA MASALA 10/1KG"", ""quantity"": 1, ""unit"": ""g"", ""item_code"": ""GR001943"", ""ingredient_id"": """"}, {""ingredient_name"": ""TAFGA REHAN SALT IODIZED 24/700G"", ""quantity"": 2, ""unit"": ""g"", ""item_code"": ""166780"", ""ingredient_id"": """"}, {""ingredient_name"": ""ALMARAI BUTTER GHEE 6/1600G"", ""quantity"": 15, ""unit"": ""g"", ""item_code"": ""242795"", ""ingredient_id"": """"}, {""ingredient_name"": ""Whole Spices"", ""quantity"": 0.3, ""unit"": ""pieces"", ""item_code"": ""RCPMIS-V5-009-WHOLESPI"", ""ingredient_id"": """"}, {""ingredient_name"": ""DRY ONION (LOCAL)"", ""quantity"": 60, ""unit"": ""g"", ""item_code"": ""PR000020"", ""ingredient_id"": """"}, {""ingredient_name"": ""A-TAFGA GOODY WHOLE PEELED TOMATO 6/#10"", ""quantity"": 40, ""unit"": ""g"", ""item_code"": ""381887"", ""ingredient_id"": """"}, {""ingredient_name"": ""GARLIC  (CHINA)"", ""quantity"": 4, ""unit"": ""g"", ""item_code"": ""PR000018"", ""ingredient_id"": """"}, {""ingredient_name"": ""SHAN CORIANDER POWDER  10/1KG"", ""quantity"": 3, ""unit"": ""g"", ""item_code"": ""GR000553"", ""ingredient_id"": """"}, {""ingredient_name"": ""SHAN CUMIN POWDER 10/1KG"", ""quantity"": 1.5, ""unit"": ""g"", ""item_code"": ""GR000583"", ""ingredient_id"": """"}, {""ingredient_name"": ""SHAN RED CHILLI POWDER 10/1KG"", ""quantity"": 1.5, ""unit"": ""g"", ""item_code"": ""GR000042"", ""ingredient_id"": """"}, {""ingredient_name"": ""Meat masala powder"", ""quantity"": 1.5, ""unit"": ""g"", ""item_code"": ""RCPMIS-V5-011-MEATMASA"", ""ingredient_id"": """"}, {""ingredient_name"": ""TAFGA REHAN SALT IODIZED 24/700G"", ""quantity"": 1.5, ""unit"": ""g"", ""item_code"": ""166780"", ""ingredient_id"": """"}, {""ingredient_name"": ""(TAFGA) NOVA WATER 24/0.55-0.6LTR"", ""quantity"": 0.08, ""unit"": ""l"", ""item_code"": ""224894"", ""ingredient_id"": """"}, {""ingredient_name"": ""A-MEHRAN KAUSRI METHILEAVES 12/50G"", ""quantity"": 0.5, ""unit"": ""g"", ""item_code"": ""276502"", ""ingredient_id"": """"}, {""ingredient_name"": ""SHAN KORMA MASALA 10/1KG"", ""quantity"": 0.5, ""unit"": ""g"", ""item_code"": ""GR001943"", ""ingredient_id"": """"}, {""ingredient_name"": ""CORIANDER LEAVES (BDL)"", ""quantity"": 5, ""unit"": ""g"", ""item_code"": ""PR000062"", ""ingredient_id"": """"}]",[],"1. Marination | In a large commercial container, mix the yogurt, ginger-garlic paste, lemon juice, turmeric, red chili powder, garam masala, and salt. | Add the raw mutton pieces and massage the marinade into the meat. Cover and refrigerate for 6–8 hours (overnight preferred to break down tough muscle fibers). | 2. Sautéing Aromatics | Heat the oil or ghee in a massive heavy-bottomed commercial stockpot (or boiling pan) over medium-high heat. | Drop in the whole spices (bay leaves, cinnamon, cloves, cardamoms) and let them crackle for 60 seconds. | Add the 6 kg of sliced onions. Sauté continuously for 25–30 minutes until they turn a deep, uniform golden brown. [1, 2] | 3. Building the Gravy | Add the remaining ginger-garlic paste and cook for 3 minutes until the raw smell disappears. | Stir in the tomato puree and cook down until the moisture evaporates and the oil begins to separate at the edges of the pot. | Add the coriander powder, cumin powder, Kashmiri chili powder, meat masala, and salt. Stir vigorously for 2 minutes. [1] | 4. Searing & Simmering the Meat | Add the marinated mutton into the pot. Turn the heat to high and sear the meat, stirring constantly for 15–20 minutes until the mutton browns and locks in its juices. [1, 2] | Pour in 6–8 liters of hot water. Bring the entire pot to a boil, then cover with a heavy-duty tight lid. [1] | Lower the heat to low and slow-cook for 1.5 to 2 hours, stirring occasionally to prevent the bottom from catching. Cook until the meat is completely tender and pulls away easily from the bone. [1] | 5. Finish | Uncover, stir in the cream/beaten yogurt if adjusting richness, and sprinkle the remaining garam masala and crushed kasuri methi over the surface. Simmer open for 5 minutes. | Check and adjust seasoning with salt, then garnish heavily with fresh chopped coriander before serving. [1] | 🔥 Approximate Nutrition (Per 150 g Serving) | Calories: 310–350 kcal | Protein: 22–26 g | Fat: 20–24 g | Carbohydrates: 6–9 g | ⚠️ Allergen InformationContains: | Dairy (Yogurt / Ghee) | Gluten-free and Nut-free recipe profile. | 💡 Notes for Bulk Cooking | Shrinkage Control: Mutton loses substantial volume and moisture during long braising windows. Starting with 18 kg raw meat guarantees your culinary line hits the required 15 kg finished yield target smoothly. [1] | Toughness Management: If your kitchen uses commercial pressure braisers or tilting pans instead of classic open pots, reduce your total liquid additions by 30% to avoid an overly runny sauce footprint. | Holding Stability: This dish holds beautifully in a commercial bain-marie set at 140°F (60°C) or higher. The flavor deepening actually improves over a 2–3 hour holding window as the spices mellow.",,,"[""milk""]",specific,"[""KBR-384""]","[""KBR""]",,true
Mutton Korma KBR-384 ONEGO V3,RCP-057-MUTTONKORM-KBR384ONEGOV3,Mutton Korma Recipe (100 Pax),,Meat,1,"[{""ingredient_name"": ""MUTTON CARCASS UNDER 20 1/1KG"", ""quantity"": 150, ""unit"": ""g"", ""item_code"": ""134213"", ""ingredient_id"": """"}, {""ingredient_name"": ""DRY ONION (LOCAL)"", ""quantity"": 40, ""unit"": ""g"", ""item_code"": ""PR000020"", ""ingredient_id"": """"}, {""ingredient_name"": ""ALMARAI LABNEH FF 1/2.75KG"", ""quantity"": 30, ""unit"": ""g"", ""item_code"": ""DR000284"", ""ingredient_id"": """"}, {""ingredient_name"": ""TAFGA DALAL COOKING OIL-(SAUDI) 1/18LTR"", ""quantity"": 25, ""unit"": ""g"", ""item_code"": ""221871"", ""ingredient_id"": """"}, {""ingredient_name"": ""GARLIC  (CHINA)"", ""quantity"": 8, ""unit"": ""g"", ""item_code"": ""PR000018"", ""ingredient_id"": """"}, {""ingredient_name"": ""GREEN CHILLI (INDIAN)"", ""quantity"": 2, ""unit"": ""g"", ""item_code"": ""PR000016"", ""ingredient_id"": """"}, {""ingredient_name"": ""A- SPIXA CASHEW NUTS 1/1KG"", ""quantity"": 5, ""unit"": ""g"", ""item_code"": ""404349"", ""ingredient_id"": """"}, {""ingredient_name"": ""TAFGA MARAI COOKING CREAM 12/1LTR"", ""quantity"": 0.01, ""unit"": ""l"", ""item_code"": ""342384"", ""ingredient_id"": """"}, {""ingredient_name"": ""SHAN CORIANDER POWDER  10/1KG"", ""quantity"": 3, ""unit"": ""g"", ""item_code"": ""GR000553"", ""ingredient_id"": """"}, {""ingredient_name"": ""SHAN RED CHILLI POWDER 10/1KG"", ""quantity"": 2, ""unit"": ""g"", ""item_code"": ""GR000042"", ""ingredient_id"": """"}, {""ingredient_name"": ""SHAN TURMERIC POWDER  10/1KG"", ""quantity"": 0.8, ""unit"": ""g"", ""item_code"": ""GR000043"", ""ingredient_id"": """"}, {""ingredient_name"": ""SHAN KORMA MASALA 10/1KG"", ""quantity"": 1.5, ""unit"": ""g"", ""item_code"": ""GR001943"", ""ingredient_id"": """"}, {""ingredient_name"": ""Whole spices"", ""quantity"": 1, ""unit"": ""g"", ""item_code"": ""RCPMIS-V5-009-WHOLESPI"", ""ingredient_id"": """"}, {""ingredient_name"": ""TAFGA REHAN SALT IODIZED 24/700G"", ""quantity"": 3, ""unit"": ""g"", ""item_code"": ""166780"", ""ingredient_id"": """"}, {""ingredient_name"": ""(TAFGA) NOVA WATER 24/0.55-0.6LTR"", ""quantity"": 0.1, ""unit"": ""l"", ""item_code"": ""224894"", ""ingredient_id"": """"}, {""ingredient_name"": ""CORIANDER LEAVES (BDL)"", ""quantity"": 5, ""unit"": ""g"", ""item_code"": ""PR000062"", ""ingredient_id"": """"}, {""ingredient_name"": ""DRY ONION (LOCAL)"", ""quantity"": 10, ""unit"": ""g"", ""item_code"": ""PR000020"", ""ingredient_id"": """"}]",[],"Heat oil/ghee in large cooking vessel. | Add whole spices and sauté until aromatic. | Add sliced onions and fry until golden brown. | Add ginger garlic paste, cook until raw smell disappears. | Add mutton and cook on high heat for 10–15 minutes. | Add yogurt gradually while stirring to avoid curdling. | Add all powdered spices and salt. | Add water, cover and cook (slow fire) for 60–90 minutes until tender. | Add cashew paste and simmer for 10 minutes. | Finish with fresh cream and garam masala. | Garnish with fried onions and coriander leaves. | 🔥 Nutritional Value (Per 200 g Serving Approx.) | Nutrient | Amount | Calories | 380 – 420 kcal | Protein | 22 – 25 g | Fat | 28 – 32 g | Carbohydrates | 8 – 12 g | ⚠️ Allergen Information | Contains: | Milk / Dairy (yogurt, cream) | Tree Nuts (cashew)",,,"[""milk""]",specific,"[""KBR-384""]","[""KBR""]",,true
Mutton Kadai KBR-384 ONEGO V3,RCP-058-MUTTONKADA-KBR384ONEGOV3,Mutton Kadai (100 Pax),,Meat,1,"[{""ingredient_name"": ""MUTTON CARCASS UNDER 20 1/1KG"", ""quantity"": 150, ""unit"": ""g"", ""item_code"": ""134213"", ""ingredient_id"": """"}, {""ingredient_name"": ""GINGER (CHINA)"", ""quantity"": 3, ""unit"": ""g"", ""item_code"": ""PR000019"", ""ingredient_id"": """"}, {""ingredient_name"": ""GARLIC  (CHINA)"", ""quantity"": 3, ""unit"": ""g"", ""item_code"": ""PR000018"", ""ingredient_id"": """"}, {""ingredient_name"": ""TAFGA REHAN SALT IODIZED 24/700G"", ""quantity"": 1.5, ""unit"": ""g"", ""item_code"": ""166780"", ""ingredient_id"": """"}, {""ingredient_name"": ""ALMARAI LABNEH FF 1/2.75KG"", ""quantity"": 4, ""unit"": ""g"", ""item_code"": ""DR000284"", ""ingredient_id"": """"}, {""ingredient_name"": ""TAFGA DALAL COOKING OIL-(SAUDI) 1/18LTR"", ""quantity"": 0.015, ""unit"": ""l"", ""item_code"": ""221871"", ""ingredient_id"": """"}, {""ingredient_name"": ""TOMATO (ADY)"", ""quantity"": 80, ""unit"": ""g"", ""item_code"": ""PR000005"", ""ingredient_id"": """"}, {""ingredient_name"": ""GINGER (CHINA)"", ""quantity"": 4, ""unit"": ""g"", ""item_code"": ""PR000019"", ""ingredient_id"": """"}, {""ingredient_name"": ""GREEN CHILLI (INDIAN)"", ""quantity"": 5, ""unit"": ""g"", ""item_code"": ""PR000016"", ""ingredient_id"": """"}, {""ingredient_name"": ""CORIANDER LEAVES (BDL)"", ""quantity"": 1.5, ""unit"": ""g"", ""item_code"": ""PR000062"", ""ingredient_id"": """"}, {""ingredient_name"": ""SHAN CUMIN WHOLE  10/1KG"", ""quantity"": 1, ""unit"": ""g"", ""item_code"": ""GR000554"", ""ingredient_id"": """"}, {""ingredient_name"": ""A-TAFGA FRESHLY PEPPER BLACK PWDR 6/16Z"", ""quantity"": 0.6, ""unit"": ""g"", ""item_code"": ""185836"", ""ingredient_id"": """"}, {""ingredient_name"": ""SHAN RED CHILLI POWDER 10/1KG"", ""quantity"": 0.5, ""unit"": ""g"", ""item_code"": ""GR000042"", ""ingredient_id"": """"}, {""ingredient_name"": ""SHAN KORMA MASALA 10/1KG"", ""quantity"": 0.4, ""unit"": ""g"", ""item_code"": ""GR001943"", ""ingredient_id"": """"}, {""ingredient_name"": ""A-MEHRAN KAUSRI METHILEAVES 12/50G"", ""quantity"": 0.3, ""unit"": ""g"", ""item_code"": ""276502"", ""ingredient_id"": """"}, {""ingredient_name"": ""CORIANDER LEAVES (BDL)"", ""quantity"": 3, ""unit"": ""g"", ""item_code"": ""PR000062"", ""ingredient_id"": """"}]",[],"Marinate MuttonClean the mutton thoroughly. Toss with yogurt, ginger paste, garlic paste, and salt. Let it rest for 1 to 2 hours. | Sear MeatHeat the ghee or oil in large commercial kadais or heavy-bottomed pots. Add the marinated mutton and sear on high heat for 15–20 minutes until the moisture releases and juices seal. | Cook Mutton BaseCover the pots and let the mutton simmer in its own juices over medium heat for 40–50 minutes (or use commercial pressure cookers for 15-20 minutes) until the meat is 80% tender. | Add Tomatoes & SpicesUncover and add the chopped tomatoes, half of the green chilies, and the freshly crushed coriander and cumin seeds. Cook on high heat, stirring continuously, until the tomatoes completely break down and oil separates at the sides. | Bhuna (Reduce & Fry)Stir in the black pepper, Kashmiri red chili powder, and garam masala. Keep stirring and frying ('bhuna' process) until the gravy thickens to a rich coating consistency around the meat. | Simmer & InfuseToss in the remaining green chilies, half of the ginger juliennes, and the crushed kasuri methi. Cover and simmer on low heat ('dum') for 10 minutes until the mutton is perfectly tender. | Finish & ServeTurn off the heat. Garnish generously with the fresh chopped coriander leaves and remaining ginger juliennes. Serve screaming hot with fresh naan or roti. | 🔥 Approximate Nutrition (Per 150 g Serving) | Nutrient | Amount Per Serving | % Daily Value (DV)* | Calories | 340 kcal | 17% | Protein | 28 g | 56% | Fat | 22 g | 28% | Carbohydrates | 6 g | 2% | *(Values are approximate depending on meat fat trim, ghee usage, and bone-to-meat ratio.) | ⚠️ Allergen Information | Contains:Dairy (ghee, yogurt)May contain:Gluten traces (if served alongside wheat flatbreads like naan or roti) | This is for informational purposes only. For medical advice or diagnosis, consult a professional. AI responses may include mistakes.",,,"[""milk""]",specific,"[""KBR-384""]","[""KBR""]",,true
Pasta ala normah KBR-384 ONEGO V3,RCP-059-PASTAALANO-KBR384ONEGOV3,Pasta ala normah Ingredients (for 100 servings),,Pasta,1,"[{""ingredient_name"": ""GOODY PASTA #11 PENNE LISCE 24/500G"", ""quantity"": 200, ""unit"": ""g"", ""item_code"": ""386761"", ""ingredient_id"": """"}, {""ingredient_name"": ""EGGPANT (BIG)"", ""quantity"": 150, ""unit"": ""g"", ""item_code"": ""PR000012"", ""ingredient_id"": """"}, {""ingredient_name"": ""TOMATO (ADY)"", ""quantity"": 150, ""unit"": ""g"", ""item_code"": ""PR000005"", ""ingredient_id"": """"}, {""ingredient_name"": ""TAFGA OLIVE OIL 12/500ML"", ""quantity"": 0.02, ""unit"": ""l"", ""item_code"": ""185208"", ""ingredient_id"": """"}, {""ingredient_name"": ""GARLIC  (CHINA)"", ""quantity"": 5, ""unit"": ""g"", ""item_code"": ""PR000018"", ""ingredient_id"": """"}, {""ingredient_name"": ""DRY ONION (LOCAL)"", ""quantity"": 25, ""unit"": ""g"", ""item_code"": ""PR000020"", ""ingredient_id"": """"}, {""ingredient_name"": ""A-TFG FRESHLY BASIL LEAVES U.S  6/5Z"", ""quantity"": 5, ""unit"": ""g"", ""item_code"": ""185818"", ""ingredient_id"": """"}, {""ingredient_name"": ""TAFGA SLICED CHEESE 9/800G"", ""quantity"": 30, ""unit"": ""g"", ""item_code"": ""171301"", ""ingredient_id"": """"}, {""ingredient_name"": ""TAFGA REHAN SALT IODIZED 24/700G"", ""quantity"": 2, ""unit"": ""g"", ""item_code"": ""166780"", ""ingredient_id"": """"}, {""ingredient_name"": ""A-TAFGA FRESHLY PEPPER BLACK PWDR 6/16Z"", ""quantity"": 0.5, ""unit"": ""g"", ""item_code"": ""185836"", ""ingredient_id"": """"}, {""ingredient_name"": ""SHAN RED CHILLI POWDER 10/1KG"", ""quantity"": 0.2, ""unit"": ""g"", ""item_code"": ""GR000042"", ""ingredient_id"": """"}]",[],"Prepare the eggplant: | Dice eggplants and sprinkle with salt. Let them sit for 30 minutes, then pat dry to remove excess moisture. | Fry in olive oil until golden and tender. Set aside. | Prepare the sauce: | Sauté onions and garlic in olive oil until soft. | Add tomatoes and simmer for 20–25 minutes. Season with salt, pepper, and chili flakes. | Cook the pasta: | Boil pasta in salted water until al dente. Drain and toss with a bit of olive oil to prevent sticking. | Combine: | Mix pasta with tomato sauce and fried eggplant. Add fresh basil. | Serve with grated ricotta salata or parmesan on top. | Serving Size | 200 g per serving (approx. 1 cup cooked pasta with sauce and eggplant) | Approximate Nutritional Information (per 200 g serving) | Component | Amount | Calories | 280–320 kcal | Carbohydrates | 45–50 g | Protein | 7–9 g | Fat | 8–12 g | Fiber | 5–6 g | Allergens | Dairy: Ricotta salata or parmesan | Gluten: Pasta (unless using gluten-free pasta) | Optional: Some chili flakes may cause sensitivity",,,"[""egg"", ""milk"", ""wheat""]",specific,"[""KBR-384""]","[""KBR""]",,true
Pasta with Tomato Sauce KBR-384 ONEGO V3,RCP-060-PASTAWITHT-KBR384ONEGOV3,Pasta with Tomato Sauce (100 Pax),,Pasta,1,"[{""ingredient_name"": ""GOODY PASTA #11 PENNE LISCE 24/500G"", ""quantity"": 100, ""unit"": ""g"", ""item_code"": ""386761"", ""ingredient_id"": """"}, {""ingredient_name"": ""(TAFGA) NOVA WATER 24/0.55-0.6LTR"", ""quantity"": 0.5, ""unit"": ""l"", ""item_code"": ""224894"", ""ingredient_id"": """"}, {""ingredient_name"": ""TAFGA REHAN SALT IODIZED 24/700G"", ""quantity"": 2, ""unit"": ""g"", ""item_code"": ""166780"", ""ingredient_id"": """"}, {""ingredient_name"": ""TAFGA OLIVE OIL 12/500ML"", ""quantity"": 2, ""unit"": ""ml"", ""item_code"": ""185208"", ""ingredient_id"": """"}, {""ingredient_name"": ""TAFGA OLIVE OIL 12/500ML"", ""quantity"": 0.015, ""unit"": ""l"", ""item_code"": ""185208"", ""ingredient_id"": """"}, {""ingredient_name"": ""GARLIC  (CHINA)"", ""quantity"": 3, ""unit"": ""g"", ""item_code"": ""PR000018"", ""ingredient_id"": """"}, {""ingredient_name"": ""DRY ONION (LOCAL)"", ""quantity"": 20, ""unit"": ""g"", ""item_code"": ""PR000020"", ""ingredient_id"": """"}, {""ingredient_name"": ""A-TAFGA GOODY WHOLE PEELED TOMATO 6/#10"", ""quantity"": 120, ""unit"": ""g"", ""item_code"": ""381887"", ""ingredient_id"": """"}, {""ingredient_name"": ""TAFGA LUNA TOMATO PASTE 24/400G"", ""quantity"": 10, ""unit"": ""g"", ""item_code"": ""103023"", ""ingredient_id"": """"}, {""ingredient_name"": ""TAFGA REHAN SALT IODIZED 24/700G"", ""quantity"": 2.5, ""unit"": ""g"", ""item_code"": ""166780"", ""ingredient_id"": """"}, {""ingredient_name"": ""A-TAFGA FRESHLY PEPPER BLACK PWDR 6/16Z"", ""quantity"": 0.5, ""unit"": ""g"", ""item_code"": ""185836"", ""ingredient_id"": """"}, {""ingredient_name"": ""A-TAFGA FRESHLY OREGANO/ZAATAR LEAVES"", ""quantity"": 1, ""unit"": ""g"", ""item_code"": ""194074"", ""ingredient_id"": """"}, {""ingredient_name"": ""A-TFG FRESHLY BASIL LEAVES U.S  6/5Z"", ""quantity"": 5, ""unit"": ""g"", ""item_code"": ""185818"", ""ingredient_id"": """"}, {""ingredient_name"": ""(TAFGA) NOVA WATER 24/0.55-0.6LTR"", ""quantity"": 0.05, ""unit"": ""l"", ""item_code"": ""224894"", ""ingredient_id"": """"}]",[],"1. Cook Pasta | Boil water in large pots, add salt. | Add pasta and cook until al dente (8–10 minutes). | Drain and toss with a little olive oil to prevent sticking. | Keep warm. | 2. Prepare Tomato Sauce | Heat olive oil in a large pot. | Sauté onions until soft, then add garlic. | Add tomato paste and cook for 2–3 minutes. | Add tomato puree and mix well. | Add salt, pepper, sugar, oregano. | Simmer for 20–30 minutes. | Add basil and adjust consistency with water/stock. | 3. Combine | Mix pasta with sauce or serve sauce on top. | Portion 200 g per serving. | 🔥 Approximate Nutrition (Per 200 g Serving) | Calories: 220–260 kcal | Carbohydrates: 40–45 g | Protein: 6–8 g | Fat: 5–7 g | (Values may vary depending on pasta type and oil used) | ⚠️ Allergens | Gluten (from pasta) | May contain traces of: | Celery (if stock used) | Dairy (if cheese is added as garnish) | 💡 Optional Add-ons | Grated parmesan cheese (adds milk allergen) | Chili flakes for spice | Grilled vegetables or chicken for variation",,,"[""milk"", ""wheat""]",specific,"[""KBR-384""]","[""KBR""]",,true
Penne pasta KBR-384 ONEGO V3,RCP-061-PENNEPASTA-KBR384ONEGOV3,Ingredients (for 100 servings),,Pasta,1,"[{""ingredient_name"": ""GOODY PASTA #11 PENNE LISCE 24/500G"", ""quantity"": 200, ""unit"": ""g"", ""item_code"": ""386761"", ""ingredient_id"": """"}, {""ingredient_name"": ""(TAFGA) NOVA WATER 24/0.55-0.6LTR"", ""quantity"": 0.05, ""unit"": ""l"", ""item_code"": ""224894"", ""ingredient_id"": """"}, {""ingredient_name"": ""TAFGA REHAN SALT IODIZED 24/700G"", ""quantity"": 2, ""unit"": ""g"", ""item_code"": ""166780"", ""ingredient_id"": """"}, {""ingredient_name"": ""TAFGA MARAI COOKING CREAM 12/1LTR"", ""quantity"": 0.1, ""unit"": ""l"", ""item_code"": ""342384"", ""ingredient_id"": """"}, {""ingredient_name"": ""A-TAFGA GOODY WHOLE PEELED TOMATO 6/#10"", ""quantity"": 0.05, ""unit"": ""l"", ""item_code"": ""381887"", ""ingredient_id"": """"}, {""ingredient_name"": ""DRY ONION (LOCAL)"", ""quantity"": 25, ""unit"": ""g"", ""item_code"": ""PR000020"", ""ingredient_id"": """"}, {""ingredient_name"": ""GARLIC  (CHINA)"", ""quantity"": 5, ""unit"": ""g"", ""item_code"": ""PR000018"", ""ingredient_id"": """"}, {""ingredient_name"": ""TAFGA OLIVE OIL 12/500ML"", ""quantity"": 5, ""unit"": ""g"", ""item_code"": ""185208"", ""ingredient_id"": """"}, {""ingredient_name"": ""TAFGA SLICED CHEESE 9/800G"", ""quantity"": 10, ""unit"": ""g"", ""item_code"": ""171301"", ""ingredient_id"": """"}, {""ingredient_name"": ""TAFGA LUNA TOMATO PASTE 24/400G"", ""quantity"": 2, ""unit"": ""g"", ""item_code"": ""103023"", ""ingredient_id"": """"}, {""ingredient_name"": ""SHAN RED CHILLI POWDER 10/1KG"", ""quantity"": 0.5, ""unit"": ""g"", ""item_code"": ""GR000042"", ""ingredient_id"": """"}, {""ingredient_name"": ""A-TAFGA FRESHLY PEPPER BLACK PWDR 6/16Z"", ""quantity"": 1, ""unit"": ""g"", ""item_code"": ""185836"", ""ingredient_id"": """"}, {""ingredient_name"": ""TAFGA REHAN SALT IODIZED 24/700G"", ""quantity"": 1, ""unit"": ""g"", ""item_code"": ""166780"", ""ingredient_id"": """"}]",[],"Cook the Pasta: | Boil pasta in salted water until al dente. Drain and toss with a little olive oil to prevent sticking. Set aside. | Prepare the Pink Sauce: | In a large pan, heat butter or olive oil. | Sauté onions until translucent, then add garlic and cook for 1–2 minutes. | Add tomato paste and cook for 2–3 minutes to remove raw taste. | Pour in tomato puree and cook for 10–15 minutes on medium heat. | Stir in cream and mix until sauce turns a light pink color. | Add sugar, salt, black pepper, and chili flakes. Simmer for another 5 minutes. | Remove from heat and stir in parmesan cheese until melted. | Combine Pasta and Sauce: | Mix the cooked pasta into the pink sauce until evenly coated. | Garnish with fresh basil or parsley before serving. | Nutritional Information (Approximate per 200 g serving) | Calories: ~350–400 kcal | Protein: ~12 g | Carbohydrates: ~45 g | Fat: ~15 g | Fiber: ~3 g | Allergens | Dairy: cream, butter, parmesan cheese | Gluten: pasta (unless gluten-free pasta is used) | Optional: garlic and chili may trigger sensitivities",,,"[""milk"", ""wheat""]",specific,"[""KBR-384""]","[""KBR""]",,true
Vegetable Noodles KBR-384 ONEGO V3,RCP-062-VEGETABLEN-KBR384ONEGOV3,Vegetable Noodles (100 Pax),,Pasta,1,"[{""ingredient_name"": ""A- MAKATI CHINESE NOODLES 30/200G"", ""quantity"": 100, ""unit"": ""g"", ""item_code"": ""402514"", ""ingredient_id"": """"}, {""ingredient_name"": ""CABBAGE (LOCAL)"", ""quantity"": 30, ""unit"": ""g"", ""item_code"": ""PR000002"", ""ingredient_id"": """"}, {""ingredient_name"": ""CARROT (AUSTALIA/CHINA)"", ""quantity"": 25, ""unit"": ""g"", ""item_code"": ""PR000026"", ""ingredient_id"": """"}, {""ingredient_name"": ""GREEN PEPPER (LBN)"", ""quantity"": 20, ""unit"": ""g"", ""item_code"": ""PR000009"", ""ingredient_id"": """"}, {""ingredient_name"": ""DRY ONION (LOCAL)"", ""quantity"": 15, ""unit"": ""g"", ""item_code"": ""PR000020"", ""ingredient_id"": """"}, {""ingredient_name"": ""A-TOMEX CUT GREEN BEAN 4/2.5KG"", ""quantity"": 20, ""unit"": ""g"", ""item_code"": ""404331"", ""ingredient_id"": """"}, {""ingredient_name"": ""GARLIC  (CHINA)"", ""quantity"": 3, ""unit"": ""g"", ""item_code"": ""PR000018"", ""ingredient_id"": """"}, {""ingredient_name"": ""GINGER (CHINA)"", ""quantity"": 2, ""unit"": ""g"", ""item_code"": ""PR000019"", ""ingredient_id"": """"}, {""ingredient_name"": ""TAFGA MAKATI SOY SAUCE 12/750ML"", ""quantity"": 0.01, ""unit"": ""l"", ""item_code"": ""100782"", ""ingredient_id"": """"}, {""ingredient_name"": ""Chili sauce"", ""quantity"": 5, ""unit"": ""ml"", ""item_code"": ""RCPMIS-V5-008-CHILISAU"", ""ingredient_id"": """"}, {""ingredient_name"": ""MAWASIM VINEGAR WHITE 4/3.78LTR"", ""quantity"": 3, ""unit"": ""ml"", ""item_code"": ""367022"", ""ingredient_id"": """"}, {""ingredient_name"": ""A-TAFGA FRESHLY PEPPER BLACK PWDR 6/16Z"", ""quantity"": 1, ""unit"": ""g"", ""item_code"": ""185836"", ""ingredient_id"": """"}, {""ingredient_name"": ""TAFGA REHAN SALT IODIZED 24/700G"", ""quantity"": 2.5, ""unit"": ""g"", ""item_code"": ""166780"", ""ingredient_id"": """"}, {""ingredient_name"": ""TAFGA DALAL COOKING OIL-(SAUDI) 1/18LTR"", ""quantity"": 0.02, ""unit"": ""l"", ""item_code"": ""221871"", ""ingredient_id"": """"}]",[],"Boil noodles in salted water until 90% cooked. Drain and cool. Toss with little oil to avoid sticking. | Heat oil in large wok or tilting pan. | Add garlic and ginger, sauté until fragrant. | Add all vegetables and stir-fry on high flame (keep crunchy). | Add soy sauce, chili sauce, vinegar, salt, and pepper. | Add boiled noodles and toss well. | Finish with spring onions. | Serve hot. | 🔥 Approximate Calories (per 200 g serving) | Calories: ~280–320 kcal | Carbohydrates: 45 g | Protein: 7–9 g | Fat: 8–10 g | (Calories may vary depending on oil and noodles type.) | ⚠️ Allergens | Gluten (noodles, soy sauce) | Soy (soy sauce) | Possible Egg (if egg noodles used)",,,"[""milk"", ""soy""]",specific,"[""KBR-384""]","[""KBR""]",,true
arabic Mandi Rice KBR-384 ONEGO V3,RCP-063-ARABICMAND-KBR384ONEGOV3,Arabic Mandi Rice (100 Pax),,Rice,1,"[{""ingredient_name"": ""ADDOHA FRESH CHICKEN WHOLE IN BAG 1/900G"", ""quantity"": 250, ""unit"": ""g"", ""item_code"": ""357255"", ""ingredient_id"": """"}, {""ingredient_name"": ""NIAZ BASMATI EXTRA LONG GRAIN XXL 1/40KG"", ""quantity"": 100, ""unit"": ""g"", ""item_code"": ""GR003677"", ""ingredient_id"": """"}, {""ingredient_name"": ""DRY ONION (LOCAL)"", ""quantity"": 40, ""unit"": ""g"", ""item_code"": ""PR000020"", ""ingredient_id"": """"}, {""ingredient_name"": ""GARLIC  (CHINA)"", ""quantity"": 4, ""unit"": ""g"", ""item_code"": ""PR000018"", ""ingredient_id"": """"}, {""ingredient_name"": ""GINGER (CHINA)"", ""quantity"": 4, ""unit"": ""g"", ""item_code"": ""PR000019"", ""ingredient_id"": """"}, {""ingredient_name"": ""GREEN CHILLI (INDIAN)"", ""quantity"": 2.5, ""unit"": ""g"", ""item_code"": ""PR000016"", ""ingredient_id"": """"}, {""ingredient_name"": ""EASTERN KABSA SPICE MIX 24/200G"", ""quantity"": 3.5, ""unit"": ""g"", ""item_code"": ""285358"", ""ingredient_id"": """"}, {""ingredient_name"": ""SHAN CUMIN POWDER 10/1KG"", ""quantity"": 1.2, ""unit"": ""g"", ""item_code"": ""GR000583"", ""ingredient_id"": """"}, {""ingredient_name"": ""SHAN CORIANDER POWDER  10/1KG"", ""quantity"": 1.2, ""unit"": ""g"", ""item_code"": ""GR000553"", ""ingredient_id"": """"}, {""ingredient_name"": ""A-TAFGA FRESHLY PEPPER BLACK PWDR 6/16Z"", ""quantity"": 0.7, ""unit"": ""g"", ""item_code"": ""185836"", ""ingredient_id"": """"}, {""ingredient_name"": ""SHAN TURMERIC POWDER  10/1KG"", ""quantity"": 0.6, ""unit"": ""g"", ""item_code"": ""GR000043"", ""ingredient_id"": """"}, {""ingredient_name"": ""NIAZ CARDAMON 1/1KG"", ""quantity"": 0.4, ""unit"": ""g"", ""item_code"": ""GR003571"", ""ingredient_id"": """"}, {""ingredient_name"": ""NIAZ CLOVE WHOLE 1/1KG"", ""quantity"": 0.2, ""unit"": ""g"", ""item_code"": ""GR003482"", ""ingredient_id"": """"}, {""ingredient_name"": ""NIAZ CINNAMON STICK 1/1KG"", ""quantity"": 1, ""unit"": ""g"", ""item_code"": ""GR003481"", ""ingredient_id"": """"}, {""ingredient_name"": ""TFG NIAZ LEMON DRY 1/1KG"", ""quantity"": 2.5, ""unit"": ""g"", ""item_code"": ""147047"", ""ingredient_id"": """"}, {""ingredient_name"": ""TAFGA REHAN SALT IODIZED 24/700G"", ""quantity"": 6, ""unit"": ""g"", ""item_code"": ""166780"", ""ingredient_id"": """"}, {""ingredient_name"": ""TAFGA DALAL COOKING OIL-(SAUDI) 1/18LTR"", ""quantity"": 0.02, ""unit"": ""l"", ""item_code"": ""221871"", ""ingredient_id"": """"}, {""ingredient_name"": ""(TAFGA) NOVA WATER 24/0.55-0.6LTR"", ""quantity"": 0.25, ""unit"": ""l"", ""item_code"": ""224894"", ""ingredient_id"": """"}]",[],"1. Cook the Meat | In large pots, add water, onion, garlic, ginger, whole spices, and loomi. | Add chicken and salt. | Simmer 30–40 minutes until tender. | Remove chicken and reserve the broth. | 2. Prepare Rice | Wash and soak basmati rice for 20–30 minutes. | Strain broth and measure liquid. | Add rice to broth (approx. 1:2 ratio). | Cook until rice is about 90% done. | 3. Roast Chicken (Authentic Mandi Style) | Roast in oven at 220°C for 20–25 minutes(or use tandoor if available) | 4. Steam & Smoke (Key Step) | Place chicken over rice. | Cover tightly and cook on low heat 10–15 minutes. | Add smoke: | Heat charcoal until red hot. | Place in foil cup inside pot. | Drizzle oil → immediately cover. | Let smoke infuse for 5–10 minutes. | Estimated Nutrition (Per Serving) | Calories: 600 kcal | Allergen Information | Contains: | Possible milk (if ghee is used instead of oil) | May contain traces (depending on spice mix supplier): | Mustard | Celery | Free from: | Gluten (if spices are certified gluten-free) | Nuts (no nuts traditionally used)",,,"[""milk""]",specific,"[""KBR-384""]","[""KBR""]",,true
Biryani Rice KBR-384 ONEGO V3,RCP-064-BIRYANIRIC-KBR384ONEGOV3,Biryani Rice Recipe (100 Pax),,Rice,1,"[{""ingredient_name"": ""NIAZ BASMATI EXTRA LONG GRAIN XXL 1/40KG"", ""quantity"": 100, ""unit"": ""g"", ""item_code"": ""GR003677"", ""ingredient_id"": """"}, {""ingredient_name"": ""TANMIAH FRESH CHICKEN 1/900G"", ""quantity"": 120, ""unit"": ""g"", ""item_code"": ""205101"", ""ingredient_id"": """"}, {""ingredient_name"": ""DRY ONION (LOCAL)"", ""quantity"": 50, ""unit"": ""g"", ""item_code"": ""PR000020"", ""ingredient_id"": """"}, {""ingredient_name"": ""TOMATO (ADY)"", ""quantity"": 30, ""unit"": ""g"", ""item_code"": ""PR000005"", ""ingredient_id"": """"}, {""ingredient_name"": ""ALMARAI LABNEH FF 1/2.75KG"", ""quantity"": 40, ""unit"": ""g"", ""item_code"": ""DR000284"", ""ingredient_id"": """"}]",[],"Wash and soak basmati rice for 30 minutes. | Boil with whole spices and salt until 70% cooked. | Drain and keep aside. | Step 2: Meat Masala | Heat oil/ghee in large pot. | Fry sliced onions until golden brown. | Add ginger garlic paste → sauté. | Add tomatoes → cook until soft. | Add yogurt + all ground spices → cook until oil separates. | Add chicken/mutton → cook until 80% done. | Add mint, coriander, green chilies, lemon juice. | Step 3: Layering (Dum Cooking) | In large pot, layer: | Rice → Meat Masala → Rice | Add saffron milk + rose water on top. | Cover tightly and cook on low heat (dum) for 30–40 minutes. | Step 4: Final | Gently mix before serving. | Hold at safe temperature (above 65°C). | 🔥 Nutritional Value (Per 200 g Serving - Approx.) | Calories: 320–380 kcal | Protein: 12–15 g | Carbohydrates: 40–45 g | Fat: 10–14 g | (Varies depending on chicken/mutton and oil usage) | ⚠️ Allergen Information | Contains: | Dairy (Milk) → Yogurt, saffron milk | Possible Sulphites → in spices or processed masala | May contain traces of: | Nuts (if garnish like almonds/cashews used)",,,[],specific,"[""KBR-384""]","[""KBR""]",,true
Bukhari Rice KBR-384 ONEGO V3,RCP-065-BUKHARIRIC-KBR384ONEGOV3,Bukhari Rice (Chicken) – 100 Pax,,Rice,1,"[{""ingredient_name"": ""NIAZ BASMATI EXTRA LONG GRAIN XXL 1/40KG"", ""quantity"": 100, ""unit"": ""g"", ""item_code"": ""GR003677"", ""ingredient_id"": """"}, {""ingredient_name"": ""DRY ONION (LOCAL)"", ""quantity"": 40, ""unit"": ""g"", ""item_code"": ""PR000020"", ""ingredient_id"": """"}, {""ingredient_name"": ""GARLIC  (CHINA)"", ""quantity"": 4, ""unit"": ""g"", ""item_code"": ""PR000018"", ""ingredient_id"": """"}, {""ingredient_name"": ""GINGER (CHINA)"", ""quantity"": 3, ""unit"": ""g"", ""item_code"": ""PR000019"", ""ingredient_id"": """"}, {""ingredient_name"": ""TOMATO (ADY)"", ""quantity"": 30, ""unit"": ""g"", ""item_code"": ""PR000005"", ""ingredient_id"": """"}, {""ingredient_name"": ""TAFGA LUNA TOMATO PASTE 24/400G"", ""quantity"": 8, ""unit"": ""g"", ""item_code"": ""103023"", ""ingredient_id"": """"}, {""ingredient_name"": ""CARROT (AUSTALIA/CHINA)"", ""quantity"": 50, ""unit"": ""g"", ""item_code"": ""PR000026"", ""ingredient_id"": """"}, {""ingredient_name"": ""A-5 DIAMOND RAISIN 1/10KG"", ""quantity"": 20, ""unit"": ""g"", ""item_code"": ""404314"", ""ingredient_id"": """"}, {""ingredient_name"": ""EASTERN KABSA SPICE MIX 24/200G"", ""quantity"": 3, ""unit"": ""g"", ""item_code"": ""285358"", ""ingredient_id"": """"}, {""ingredient_name"": ""SHAN CUMIN POWDER 10/1KG"", ""quantity"": 1.2, ""unit"": ""g"", ""item_code"": ""GR000583"", ""ingredient_id"": """"}, {""ingredient_name"": ""SHAN CORIANDER POWDER  10/1KG"", ""quantity"": 1.2, ""unit"": ""g"", ""item_code"": ""GR000553"", ""ingredient_id"": """"}, {""ingredient_name"": ""A-TAFGA FRESHLY PEPPER BLACK PWDR 6/16Z"", ""quantity"": 0.7, ""unit"": ""g"", ""item_code"": ""185836"", ""ingredient_id"": """"}, {""ingredient_name"": ""SHAN TURMERIC POWDER  10/1KG"", ""quantity"": 0.6, ""unit"": ""g"", ""item_code"": ""GR000043"", ""ingredient_id"": """"}, {""ingredient_name"": ""NIAZ CINNAMON STICK 1/1KG"", ""quantity"": 1, ""unit"": ""g"", ""item_code"": ""GR003481"", ""ingredient_id"": """"}, {""ingredient_name"": ""NIAZ CARDAMON 1/1KG"", ""quantity"": 0.4, ""unit"": ""g"", ""item_code"": ""GR003571"", ""ingredient_id"": """"}, {""ingredient_name"": ""NIAZ CLOVE WHOLE 1/1KG"", ""quantity"": 0.2, ""unit"": ""g"", ""item_code"": ""GR003482"", ""ingredient_id"": """"}, {""ingredient_name"": ""TAFGA REHAN SALT IODIZED 24/700G"", ""quantity"": 5.5, ""unit"": ""g"", ""item_code"": ""166780"", ""ingredient_id"": """"}, {""ingredient_name"": ""TAFGA DALAL COOKING OIL-(SAUDI) 1/18LTR"", ""quantity"": 0.025, ""unit"": ""l"", ""item_code"": ""221871"", ""ingredient_id"": """"}, {""ingredient_name"": ""(TAFGA) NOVA WATER 24/0.55-0.6LTR"", ""quantity"": 0.25, ""unit"": ""l"", ""item_code"": ""224894"", ""ingredient_id"": """"}, {""ingredient_name"": ""A- SPIXA ALMONDS 1/1KG"", ""quantity"": 20, ""unit"": ""g"", ""item_code"": ""404350"", ""ingredient_id"": """"}]",[],"1. Cook Chicken | In large pots, heat oil. | Add onions → sauté until soft and lightly golden. | Add garlic and ginger → cook until fragrant. | Add tomatoes + tomato paste → cook until slightly thickened. | Add spices → mix well. | Add chicken and water/stock. | Simmer 30–40 minutes until chicken is tender. | Remove chicken and set aside. | 2. Prepare Rice | Wash and soak rice 20–30 minutes. | Adjust seasoning of broth. | Add rice to broth (approx. 1:2 ratio). | Cook until rice is about 80–90% done. | 3. Add Signature Carrots & Raisins | Lightly sauté carrots in a little oil until slightly soft. | Add raisins → cook briefly (do not burn). | Fold into rice or layer on top. | 4. Final Assembly | Place chicken over rice. | Cover and steam on low heat 10–15 minutes. | Garnish with nuts if desired. | Estimated Nutrition (Per Serving) | Calories: –600 kcal | (Slightly sweeter profile due to carrots and raisins) | Allergen Information | Contains: | Tree nuts (if almonds/cashews used) | May contain traces (depending on spice blends): | Mustard | Celery | Optional ingredients: | Sulphites (in commercial raisins) | Free from: | Gluten (if spices are certified gluten-free) | Dairy (typically no milk used) | Professional Catering Notes | Bukhari rice should be lighter in spice and slightly sweet. | Keep carrots firm, not mushy for texture contrast. | Avoid excess tomato—color should be orange, not red. | Best served with: | Spicy tomato sauce (shatta/dakous) | Grilled chicken (charcoal finish optional) | Maintain holding temperature >60°C for safe service.",,,"[""milk""]",specific,"[""KBR-384""]","[""KBR""]",,true
Chickpea Rice KBR-384 ONEGO V3,RCP-066-CHICKPEARI-KBR384ONEGOV3,Chickpea Rice (100 Portions | 200g Each),,Rice,1,"[{""ingredient_name"": ""NIAZ BASMATI EXTRA LONG GRAIN XXL 1/40KG"", ""quantity"": 80, ""unit"": ""g"", ""item_code"": ""GR003677"", ""ingredient_id"": """"}, {""ingredient_name"": ""AMAL CHICK PEAS # 07 1/15KG"", ""quantity"": 30, ""unit"": ""g"", ""item_code"": ""GR003046"", ""ingredient_id"": """"}, {""ingredient_name"": ""DRY ONION (LOCAL)"", ""quantity"": 20, ""unit"": ""g"", ""item_code"": ""PR000020"", ""ingredient_id"": """"}, {""ingredient_name"": ""TOMATO (ADY)"", ""quantity"": 15, ""unit"": ""g"", ""item_code"": ""PR000005"", ""ingredient_id"": """"}]",[],"Soak chickpeas overnight → boil until soft but intact. | Wash and soak rice for 30 minutes, then drain. | 2. Base Masala | Heat oil/ghee in large tilting pan or steam kettle. | Add whole spices → let them release aroma. | Add sliced onions → cook until golden brown. | Add ginger-garlic paste + green chilies → sauté. | Add tomatoes → cook until soft and oil separates. | 3. Build Flavor | Add all powdered spices → cook briefly. | Add boiled chickpeas → mix well. | 4. Rice Cooking | Add water/stock → bring to boil. | Add soaked rice → mix gently. | Cook on medium heat until 90% done. | 5. Finishing | Cover and steam (dum) for 15–20 minutes. | Add fresh coriander & mint. | Fluff gently before packing. | Calories (Approx per 200g serving) | Calories: 290 kcal | (Values vary depending on oil usage) | Allergen Information | ❌ Gluten-Free (if no cross-contamination) | ⚠️ Possible Allergens: | Legumes (Chickpeas) | ⚠️ May contain traces (depending on kitchen): | Nuts | Dairy (if ghee used) | Chef Tips (5-Star Presentation) | Use long grain aged basmati for separate grains | Add fried onions + mint top garnish for luxury buffet | Finish with light lemon drizzle before service | For premium version: cook with light vegetable or chicken stock",,,[],specific,"[""KBR-384""]","[""KBR""]",,true
Chinese Egg Fried Rice KBR-384 ONEGO V3,RCP-067-CHINESEEGG-KBR384ONEGOV3,"Chinese Egg Fried Rice Recipe (100 Servings, 200 g per Serving)",,Rice,1,"[{""ingredient_name"": ""AAA WHITE THAI RICE  1/40KG"", ""quantity"": 100, ""unit"": ""g"", ""item_code"": ""139868"", ""ingredient_id"": """"}, {""ingredient_name"": ""SAEDCO FRESH EGGS MEDIUM 12/30 CT"", ""quantity"": 0.7, ""unit"": ""pieces"", ""item_code"": ""142110"", ""ingredient_id"": """"}, {""ingredient_name"": ""CARROT (AUSTALIA/CHINA)"", ""quantity"": 25, ""unit"": ""g"", ""item_code"": ""PR000026"", ""ingredient_id"": """"}, {""ingredient_name"": ""A-TOMEX GREEN PEAS 4/2.5KG"", ""quantity"": 20, ""unit"": ""g"", ""item_code"": ""404330"", ""ingredient_id"": """"}, {""ingredient_name"": ""DRY ONION (LOCAL)"", ""quantity"": 10, ""unit"": ""g"", ""item_code"": ""PR000020"", ""ingredient_id"": """"}, {""ingredient_name"": ""GARLIC  (CHINA)"", ""quantity"": 2.5, ""unit"": ""g"", ""item_code"": ""PR000018"", ""ingredient_id"": """"}, {""ingredient_name"": ""TAFGA MAKATI SOY SAUCE 12/750ML"", ""quantity"": 0.015, ""unit"": ""l"", ""item_code"": ""100782"", ""ingredient_id"": """"}, {""ingredient_name"": ""TAFGA DALAL COOKING OIL-(SAUDI) 1/18LTR"", ""quantity"": 2, ""unit"": ""ml"", ""item_code"": ""221871"", ""ingredient_id"": """"}, {""ingredient_name"": ""TAFGA DALAL COOKING OIL-(SAUDI) 1/18LTR"", ""quantity"": 5, ""unit"": ""ml"", ""item_code"": ""221871"", ""ingredient_id"": """"}, {""ingredient_name"": ""TAFGA REHAN SALT IODIZED 24/700G"", ""quantity"": 1.5, ""unit"": ""g"", ""item_code"": ""166780"", ""ingredient_id"": """"}, {""ingredient_name"": ""A-TAFGA FRESHLY WHT PEPPER PDWR 6/16Z"", ""quantity"": 0.5, ""unit"": ""g"", ""item_code"": ""185837"", ""ingredient_id"": """"}]",[],"Cook Rice: | Rinse 10 kg rice until water runs clear. | Cook in large steamers or pots with 20 L water until fully cooked but firm. Spread on trays to cool (use cold water to stop cooking if needed). | Prepare Eggs: | Beat 200 eggs in batches. | Scramble them lightly in a wok or large frying pan with a bit of oil. Set aside. | Sauté Vegetables: | Heat vegetable oil in large woks or deep pans. | Add minced garlic, diced carrots, and green peas. Sauté for 2–3 minutes. | Add spring onions, sauté for 1 minute. | Combine Ingredients: | Add cooked rice to the pan and stir-fry on high heat. Break any clumps. | Add scrambled eggs, soy sauce, sesame oil, salt, and pepper. Mix thoroughly for 3–5 minutes until everything is evenly coated and hot. | Serve: | Portion 200 g per serving. | Nutrition Estimate (per 200 g serving) | Calories: ~250 kcal | Protein: 8–9 g | Carbohydrates: 40–42 g | Fat: 7–8 g | Fiber: 2–3 g | Allergens | Eggs – from scrambled eggs | Soy – from soy sauce | Gluten – if regular soy sauce is used (use tamari for gluten-free) | Sesame – from sesame oil",,,"[""egg"", ""milk"", ""soy""]",specific,"[""KBR-384""]","[""KBR""]",,true
Cumin Rice KBR-384 ONEGO V3,RCP-068-CUMINRICE-KBR384ONEGOV3,Cumin Rice (Jeera Rice),,Rice,1,"[{""ingredient_name"": ""NIAZ BASMATI EXTRA LONG GRAIN XXL 1/40KG"", ""quantity"": 80, ""unit"": ""g"", ""item_code"": ""GR003677"", ""ingredient_id"": """"}]",[],"Wash and soak basmati rice for 20–30 minutes, then drain. | 2. Tempering | Heat oil/ghee in large pot or tilting pan. | Add cumin seeds → let them crackle and release aroma. | Add whole spices → sauté lightly. | 3. Base Flavor | Add sliced onions (optional) → cook until light golden. | Add ginger-garlic paste + green chilies → sauté briefly. | 4. Cooking Rice | Add water/stock + salt → bring to boil. | Add soaked rice → mix gently. | Cook on medium heat until water is mostly absorbed. | 5. Dum (Steam Finish) | Cover tightly and cook on low heat for 15 minutes. | Rest for 10 minutes → fluff gently. | 6. Final Touch | Add chopped coriander. | Light lemon squeeze (optional for freshness). | Calories (Approx per 200g serving) | Calories: 250 kcal | (depends on oil/ghee usage) | Allergen Information | ✅ Gluten-Free (if no cross-contact) | ⚠️ Possible Allergens: | None inherent | ⚠️ May contain traces (based on kitchen environment): | Dairy (if ghee used) | Nuts (cross-contamination risk)",,,[],specific,"[""KBR-384""]","[""KBR""]",,true
Green Peas Rice KBR-384 ONEGO V3,RCP-069-GREENPEASR-KBR384ONEGOV3,Green Peas Rice,,Rice,1,"[{""ingredient_name"": ""NIAZ BASMATI EXTRA LONG GRAIN XXL 1/40KG"", ""quantity"": 80, ""unit"": ""g"", ""item_code"": ""GR003677"", ""ingredient_id"": """"}, {""ingredient_name"": ""A-TOMEX GREEN PEAS 4/2.5KG"", ""quantity"": 40, ""unit"": ""g"", ""item_code"": ""404330"", ""ingredient_id"": """"}]",[],"Wash and soak basmati rice for 20–30 minutes, then drain. | If using frozen peas → thaw; fresh peas → rinse. | 2. Tempering | Heat oil/ghee in large pot or tilting pan. | Add cumin seeds → let them crackle. | Add whole spices → sauté until aromatic. | 3. Base Masala | Add sliced onions → cook until light golden. | Add ginger-garlic paste + green chilies → sauté briefly. | 4. Cooking | Add green peas → sauté for 2–3 minutes. | Add water/stock + salt + spices → bring to boil. | Add soaked rice → mix gently. | 5. Dum (Steam Finish) | Cook on medium heat until water reduces. | Cover and steam (dum) for 15–20 minutes on low heat. | 6. Finishing | Add coriander + mint. | Fluff gently to keep grains separate. | Calories (Approx per 200g serving) | Calories: 270 kcal | (depends on oil/ghee usage) | Allergen Information | ✅ Gluten-Free (if no cross-contact) | ⚠️ Contains: | Legumes (Green Peas) | ⚠️ May contain traces: | Dairy (if ghee used) | Nuts (cross-contamination risk)",,,[],specific,"[""KBR-384""]","[""KBR""]",,true
Plain Kabsa Rice KBR-384 ONEGO V3,RCP-070-PLAINKABSA-KBR384ONEGOV3,Plain Kabsa Rice Recipe (100 Pax),,Rice,1,"[{""ingredient_name"": ""NIAZ BASMATI EXTRA LONG GRAIN XXL 1/40KG"", ""quantity"": 100, ""unit"": ""g"", ""item_code"": ""GR003677"", ""ingredient_id"": """"}, {""ingredient_name"": ""TAFGA DALAL COOKING OIL-(SAUDI) 1/18LTR"", ""quantity"": 15, ""unit"": ""g"", ""item_code"": ""221871"", ""ingredient_id"": """"}, {""ingredient_name"": ""DRY ONION (LOCAL)"", ""quantity"": 20, ""unit"": ""g"", ""item_code"": ""PR000020"", ""ingredient_id"": """"}, {""ingredient_name"": ""TOMATO (ADY)"", ""quantity"": 20, ""unit"": ""g"", ""item_code"": ""PR000005"", ""ingredient_id"": """"}, {""ingredient_name"": ""TAFGA LUNA TOMATO PASTE 24/400G"", ""quantity"": 5, ""unit"": ""g"", ""item_code"": ""103023"", ""ingredient_id"": """"}, {""ingredient_name"": ""GARLIC  (CHINA)"", ""quantity"": 3, ""unit"": ""g"", ""item_code"": ""PR000018"", ""ingredient_id"": """"}, {""ingredient_name"": ""EASTERN KABSA SPICE MIX 24/200G"", ""quantity"": 2.5, ""unit"": ""g"", ""item_code"": ""285358"", ""ingredient_id"": """"}, {""ingredient_name"": ""NIAZ CINNAMON STICK 1/1KG"", ""quantity"": 0.5, ""unit"": ""g"", ""item_code"": ""GR003481"", ""ingredient_id"": """"}, {""ingredient_name"": ""NIAZ CARDAMON 1/1KG"", ""quantity"": 0.5, ""unit"": ""g"", ""item_code"": ""GR003571"", ""ingredient_id"": """"}, {""ingredient_name"": ""NIAZ CLOVE WHOLE 1/1KG"", ""quantity"": 0.2, ""unit"": ""g"", ""item_code"": ""GR003482"", ""ingredient_id"": """"}, {""ingredient_name"": ""TFG NIAZ BAY LEAVES 1/1KG"", ""quantity"": 0.2, ""unit"": ""g"", ""item_code"": ""147040"", ""ingredient_id"": """"}, {""ingredient_name"": ""A-TAFGA FRESHLY PEPPER BLACK PWDR 6/16Z"", ""quantity"": 0.5, ""unit"": ""g"", ""item_code"": ""185836"", ""ingredient_id"": """"}, {""ingredient_name"": ""TAFGA REHAN SALT IODIZED 24/700G"", ""quantity"": 2.5, ""unit"": ""g"", ""item_code"": ""166780"", ""ingredient_id"": """"}, {""ingredient_name"": ""CARROT (AUSTALIA/CHINA)"", ""quantity"": 20, ""unit"": ""g"", ""item_code"": ""PR000026"", ""ingredient_id"": """"}, {""ingredient_name"": ""A-5 DIAMOND RAISIN 1/10KG"", ""quantity"": 10, ""unit"": ""g"", ""item_code"": ""404314"", ""ingredient_id"": """"}, {""ingredient_name"": ""(TAFGA) NOVA WATER 24/0.55-0.6LTR"", ""quantity"": 0.2, ""unit"": ""l"", ""item_code"": ""224894"", ""ingredient_id"": """"}]",[],"Wash & soak rice for 30–40 minutes. Drain well. | Heat oil/ghee in large pot. Add whole spices (cinnamon, cardamom, cloves, bay leaf). | Add sliced onions → sauté until golden brown. | Add garlic paste, tomatoes, and tomato paste → cook until soft. | Add Kabsa spice mix, salt, and black pepper. | Add grated carrot and raisins → mix well. | Pour water/stock and bring to boil. | Add soaked rice → cook on high heat until water reduces. | Cover and cook on dum (low heat) for 20–25 minutes. | Fluff gently before serving. | 🔥 Calories (Per 200 g Serving) | Nutrient | Amount | Calories | ~260–300 kcal | Carbohydrates | 45–50 g | Protein | 4–5 g | Fat | 6–8 g | (Values are approximate depending on oil/ghee used) | ⚠️ Allergen Information | Allergen",,,"[""milk""]",specific,"[""KBR-384""]","[""KBR""]",,true
Plain Pulao Rice KBR-384 ONEGO V3,RCP-071-PLAINPULAO-KBR384ONEGOV3,Plain Pulao Rice,,Rice,1,"[{""ingredient_name"": ""NIAZ BASMATI EXTRA LONG GRAIN XXL 1/40KG"", ""quantity"": 80, ""unit"": ""g"", ""item_code"": ""GR003677"", ""ingredient_id"": """"}]",[],"Wash and soak basmati rice for 20–30 minutes, then drain. | 2. Tempering | Heat oil/ghee in large pot or tilting pan. | Add whole spices → sauté until aromatic. | 3. Base Flavor | Add sliced onions → cook until light golden. | Add ginger-garlic paste + green chilies → sauté briefly. | 4. Cooking Rice | Add water/stock + salt + garam masala → bring to boil. | Add soaked rice → mix gently. | Cook on medium heat until water is mostly absorbed. | 5. Dum (Steam Finish) | Cover tightly and cook on low heat for 15–20 minutes. | Rest for 10 minutes. | 6. Final Touch | Add coriander + mint. | Fluff gently to keep grains separate. | Calories (Approx. per 200g serving) | Calories: 260 kcal | (depends on oil/ghee usage) | Allergen Information | ✅ Gluten-Free (if no cross-contamination) | ⚠️ Contains: | No major allergens inherently | ⚠️ May contain traces: | Dairy (if ghee used) | Nuts (shared kitchen risk)",,,[],specific,"[""KBR-384""]","[""KBR""]",,true
Pulao Rice KBR-384 ONEGO V3,RCP-072-PULAORICE-KBR384ONEGOV3,Pulao Rice – 100 Servings (200g per portion),,Rice,1,"[{""ingredient_name"": ""NIAZ BASMATI EXTRA LONG GRAIN XXL 1/40KG"", ""quantity"": 80, ""unit"": ""g"", ""item_code"": ""GR003677"", ""ingredient_id"": """"}, {""ingredient_name"": ""(TAFGA) NOVA WATER 24/0.55-0.6LTR"", ""quantity"": 0.16, ""unit"": ""l"", ""item_code"": ""224894"", ""ingredient_id"": """"}, {""ingredient_name"": ""TAFGA DALAL COOKING OIL-(SAUDI) 1/18LTR"", ""quantity"": 0.015, ""unit"": ""l"", ""item_code"": ""221871"", ""ingredient_id"": """"}, {""ingredient_name"": ""DRY ONION (LOCAL)"", ""quantity"": 25, ""unit"": ""g"", ""item_code"": ""PR000020"", ""ingredient_id"": """"}, {""ingredient_name"": ""A-TOMEX VEG MIXED VEG 4/2.5KG"", ""quantity"": 40, ""unit"": ""g"", ""item_code"": ""404332"", ""ingredient_id"": """"}, {""ingredient_name"": ""GREEN CHILLI (INDIAN)"", ""quantity"": 2, ""unit"": ""g"", ""item_code"": ""PR000016"", ""ingredient_id"": """"}, {""ingredient_name"": ""GARLIC  (CHINA)"", ""quantity"": 5, ""unit"": ""g"", ""item_code"": ""PR000018"", ""ingredient_id"": """"}, {""ingredient_name"": ""Whole Spices"", ""quantity"": 1.5, ""unit"": ""g"", ""item_code"": ""RCPMIS-V5-009-WHOLESPI"", ""ingredient_id"": """"}, {""ingredient_name"": ""SHAN CUMIN WHOLE  10/1KG"", ""quantity"": 1, ""unit"": ""g"", ""item_code"": ""GR000554"", ""ingredient_id"": """"}, {""ingredient_name"": ""TAFGA REHAN SALT IODIZED 24/700G"", ""quantity"": 3, ""unit"": ""g"", ""item_code"": ""166780"", ""ingredient_id"": """"}, {""ingredient_name"": ""SHAN TURMERIC POWDER  10/1KG"", ""quantity"": 0.5, ""unit"": ""g"", ""item_code"": ""GR000043"", ""ingredient_id"": """"}, {""ingredient_name"": ""SHAN KORMA MASALA 10/1KG"", ""quantity"": 1, ""unit"": ""g"", ""item_code"": ""GR001943"", ""ingredient_id"": """"}, {""ingredient_name"": ""CORIANDER LEAVES (BDL)"", ""quantity"": 5, ""unit"": ""g"", ""item_code"": ""PR000062"", ""ingredient_id"": """"}, {""ingredient_name"": ""MINT (BDL)"", ""quantity"": 3, ""unit"": ""g"", ""item_code"": ""PR000060"", ""ingredient_id"": """"}, {""ingredient_name"": ""TFG MOONATY LEMON JUICE 12/1LTR"", ""quantity"": 2, ""unit"": ""ml"", ""item_code"": ""429366"", ""ingredient_id"": """"}]",[],"Wash & Soak Rice | Wash basmati rice thoroughly and soak for 20–30 minutes. Drain. | Prepare Base | Heat oil/ghee in a large tilting pan or steam kettle. | Add cumin seeds and whole spices; sauté until aromatic. | Add sliced onions and cook until golden brown. | Add Flavoring | Add ginger garlic paste and green chilies; sauté well. | Add mixed vegetables and cook for 5–7 minutes. | Spices & Rice | Add turmeric, salt, and garam masala. | Add drained rice and gently mix. | Cooking | Add water/stock (2:1 ratio). | Bring to boil, then cover and cook on low heat or steam until rice is fluffy. | Finishing | Add lemon juice, coriander, and mint. | Gently fluff rice before serving. | 🔥 Approximate Nutrition (Per 200g Serving) | Nutrient | Amount | Calories | ~260–300 kcal | Carbohydrates | ~45 g | Protein | ~5 g | Fat | ~7–9 g | (Values vary based on oil/ghee usage) | ⚠️ Allergen Information | Possible Allergens: | ❗ None in basic recipe (naturally gluten-free & vegetarian)",,,"[""milk""]",specific,"[""KBR-384""]","[""KBR""]",,true
Sayadiyah Rice KBR-384 ONEGO V3,RCP-073-SAYADIYAHR-KBR384ONEGOV3,Sayadiyah Rice (Fish) – 100 Pax,,Rice,1,"[{""ingredient_name"": ""RUHI FISH 1/KG"", ""quantity"": 400, ""unit"": ""g"", ""item_code"": ""192264"", ""ingredient_id"": """"}, {""ingredient_name"": ""NIAZ BASMATI EXTRA LONG GRAIN XXL 1/40KG"", ""quantity"": 100, ""unit"": ""g"", ""item_code"": ""GR003677"", ""ingredient_id"": """"}, {""ingredient_name"": ""DRY ONION (LOCAL)"", ""quantity"": 60, ""unit"": ""g"", ""item_code"": ""PR000020"", ""ingredient_id"": """"}, {""ingredient_name"": ""TOMATO (ADY)"", ""quantity"": 30, ""unit"": ""g"", ""item_code"": ""PR000005"", ""ingredient_id"": """"}, {""ingredient_name"": ""TAFGA LUNA TOMATO PASTE 24/400G"", ""quantity"": 8, ""unit"": ""g"", ""item_code"": ""103023"", ""ingredient_id"": """"}, {""ingredient_name"": ""GARLIC  (CHINA)"", ""quantity"": 4, ""unit"": ""g"", ""item_code"": ""PR000018"", ""ingredient_id"": """"}, {""ingredient_name"": ""GINGER (CHINA)"", ""quantity"": 3, ""unit"": ""g"", ""item_code"": ""PR000019"", ""ingredient_id"": """"}, {""ingredient_name"": ""EASTERN KABSA SPICE MIX 24/200G"", ""quantity"": 3, ""unit"": ""g"", ""item_code"": ""285358"", ""ingredient_id"": """"}, {""ingredient_name"": ""SHAN CUMIN POWDER 10/1KG"", ""quantity"": 1.2, ""unit"": ""g"", ""item_code"": ""GR000583"", ""ingredient_id"": """"}, {""ingredient_name"": ""SHAN CORIANDER POWDER  10/1KG"", ""quantity"": 1.2, ""unit"": ""g"", ""item_code"": ""GR000553"", ""ingredient_id"": """"}, {""ingredient_name"": ""SHAN TURMERIC POWDER  10/1KG"", ""quantity"": 0.6, ""unit"": ""g"", ""item_code"": ""GR000043"", ""ingredient_id"": """"}, {""ingredient_name"": ""A-TAFGA FRESHLY PEPPER BLACK PWDR 6/16Z"", ""quantity"": 0.7, ""unit"": ""g"", ""item_code"": ""185836"", ""ingredient_id"": """"}, {""ingredient_name"": ""NIAZ CINNAMON STICK 1/1KG"", ""quantity"": 0.8, ""unit"": ""g"", ""item_code"": ""GR003481"", ""ingredient_id"": """"}, {""ingredient_name"": ""NIAZ CARDAMON 1/1KG"", ""quantity"": 0.4, ""unit"": ""g"", ""item_code"": ""GR003571"", ""ingredient_id"": """"}, {""ingredient_name"": ""NIAZ CLOVE WHOLE 1/1KG"", ""quantity"": 0.2, ""unit"": ""g"", ""item_code"": ""GR003482"", ""ingredient_id"": """"}, {""ingredient_name"": ""TAFGA REHAN SALT IODIZED 24/700G"", ""quantity"": 7.5, ""unit"": ""g"", ""item_code"": ""166780"", ""ingredient_id"": """"}, {""ingredient_name"": ""TAFGA DALAL COOKING OIL-(SAUDI) 1/18LTR"", ""quantity"": 0.025, ""unit"": ""l"", ""item_code"": ""221871"", ""ingredient_id"": """"}, {""ingredient_name"": ""(TAFGA) NOVA WATER 24/0.55-0.6LTR"", ""quantity"": 0.25, ""unit"": ""l"", ""item_code"": ""224894"", ""ingredient_id"": """"}, {""ingredient_name"": ""DRY ONION (LOCAL)"", ""quantity"": 20, ""unit"": ""g"", ""item_code"": ""PR000020"", ""ingredient_id"": """"}, {""ingredient_name"": ""A- SPIXA ALMONDS 1/1KG"", ""quantity"": 20, ""unit"": ""g"", ""item_code"": ""404350"", ""ingredient_id"": """"}, {""ingredient_name"": ""CORIANDER LEAVES (BDL)"", ""quantity"": 5, ""unit"": ""g"", ""item_code"": ""PR000062"", ""ingredient_id"": """"}]",[],"1. Fry Fish | Season fish lightly with salt and turmeric. | Fry in batches until golden (not fully overcooked). | Set aside. | 2. Prepare Signature Onion Base | In large pots, fry sliced onions slowly until deep brown (caramelized). | This step gives Sayadiyah its distinct dark color. | Add garlic and ginger → cook briefly. | Add tomatoes + tomato paste → cook until reduced. | 3. Build Flavor | Add spices and mix well. | Add water or fish stock → simmer 15–20 minutes. | Strain (optional for smooth texture). | 4. Cook Rice | Wash and soak rice 20–30 minutes. | Add rice to the broth (approx. 1:2 ratio). | Cook until rice is almost done. | 5. Final Assembly | Place fried fish over rice. | Cover and steam on low heat 10–15 minutes. | Garnish with fried onions, nuts, and herbs. | Estimated Nutrition (Per Serving) | Calories: 550 kcal | (Lower fat than chicken dishes depending on frying oil use) | Allergen Information | Contains: | Fish (major allergen) | Tree nuts (if almonds/pine nuts used as garnish) | May contain traces: | Mustard / celery (from spice blends) | Free from: | Gluten (if spices are certified gluten-free) | Dairy (typically no milk products used)",,,"[""fish"", ""milk""]",specific,"[""KBR-384""]","[""KBR""]",,true
Vegetable Rice KBR-384 ONEGO V3,RCP-074-VEGETABLER-KBR384ONEGOV3,Vegetable Rice (100 Pax),,Rice,1,"[{""ingredient_name"": ""NIAZ BASMATI EXTRA LONG GRAIN XXL 1/40KG"", ""quantity"": 200, ""unit"": ""g"", ""item_code"": ""GR003677"", ""ingredient_id"": """"}, {""ingredient_name"": ""A-TOMEX VEG MIXED VEG 4/2.5KG"", ""quantity"": 150, ""unit"": ""g"", ""item_code"": ""404332"", ""ingredient_id"": """"}, {""ingredient_name"": ""DRY ONION (LOCAL)"", ""quantity"": 30, ""unit"": ""g"", ""item_code"": ""PR000020"", ""ingredient_id"": """"}, {""ingredient_name"": ""GARLIC  (CHINA)"", ""quantity"": 5, ""unit"": ""g"", ""item_code"": ""PR000018"", ""ingredient_id"": """"}, {""ingredient_name"": ""GINGER (CHINA)"", ""quantity"": 5, ""unit"": ""g"", ""item_code"": ""PR000019"", ""ingredient_id"": """"}, {""ingredient_name"": ""TAFGA DALAL COOKING OIL-(SAUDI) 1/18LTR"", ""quantity"": 15, ""unit"": ""ml"", ""item_code"": ""221871"", ""ingredient_id"": """"}, {""ingredient_name"": ""TAFGA REHAN SALT IODIZED 24/700G"", ""quantity"": 3, ""unit"": ""g"", ""item_code"": ""166780"", ""ingredient_id"": """"}, {""ingredient_name"": ""A-TAFGA FRESHLY PEPPER BLACK PWDR 6/16Z"", ""quantity"": 0.5, ""unit"": ""g"", ""item_code"": ""185836"", ""ingredient_id"": """"}, {""ingredient_name"": ""SHAN CUMIN WHOLE  10/1KG"", ""quantity"": 0.5, ""unit"": ""g"", ""item_code"": ""GR000554"", ""ingredient_id"": """"}, {""ingredient_name"": ""TFG NIAZ BAY LEAVES 1/1KG"", ""quantity"": 0.02, ""unit"": ""g"", ""item_code"": ""147040"", ""ingredient_id"": """"}, {""ingredient_name"": ""SHAN TURMERIC POWDER  10/1KG"", ""quantity"": 0.5, ""unit"": ""g"", ""item_code"": ""GR000043"", ""ingredient_id"": """"}, {""ingredient_name"": ""SHAN CORIANDER POWDER  10/1KG"", ""quantity"": 0.5, ""unit"": ""g"", ""item_code"": ""GR000553"", ""ingredient_id"": """"}, {""ingredient_name"": ""(TAFGA) NOVA WATER 24/0.55-0.6LTR"", ""quantity"": 300, ""unit"": ""ml"", ""item_code"": ""224894"", ""ingredient_id"": """"}, {""ingredient_name"": ""CORIANDER LEAVES (BDL)"", ""quantity"": 5, ""unit"": ""g"", ""item_code"": ""PR000062"", ""ingredient_id"": """"}]",[],"Wash and Soak Rice: Wash basmati rice thoroughly and soak for 30 minutes. Drain. | Cook Vegetables: Heat oil in a large pan, add cumin seeds, bay leaves, onions, garlic, and ginger. Sauté until golden. | Add Spices: Add turmeric, coriander powder, salt, and black pepper. Stir for 1-2 minutes. | Add Vegetables: Add the mixed vegetables, sauté for 5-7 minutes until slightly tender. | Cook Rice: In large steamers or pots, cook the rice with water until 80-90% done. | Combine Rice & Vegetables: Mix partially cooked rice with sautéed vegetables. Cover and cook on low heat for 10-15 minutes to allow flavors to blend. | Garnish & Serve: Garnish with chopped fresh coriander before serving. | Serving Size | 200 g per person | Total yield: 100 servings | Nutritional Info (approx per 200 g serving) | Nutrient | Amount | Calories | 280 kcal | Protein | 6 g | Fat | 7 g | Carbohydrates | 50 g | Fiber | 4 g | Allergens | Contains: None major (vegan) | Possible cross-contamination: Check if using shared kitchen utensils for gluten, nuts, or dairy.",,,"[""milk""]",specific,"[""KBR-384""]","[""KBR""]",,true
Vermicelli Rice KBR-384 ONEGO V3,RCP-075-VERMICELLI-KBR384ONEGOV3,Middle Eastern Vermicelli Rice,,Rice,1,"[{""ingredient_name"": ""AAA WHITE THAI RICE  1/40KG"", ""quantity"": 91, ""unit"": ""g"", ""item_code"": ""139868"", ""ingredient_id"": """"}, {""ingredient_name"": ""TAFGA GOODY VERMICELLI CUT 24/500G"", ""quantity"": 16, ""unit"": ""g"", ""item_code"": ""275514"", ""ingredient_id"": """"}, {""ingredient_name"": ""TAFGA DALAL COOKING OIL-(SAUDI) 1/18LTR"", ""quantity"": 9.5, ""unit"": ""ml"", ""item_code"": ""221871"", ""ingredient_id"": """"}, {""ingredient_name"": ""(TAFGA) NOVA WATER 24/0.55-0.6LTR"", ""quantity"": 0.18, ""unit"": ""l"", ""item_code"": ""224894"", ""ingredient_id"": """"}, {""ingredient_name"": ""TAFGA REHAN SALT IODIZED 24/700G"", ""quantity"": 0.95, ""unit"": ""g"", ""item_code"": ""166780"", ""ingredient_id"": """"}, {""ingredient_name"": ""NIAZ CARDAMON 1/1KG"", ""quantity"": 0.02, ""unit"": ""g"", ""item_code"": ""GR003571"", ""ingredient_id"": """"}, {""ingredient_name"": ""NIAZ CINNAMON STICK 1/1KG"", ""quantity"": 0.2, ""unit"": ""g"", ""item_code"": ""GR003481"", ""ingredient_id"": """"}]",[],"Place the 9.10 kg of long-grain rice into a large washing colander. Wash repeatedly until the starch water changes from cloudy to completely clear. Soak in clean water for 25–30 minutes, then drain completely. | In your main high-volume boiling vat, tilt-skillet, or wide cooking pot, heat the 950 mL of vegetable oil or ghee over medium heat settings. | Add the crushed vermicelli noodles (1.60 kg). Stir continuously and aggressively to ensure even heat contact. Fry until the noodles turn completely golden brown (be alert as vermicelli burns rapidly). | If choosing to include aromatics, drop the cardamom pods and cinnamon sticks directly into the hot oil for 60 seconds. | Add the thoroughly drained raw rice into the pot with the toasted vermicelli. Stir gently for 3 to 5 minutes until the oil coats every individual grain and a light toasted crackling sound is heard. | Pour in 18.00 Liters of pre-heated boiling water or clear stock, and immediately pour in the 95 reaches of fine salt. Stir quickly to distribute the elements. | Bring the entire mixture to a rapid, rolling boil uncovered. Allow the surface water level to reduce down until it aligns even with the top level of the rice bed. | Immediately close with a tightly sealed lid (or use heavy aluminum foil under a weighted lid to contain all steam). Lower the heat source to minimum setting. | Steam without opening for 20 minutes. Turn off heat entirely and leave the lid sealed for an additional 10 minutes. | Open and gently fluff the mixture using an industrial rice rake or flat serving tool. Move directly into warm storage cambros for delivery.",,,"[""milk""]",specific,"[""KBR-384""]","[""KBR""]",,true
White Rice KBR-384 ONEGO V3,RCP-076-WHITERICE-KBR384ONEGOV3,White Rice Recipe (100 Servings),,Rice,1,"[{""ingredient_name"": ""AAA WHITE THAI RICE  1/40KG"", ""quantity"": 100, ""unit"": ""g"", ""item_code"": ""139868"", ""ingredient_id"": """"}, {""ingredient_name"": ""(TAFGA) NOVA WATER 24/0.55-0.6LTR"", ""quantity"": 0.2, ""unit"": ""l"", ""item_code"": ""224894"", ""ingredient_id"": """"}, {""ingredient_name"": ""TAFGA REHAN SALT IODIZED 24/700G"", ""quantity"": 2, ""unit"": ""g"", ""item_code"": ""166780"", ""ingredient_id"": """"}, {""ingredient_name"": ""TAFGA DALAL COOKING OIL-(SAUDI) 1/18LTR"", ""quantity"": 3, ""unit"": ""g"", ""item_code"": ""221871"", ""ingredient_id"": """"}]",[],"Rinse the rice thoroughly under cold water until the water runs clear to remove excess starch. | In a large pot or commercial rice cooker, add the rice, water, salt, and oil/butter. | Bring to a boil over medium-high heat. | Reduce heat to low, cover, and simmer for 15–20 minutes until rice is cooked and water is absorbed. | Fluff with a fork before serving. | Nutritional Information (Approximate per 200 g cooked serving) | Calories: 260 kcal | Carbohydrates: 57 g | Protein: 4.5 g | Fat: 0.5–1 g (depending on oil/butter) | Fiber: 0.6 g",,,"[""milk""]",specific,"[""KBR-384""]","[""KBR""]",,true
Yellow Rice KBR-384 ONEGO V3,RCP-077-YELLOWRICE-KBR384ONEGOV3,📋 RECIPE CARD: MEATLESS YELLOW KABSA RICE (100 PORTIONS),,Rice,1,"[{""ingredient_name"": ""NIAZ BASMATI EXTRA LONG GRAIN XXL 1/40KG"", ""quantity"": 75, ""unit"": ""g"", ""item_code"": ""GR003677"", ""ingredient_id"": """"}, {""ingredient_name"": ""(TAFGA) NOVA WATER 24/0.55-0.6LTR"", ""quantity"": 0.13, ""unit"": ""l"", ""item_code"": ""224894"", ""ingredient_id"": """"}, {""ingredient_name"": ""TAFGA DALAL COOKING OIL-(SAUDI) 1/18LTR"", ""quantity"": 0.01, ""unit"": ""l"", ""item_code"": ""221871"", ""ingredient_id"": """"}, {""ingredient_name"": ""DRY ONION (LOCAL)"", ""quantity"": 35, ""unit"": ""g"", ""item_code"": ""PR000020"", ""ingredient_id"": """"}, {""ingredient_name"": ""CARROT (AUSTALIA/CHINA)"", ""quantity"": 25, ""unit"": ""g"", ""item_code"": ""PR000026"", ""ingredient_id"": """"}, {""ingredient_name"": ""TOMATO (ADY)"", ""quantity"": 20, ""unit"": ""g"", ""item_code"": ""PR000005"", ""ingredient_id"": """"}, {""ingredient_name"": ""TAFGA LUNA TOMATO PASTE 24/400G"", ""quantity"": 4, ""unit"": ""g"", ""item_code"": ""103023"", ""ingredient_id"": """"}, {""ingredient_name"": ""GINGER (CHINA)"", ""quantity"": 2.5, ""unit"": ""g"", ""item_code"": ""PR000019"", ""ingredient_id"": """"}, {""ingredient_name"": ""GARLIC  (CHINA)"", ""quantity"": 2.5, ""unit"": ""g"", ""item_code"": ""PR000018"", ""ingredient_id"": """"}, {""ingredient_name"": ""GREEN CHILLI (INDIAN)"", ""quantity"": 2, ""unit"": ""g"", ""item_code"": ""PR000016"", ""ingredient_id"": """"}, {""ingredient_name"": ""TFG NIAZ LEMON DRY 1/1KG"", ""quantity"": 1.5, ""unit"": ""g"", ""item_code"": ""147047"", ""ingredient_id"": """"}, {""ingredient_name"": ""NIAZ CINNAMON STICK 1/1KG"", ""quantity"": 0.75, ""unit"": ""g"", ""item_code"": ""GR003481"", ""ingredient_id"": """"}, {""ingredient_name"": ""TFG NIAZ BAY LEAVES 1/1KG"", ""quantity"": 0.05, ""unit"": ""g"", ""item_code"": ""147040"", ""ingredient_id"": """"}, {""ingredient_name"": ""NIAZ CARDAMON 1/1KG"", ""quantity"": 0.08, ""unit"": ""g"", ""item_code"": ""GR003571"", ""ingredient_id"": """"}, {""ingredient_name"": ""NIAZ CLOVE WHOLE 1/1KG"", ""quantity"": 0.04, ""unit"": ""g"", ""item_code"": ""GR003482"", ""ingredient_id"": """"}, {""ingredient_name"": ""SHAN TURMERIC POWDER  10/1KG"", ""quantity"": 0.9, ""unit"": ""g"", ""item_code"": ""GR000043"", ""ingredient_id"": """"}, {""ingredient_name"": ""SHAN CUMIN POWDER 10/1KG"", ""quantity"": 0.75, ""unit"": ""g"", ""item_code"": ""GR000583"", ""ingredient_id"": """"}, {""ingredient_name"": ""SHAN CORIANDER POWDER  10/1KG"", ""quantity"": 0.75, ""unit"": ""g"", ""item_code"": ""GR000553"", ""ingredient_id"": """"}, {""ingredient_name"": ""A-TAFGA FRESHLY PEPPER BLACK PWDR 6/16Z"", ""quantity"": 0.75, ""unit"": ""ml"", ""item_code"": ""185836"", ""ingredient_id"": """"}, {""ingredient_name"": ""TAFGA REHAN SALT IODIZED 24/700G"", ""quantity"": 2.4, ""unit"": ""g"", ""item_code"": ""166780"", ""ingredient_id"": """"}, {""ingredient_name"": ""Saffron Threads"", ""quantity"": 0.6, ""unit"": ""ml"", ""item_code"": ""RCPMIS-V5-012-SAFFRONT"", ""ingredient_id"": """"}, {""ingredient_name"": ""A- SPIXA ALMONDS 1/1KG"", ""quantity"": 5, ""unit"": ""g"", ""item_code"": ""404350"", ""ingredient_id"": """"}, {""ingredient_name"": ""A-5 DIAMOND RAISIN 1/10KG"", ""quantity"": 5, ""unit"": ""g"", ""item_code"": ""404314"", ""ingredient_id"": """"}]",[],"1. Rice Processing | Wash the 7.5 kg of Basmati rice until the water runs clear of starches. | Submerge the rice in room-temperature water and leave to soak for 30 minutes, then drain completely. | 2. Building the Aromatic Gravy | Heat the oil or ghee in an industrial large-scale stockpot or tilting braising pan over medium-high heat. | Add the chopped onions and fry for 12 to 15 minutes until softened and golden-brown. | Add the ginger paste, garlic paste, whole green chilies, and all the whole spices (cinnamon sticks, bay leaves, cardamom pods, cloves, and poked loomi). Sauté for 3 minutes. | Stir in the tomato paste, pureed tomatoes, and finely grated carrots. Add the ground spices (turmeric, cumin, coriander, black pepper) and the salt. Cook down for 8 minutes until oil pools at the surface. | 3. Simmering the Broth Matrix | Pour the 13 liters of hot water or vegetable stock directly into the spiced base. Bring to a rolling boil over maximum heat, then cover and let simmer for 10 minutes. | 4. The Rice Integration & Steaming (Dum) | Slide the pre-soaked, drained Basmati rice carefully into the boiling spiced broth. Stir gently from the bottom to distribute the grains. | Pour the soaked saffron liquid evenly across the surface of the rice. | Keep the flame high until the broth reduces flush with the top layer of the rice grains. | Drop the burner to its absolute lowest heat setting. Seal the pot tightly with double layers of heavy aluminum foil, slam the lid on to lock in the steam completely, and let cook undisturbed (Dum) for 20 minutes. | 5. Fluffing and Service | Turn off the heat completely. Let the closed container sit sealed for 10 minutes to stabilize steam moisture. | Unseal the pot and gently fluff the bright yellow rice using a large commercial roasting fork from the outer edges inward. Garnish with toasted almonds and golden raisins. | 🧪 NUTRITION PER PORTION | Calories: 345 kcal | Protein: 6.2 g | Total Carbohydrates: 61.5 g | Total Fat: 9.2 g | Sodium: 590 mg",45,45,"[""milk""]",specific,"[""KBR-384""]","[""KBR""]",,true
Zarda Rice KBR-384 ONEGO V3,RCP-078-ZARDARICE-KBR384ONEGOV3,Zarda Rice Recipe (100 Pax | 100 g per serving),,Rice,1,"[{""ingredient_name"": ""NIAZ BASMATI EXTRA LONG GRAIN XXL 1/40KG"", ""quantity"": 40, ""unit"": ""g"", ""item_code"": ""GR003677"", ""ingredient_id"": """"}, {""ingredient_name"": ""ALMARAI BUTTER GHEE 6/1600G"", ""quantity"": 15, ""unit"": ""g"", ""item_code"": ""242795"", ""ingredient_id"": """"}, {""ingredient_name"": ""(TAFGA) NOVA WATER 24/0.55-0.6LTR"", ""quantity"": 0.09, ""unit"": ""l"", ""item_code"": ""224894"", ""ingredient_id"": """"}, {""ingredient_name"": ""ORANGE (AFRICAN/EGYPT) NAVEL (CLASS A)"", ""quantity"": 0.08, ""unit"": ""g"", ""item_code"": ""PR000092"", ""ingredient_id"": """"}, {""ingredient_name"": ""Saffron"", ""quantity"": 0.05, ""unit"": ""g"", ""item_code"": ""RCPMIS-V5-007-SAFFRON"", ""ingredient_id"": """"}, {""ingredient_name"": ""NIAZ CARDAMON 1/1KG"", ""quantity"": 0.5, ""unit"": ""g"", ""item_code"": ""GR003571"", ""ingredient_id"": """"}, {""ingredient_name"": ""NIAZ CLOVE WHOLE 1/1KG"", ""quantity"": 0.2, ""unit"": ""g"", ""item_code"": ""GR003482"", ""ingredient_id"": """"}, {""ingredient_name"": ""NIAZ CINNAMON STICK 1/1KG"", ""quantity"": 0.3, ""unit"": ""g"", ""item_code"": ""GR003481"", ""ingredient_id"": """"}, {""ingredient_name"": ""A-5 DIAMOND RAISIN 1/10KG"", ""quantity"": 5, ""unit"": ""g"", ""item_code"": ""404314"", ""ingredient_id"": """"}, {""ingredient_name"": ""A- SPIXA ALMONDS 1/1KG"", ""quantity"": 7, ""unit"": ""g"", ""item_code"": ""404350"", ""ingredient_id"": """"}, {""ingredient_name"": ""A- SPIXA CASHEW NUTS 1/1KG"", ""quantity"": 7, ""unit"": ""g"", ""item_code"": ""404349"", ""ingredient_id"": """"}, {""ingredient_name"": ""Khoya"", ""quantity"": 10, ""unit"": ""g"", ""item_code"": ""RCPMIS-V5-013-KHOYA"", ""ingredient_id"": """"}, {""ingredient_name"": ""A-TFG MAMIA ROSE WATER 12/430ML"", ""quantity"": 0.5, ""unit"": ""ml"", ""item_code"": ""266115"", ""ingredient_id"": """"}]",[],"1. Prepare Rice | Wash and soak basmati rice for 30 minutes | Boil water, add whole spices (cardamom, cloves, cinnamon) | Cook rice until 70% done, then drain | 2. Prepare Sugar Syrup | In a large pot, add sugar + 2–3 liters water | Add food color and saffron | Cook until slightly sticky (1-string consistency not required) | 3. Combine | Add parboiled rice into syrup | Mix gently to coat evenly | 4. Add Flavor & Garnish | Add ghee, raisins, nuts, and khoya | Sprinkle rose/kewra water | 5. Steam (Dum) | Cover tightly and cook on low heat for 20–25 minutes | 6. Final Step | Fluff gently before serving | 🔥 Approximate Nutrition (Per 100 g Serving) | Nutrient | Amount | Calories | ~220–260 kcal | Carbohydrates | 35–40 g | Protein | 3–4 g | Fat | 8–10 g | Sugar | 20–25 g | ⚠️ Allergen Information | Contains: | Dairy → Ghee, Khoya | Tree Nuts → Almonds, Cashews | May contain: | Sulphites (in raisins) | Gluten-free (if no cross-contamination) | 💡 Chef Tips | Use premium basmati rice for best aroma | Control sweetness by adjusting sugar (±10%) | Add candied fruits (tutti frutti) for extra color | Avoid overmixing to keep rice grains intact",,,"[""milk""]",specific,"[""KBR-384""]","[""KBR""]",,true
Chana Chat KBR-384 ONEGO V3,RCP-079-CHANACHAT-KBR384ONEGOV3,Pakistani Street-Style Chana Chat (100 Pax).,,Salad,1,"[{""ingredient_name"": ""AMAL CHICK PEAS # 07 1/15KG"", ""quantity"": 45, ""unit"": ""g"", ""item_code"": ""GR003046"", ""ingredient_id"": """"}, {""ingredient_name"": ""A-TAFGA ORIENT GARDEN BAKING SODA 12/12Z"", ""quantity"": 0.45, ""unit"": ""ml"", ""item_code"": ""182376"", ""ingredient_id"": """"}, {""ingredient_name"": ""POTATO (LOCAL)"", ""quantity"": 30, ""unit"": ""g"", ""item_code"": ""PR000022"", ""ingredient_id"": """"}, {""ingredient_name"": ""TAFGA REHAN SALT IODIZED 24/700G"", ""quantity"": 0.8, ""unit"": ""g"", ""item_code"": ""166780"", ""ingredient_id"": """"}, {""ingredient_name"": ""DRY ONION (LOCAL)"", ""quantity"": 15, ""unit"": ""g"", ""item_code"": ""PR000020"", ""ingredient_id"": """"}, {""ingredient_name"": ""TOMATO (ADY)"", ""quantity"": 20, ""unit"": ""g"", ""item_code"": ""PR000005"", ""ingredient_id"": """"}, {""ingredient_name"": ""GREEN CHILLI (INDIAN)"", ""quantity"": 1.5, ""unit"": ""g"", ""item_code"": ""PR000016"", ""ingredient_id"": """"}, {""ingredient_name"": ""MINT (BDL)"", ""quantity"": 2, ""unit"": ""g"", ""item_code"": ""PR000060"", ""ingredient_id"": """"}, {""ingredient_name"": ""CORIANDER LEAVES (BDL)"", ""quantity"": 4, ""unit"": ""g"", ""item_code"": ""PR000062"", ""ingredient_id"": """"}, {""ingredient_name"": ""MAA CHAAT MASALA TUB 6/750G"", ""quantity"": 2, ""unit"": ""g"", ""item_code"": ""GR003698"", ""ingredient_id"": """"}, {""ingredient_name"": ""SHAN CUMIN WHOLE  10/1KG"", ""quantity"": 1, ""unit"": ""g"", ""item_code"": ""GR000554"", ""ingredient_id"": """"}, {""ingredient_name"": ""TAFGA REHAN SALT IODIZED 24/700G"", ""quantity"": 0.4, ""unit"": ""g"", ""item_code"": ""166780"", ""ingredient_id"": """"}, {""ingredient_name"": ""SHAN RED CHILLI POWDER 10/1KG"", ""quantity"": 0.5, ""unit"": ""g"", ""item_code"": ""GR000042"", ""ingredient_id"": """"}, {""ingredient_name"": ""TFG MOONATY LEMON JUICE 12/1LTR"", ""quantity"": 7.5, ""unit"": ""ml"", ""item_code"": ""429366"", ""ingredient_id"": """"}, {""ingredient_name"": ""Tamarind chutney"", ""quantity"": 0.015, ""unit"": ""l"", ""item_code"": ""RCPMIS-V5-014-TAMARIND"", ""ingredient_id"": """"}, {""ingredient_name"": ""CORIANDER LEAVES (BDL)"", ""quantity"": 0.01, ""unit"": ""l"", ""item_code"": ""PR000062"", ""ingredient_id"": """"}, {""ingredient_name"": ""Fine Sev"", ""quantity"": 6, ""unit"": ""g"", ""item_code"": ""RCPMIS-V5-015-FINESEV"", ""ingredient_id"": """"}, {""ingredient_name"": ""Papdi"", ""quantity"": 10, ""unit"": ""g"", ""item_code"": ""RCPMIS-V5-016-PAPDI"", ""ingredient_id"": """"}]",[],"Prep the Chickpeas & Potatoes: Soak the dried chickpeas in ample water for 12 hours. Drain, rinse, and place in a heavy commercial stockpot or pressure cooker. Cover with fresh water, add the baking soda and half of the boiling salt. Cook until completely tender but still holding their shape cleanly (do not let them turn mushy like hummus). Drain and cool completely. | Cook the Potatoes: In a separate pot, boil the cubed potatoes in salted water until fork-tender but firm. Drain and cool thoroughly so they do not break down when tossed. | Blend the Dry Spices: In a bowl, thoroughly mix the chaat masala, crushed roasted cumin, black salt, and Kashmiri red chili powder. | Bulk Toss (The Salad Base): In a massive catering mixing bowl or clean food-safe tub, combine the cooled chickpeas and cubed potatoes. Toss in the chopped red onions, diced tomatoes, minced green chilies, and half of the chopped coriander and mint. | Dress the Chaat: Pour the fresh lemon juice over the mixture and sprinkle the blended dry spice mix evenly over the top. Using large structural silicone spatulas, gently fold the mixture from the bottom up until every chickpea is seasoned and coated. | Holding / Buffeting: Transfer the seasoned base into shallow catering inserts. Keep chilled if preparing hours in advance. Note: Do not add the liquid chutneys or crunchy items yet, or the salad will turn soggy. | The Service Finish: Just before placing on the buffet line or serving, drizzle the sweet tamarind chutney and spicy green chutney over the top in an elegant zig-zag pattern. Garnish heavily with the remaining fresh mint, coriander, crushed papdi, and a generous blanket of fine sev. | 🔥 Approximate Nutrition (Per 150 g Serving) | Nutrient | Amount Per Serving | % Daily Value (DV)* | Calories | 210 kcal | 10.5% | Protein | 8 g | 16% | Fat | 4 g | 5% | Carbohydrates | 36 g | 12% | Dietary Fiber | 7 g | 25% | *Percent Daily Values are based on a 2,000-calorie diet. Nutritional numbers assume standard street-style serving without added yogurt. | ⚠️ Allergen Information | Contains: Gluten (From the fried papdi crackers used as a topping). | To make Gluten-Free: Simply omit the papdi topping or replace it with a gluten-free cracker variant; the chickpea base and sev are naturally gluten-free.",,,"[""milk""]",specific,"[""KBR-384""]","[""KBR""]",,true
Green Chutney KBR-384 ONEGO V3,RCP-080-GREENCHUTN-KBR384ONEGOV3,Green Chutney (Mint Yogurt) – 100 Pax,,Salad,1,"[{""ingredient_name"": ""MINT (BDL)"", ""quantity"": 25, ""unit"": ""g"", ""item_code"": ""PR000060"", ""ingredient_id"": """"}, {""ingredient_name"": ""CORIANDER LEAVES (BDL)"", ""quantity"": 15, ""unit"": ""g"", ""item_code"": ""PR000062"", ""ingredient_id"": """"}, {""ingredient_name"": ""GREEN CHILLI (INDIAN)"", ""quantity"": 4, ""unit"": ""g"", ""item_code"": ""PR000016"", ""ingredient_id"": """"}, {""ingredient_name"": ""ALMARAI LABNEH FF 1/2.75KG"", ""quantity"": 20, ""unit"": ""g"", ""item_code"": ""DR000284"", ""ingredient_id"": """"}, {""ingredient_name"": ""TFG MOONATY LEMON JUICE 12/1LTR"", ""quantity"": 3, ""unit"": ""ml"", ""item_code"": ""429366"", ""ingredient_id"": """"}, {""ingredient_name"": ""GARLIC  (CHINA)"", ""quantity"": 2, ""unit"": ""g"", ""item_code"": ""PR000018"", ""ingredient_id"": """"}, {""ingredient_name"": ""GINGER (CHINA)"", ""quantity"": 2, ""unit"": ""g"", ""item_code"": ""PR000019"", ""ingredient_id"": """"}, {""ingredient_name"": ""TAFGA REHAN SALT IODIZED 24/700G"", ""quantity"": 1.2, ""unit"": ""g"", ""item_code"": ""166780"", ""ingredient_id"": """"}, {""ingredient_name"": ""SHAN CUMIN POWDER 10/1KG"", ""quantity"": 0.8, ""unit"": ""g"", ""item_code"": ""GR000583"", ""ingredient_id"": """"}, {""ingredient_name"": ""(TAFGA) NOVA WATER 24/0.55-0.6LTR"", ""quantity"": 8, ""unit"": ""ml"", ""item_code"": ""224894"", ""ingredient_id"": """"}]",[],"Wash thoroughly mint and coriander leaves to remove dirt. | Roughly chop mint, coriander, green chillies, ginger, and garlic. | In a blender, add all greens, chilli, ginger, garlic, and a little water. | Blend into a smooth paste. | Add yogurt, lemon juice, salt, and roasted cumin powder. | Blend again until smooth and creamy. | Adjust consistency with water (should be slightly thick but pourable). | Taste and adjust seasoning (salt, lemon, spice level). | Keep chilled (≤5°C) until service. | 🔥 Nutritional Value (Per 50 g Serving – Approx.): | Nutrient | Amount | Calories | ~35–45 kcal | Protein | ~1.5 g | Fat | ~1 g | Carbohydrates | ~5 g | Fiber | ~1 g | ⚠️ Allergen Information: | Milk (Dairy) → from yogurt",,,"[""milk""]",specific,"[""KBR-384""]","[""KBR""]",,true
Green Salad Mix KBR-384 ONEGO V3,RCP-081-GREENSALAD-KBR384ONEGOV3,Green Salad Mix (100 Pax),,Salad,1,"[{""ingredient_name"": ""LETTUCE (LOCAL)"", ""quantity"": 60, ""unit"": ""g"", ""item_code"": ""PR000045"", ""ingredient_id"": """"}, {""ingredient_name"": ""LETTUCE (LOCAL)"", ""quantity"": 30, ""unit"": ""g"", ""item_code"": ""PR000045"", ""ingredient_id"": """"}, {""ingredient_name"": ""TOMATO (ADY)"", ""quantity"": 25, ""unit"": ""g"", ""item_code"": ""PR000005"", ""ingredient_id"": """"}, {""ingredient_name"": ""CUCUMBER (ADY)"", ""quantity"": 25, ""unit"": ""g"", ""item_code"": ""PR000010"", ""ingredient_id"": """"}, {""ingredient_name"": ""CARROT (AUSTALIA/CHINA)"", ""quantity"": 10, ""unit"": ""g"", ""item_code"": ""PR000026"", ""ingredient_id"": """"}, {""ingredient_name"": ""TAFGA OLIVE OIL 12/500ML"", ""quantity"": 0.015, ""unit"": ""l"", ""item_code"": ""185208"", ""ingredient_id"": """"}, {""ingredient_name"": ""TFG MOONATY LEMON JUICE 12/1LTR"", ""quantity"": 7.5, ""unit"": ""ml"", ""item_code"": ""429366"", ""ingredient_id"": """"}, {""ingredient_name"": ""TAFGA REHAN SALT IODIZED 24/700G"", ""quantity"": 1.2, ""unit"": ""g"", ""item_code"": ""166780"", ""ingredient_id"": """"}, {""ingredient_name"": ""A-TAFGA FRESHLY PEPPER BLACK PWDR 6/16Z"", ""quantity"": 0.4, ""unit"": ""g"", ""item_code"": ""185836"", ""ingredient_id"": """"}]",[],"Wash all vegetables thoroughly with cold water (sanitize if required). | Drain and dry completely to avoid soggy salad. | Chop lettuce into bite-size pieces. | Dice tomatoes, slice cucumbers, and grate/julienne carrots. | Combine all vegetables in a large mixing bowl. | Toss gently to mix evenly. | Add dressing just before service (or serve separately to maintain freshness). | ⚖️ Portion Control | Per serving: | Lettuce mix: ~90 g | Tomato: ~25 g | Cucumber: ~25 g | Carrot: ~10 g | 🔥 Nutritional Value (Approx. per 150 g serving) | Nutrient | Amount | Calories | 60–80 kcal (without dressing) | Calories (with dressing) | 120–150 kcal | Carbohydrates | 8–10 g | Fiber | 2–3 g | Protein | 1–2 g | Fat | 0–7 g (depends on dressing) | ⚠️ Allergen Information | Main Salad:✅ No major allergens (naturally gluten-free, dairy-free, nut-free)",,,"[""milk""]",specific,"[""KBR-384""]","[""KBR""]",,true
Hummus for KBR-384 ONEGO V3,RCP-082-HUMMUSFOR-KBR384ONEGOV3,Hummus (100 Pax),,Salad,1,"[{""ingredient_name"": ""AMAL CHICK PEAS # 07 1/15KG"", ""quantity"": 35, ""unit"": ""g"", ""item_code"": ""GR003046"", ""ingredient_id"": """"}, {""ingredient_name"": ""A-TAFGA ORIENT GARDEN BAKING SODA 12/12Z"", ""quantity"": 0.6, ""unit"": ""ml"", ""item_code"": ""182376"", ""ingredient_id"": """"}, {""ingredient_name"": ""TAFGA LIQ TAHINA 12/1KG"", ""quantity"": 18, ""unit"": ""g"", ""item_code"": ""204980"", ""ingredient_id"": """"}, {""ingredient_name"": ""TFG MOONATY LEMON JUICE 12/1LTR"", ""quantity"": 0.012, ""unit"": ""l"", ""item_code"": ""429366"", ""ingredient_id"": """"}, {""ingredient_name"": ""GARLIC  (CHINA)"", ""quantity"": 2.5, ""unit"": ""g"", ""item_code"": ""PR000018"", ""ingredient_id"": """"}, {""ingredient_name"": ""(TAFGA) NOVA WATER 24/0.55-0.6LTR"", ""quantity"": 0.015, ""unit"": ""l"", ""item_code"": ""224894"", ""ingredient_id"": """"}, {""ingredient_name"": ""TAFGA REHAN SALT IODIZED 24/700G"", ""quantity"": 1.2, ""unit"": ""g"", ""item_code"": ""166780"", ""ingredient_id"": """"}, {""ingredient_name"": ""SHAN CUMIN POWDER 10/1KG"", ""quantity"": 0.45, ""unit"": ""g"", ""item_code"": ""GR000583"", ""ingredient_id"": """"}, {""ingredient_name"": ""TAFGA OLIVE OIL 12/500ML"", ""quantity"": 7.5, ""unit"": ""ml"", ""item_code"": ""185208"", ""ingredient_id"": """"}, {""ingredient_name"": ""AMAL CHICK PEAS # 07 1/15KG"", ""quantity"": 5, ""unit"": ""g"", ""item_code"": ""GR003046"", ""ingredient_id"": """"}, {""ingredient_name"": ""A-ALMANAKIL SUMAC NO.1 1/KG"", ""quantity"": 0.5, ""unit"": ""g"", ""item_code"": ""190082"", ""ingredient_id"": """"}]",[],"Soak the Chickpeas: Place the dried chickpeas in a large catering container. Cover with at least triple their volume of water, stir in 2 tablespoons of baking soda, and soak for 12–16 hours. | Boil until Mushy: Drain and rinse the chickpeas. Transfer to a massive stockpot, cover with water, and add the remaining 2 tablespoons of baking soda. Bring to a boil, skim off foam, and simmer for 45–60 minutes. The chickpeas must be overcooked—completely soft, breaking apart, and mushy. Reserve 500g whole chickpeas for garnish, then drain the rest. | Make the Garlic-Lemon Base: In a commercial food processor, blend the fresh lemon juice, garlic, and salt until completely pureed. Let it sit for 5 minutes so the acid mellows the raw garlic bite. | Whip the Tahini: Add the tahini into the food processor. Blend until it thickens into a paste, then slowly stream in 500ml of ice-cold water while blending. Continue until the mixture turns beautifully pale, smooth, and fluffy. | Process the Chickpeas: Add the hot, drained chickpeas and cumin into the food processor. Process continuously for 4–5 minutes. | Adjust and Emulsify: While running the machine, slowly stream in the remaining ice-cold water until the hummus reaches a perfectly silky, smooth, spreadable consistency. Taste and add extra salt or lemon if needed. | Plate and Garnish: Spread the hummus into shallow catering inserts, forming a well in the center. Top with reserved whole chickpeas, a heavy drizzle of extra virgin olive oil, and a light dusting of sumac or paprika. | 🔥 Approximate Nutrition (Per 80 g Serving) | Nutrient | Amount Per Serving | % Daily Value (DV)* | Calories | 230 kcal | 11.5% | Protein | 7 g | 14% | Fat | 16 g | 21% | Carbohydrates | 15 g | 5% | Dietary Fiber | 4 g | 14% | *Percent Daily Values are based on a 2,000-calorie diet. Values are approximate depending on the specific oil and tahini fat content used. | ⚠️ Allergen Information | Contains: Sesame (Tahini) | Naturally Gluten-Free & Vegan | Are you planning to serve this hummus as a buffet dip, or as part of a plated appetizer? If you want, I can calculate how many bags of pita bread or pita chips you need to purchase for 100 guests.",,,[],specific,"[""KBR-384""]","[""KBR""]",,true
Raita KBR-384 ONEGO V3,RCP-083-RAITA-KBR384ONEGOV3,Mint-Coriander & Vegetable Raita (100 Pax),,Salad,1,"[{""ingredient_name"": ""AL MARAI UHT MILF FF 12/1LTR"", ""quantity"": 55, ""unit"": ""g"", ""item_code"": ""DR000005"", ""ingredient_id"": """"}, {""ingredient_name"": ""(TAFGA) NOVA WATER 24/0.55-0.6LTR"", ""quantity"": 5, ""unit"": ""ml"", ""item_code"": ""224894"", ""ingredient_id"": """"}, {""ingredient_name"": ""CUCUMBER (ADY)"", ""quantity"": 10, ""unit"": ""g"", ""item_code"": ""PR000010"", ""ingredient_id"": """"}, {""ingredient_name"": ""DRY ONION (LOCAL)"", ""quantity"": 4, ""unit"": ""g"", ""item_code"": ""PR000020"", ""ingredient_id"": """"}, {""ingredient_name"": ""CORIANDER LEAVES (BDL)"", ""quantity"": 1.5, ""unit"": ""g"", ""item_code"": ""PR000062"", ""ingredient_id"": """"}, {""ingredient_name"": ""MINT (BDL)"", ""quantity"": 1, ""unit"": ""g"", ""item_code"": ""PR000060"", ""ingredient_id"": """"}, {""ingredient_name"": ""SHAN CUMIN POWDER 10/1KG"", ""quantity"": 0.5, ""unit"": ""g"", ""item_code"": ""GR000583"", ""ingredient_id"": """"}, {""ingredient_name"": ""TAFGA REHAN SALT IODIZED 24/700G"", ""quantity"": 0.3, ""unit"": ""g"", ""item_code"": ""166780"", ""ingredient_id"": """"}, {""ingredient_name"": ""AL OSRA SUGAR FINE 10/2KG"", ""quantity"": 0.25, ""unit"": ""g"", ""item_code"": ""176065"", ""ingredient_id"": """"}, {""ingredient_name"": ""TAFGA REHAN SALT IODIZED 24/700G"", ""quantity"": 0.2, ""unit"": ""g"", ""item_code"": ""166780"", ""ingredient_id"": """"}, {""ingredient_name"": ""MAA CHAAT MASALA TUB 6/750G"", ""quantity"": 0.2, ""unit"": ""g"", ""item_code"": ""GR003698"", ""ingredient_id"": """"}]",[],"Whisk the Base: Empty the yogurt into a large, clean commercial mixing bowl or food-safe catering bucket. Whisk vigorously by hand or with a commercial mixer until it is perfectly silky and smooth with no remaining lumps. Slowly incorporate the chilled water or milk to thin it down slightly to a rich, ribbon-like consistency. | Prep the Vegetables: Ensure the diced cucumbers, minced onions, and chopped herbs are entirely dry before adding them. Excess water on the vegetables will cause the raita to separate and become watery over time. | Fold in Mix-Ins: Drop the diced cucumbers, onions, chopped cilantro, and mint into the smooth yogurt base. Use a large rubber spatula to fold them evenly throughout the dairy. | Season: Sprinkle the roasted cumin powder, black salt, white sugar, sea salt, and chaat masala evenly over the surface. Stir gently until completely incorporated. | Chill and Mature: Cover the container tightly and refrigerate for at least 1 hour before service. This resting window allows the essential oils from the mint, cumin, and onions to bloom and fully infuse into the cold yogurt. | Service & Garnish: Stir the raita once more right before putting it out. Pour into chilled catering inserts and garnish the top with a light dust of roasted cumin powder and a few fresh mint leaves. | 🔥 Approximate Nutrition (Per 70 g Serving) | Nutrient | Amount Per Serving | % Daily Value (DV)* | Calories | 55 kcal | 2.5% | Protein | 3 g | 6% | Fat | 3 g | 4% | Carbohydrates | 4 g | 1.5% | *Percent Daily Values are based on a 2,000-calorie diet. Values assume full-fat whole-milk commercial yogurt. | ⚠️ Allergen Information | Contains: Dairy (Yogurt/Milk) | Naturally Gluten-Free & Vegetarian",,,[],specific,"[""KBR-384""]","[""KBR""]",,true
Yogurt Cucumber Salad KBR-384 ONEGO V3,RCP-084-YOGURTCUCU-KBR384ONEGOV3,Yogurt Cucumber Salad – 100 Pax,,Salad,1,"[{""ingredient_name"": ""CUCUMBER (ADY)"", ""quantity"": 100, ""unit"": ""g"", ""item_code"": ""PR000010"", ""ingredient_id"": """"}, {""ingredient_name"": ""ALMARAI LABNEH FF 1/2.75KG"", ""quantity"": 50, ""unit"": ""g"", ""item_code"": ""DR000284"", ""ingredient_id"": """"}, {""ingredient_name"": ""MINT (BDL)"", ""quantity"": 2.5, ""unit"": ""g"", ""item_code"": ""PR000060"", ""ingredient_id"": """"}, {""ingredient_name"": ""GARLIC  (CHINA)"", ""quantity"": 1, ""unit"": ""g"", ""item_code"": ""PR000018"", ""ingredient_id"": """"}, {""ingredient_name"": ""TFG MOONATY LEMON JUICE 12/1LTR"", ""quantity"": 2, ""unit"": ""ml"", ""item_code"": ""429366"", ""ingredient_id"": """"}, {""ingredient_name"": ""TAFGA REHAN SALT IODIZED 24/700G"", ""quantity"": 0.5, ""unit"": ""g"", ""item_code"": ""166780"", ""ingredient_id"": """"}, {""ingredient_name"": ""A-TAFGA FRESHLY PEPPER BLACK PWDR 6/16Z"", ""quantity"": 0.2, ""unit"": ""g"", ""item_code"": ""185836"", ""ingredient_id"": """"}, {""ingredient_name"": ""TAFGA OLIVE OIL 12/500ML"", ""quantity"": 2, ""unit"": ""ml"", ""item_code"": ""185208"", ""ingredient_id"": """"}]",[],"Wash, peel, and dice the cucumbers into small cubes. | In a large mixing bowl, whisk yogurt until smooth. | Add minced garlic, chopped mint, lemon juice, salt, and black pepper. Mix well. | Gently fold in cucumbers until evenly coated. | Drizzle olive oil on top (optional) before serving. | Chill for 30–60 minutes before serving for best flavor. | Nutrition Estimate (per 150 g serving) | Calories: ~85 kcal | Protein: 4 g | Fat: 3 g | Carbohydrates: 11 g | Fiber: 1 g | Allergens | Contains milk / dairy (yogurt) | Garlic may be an irritant for sensitive individuals",,,"[""milk""]",specific,"[""KBR-384""]","[""KBR""]",,true
Lab. a shreen KBR-384 ONEGO V3,RCP-085-LABASHREEN-KBR384ONEGOV3,Lab-e-Shireen Recipe (100 Pax | 150 g per serving),,Sweet,1,"[{""ingredient_name"": ""AL MARAI UHT MILF FF 12/1LTR"", ""quantity"": 0.12, ""unit"": ""l"", ""item_code"": ""DR000005"", ""ingredient_id"": """"}, {""ingredient_name"": ""A-TFG FRESHLY FRUIT C/TAIL 6/2.5KG"", ""quantity"": 40, ""unit"": ""g"", ""item_code"": ""139845"", ""ingredient_id"": """"}, {""ingredient_name"": ""TAFGA MARAI COOKING CREAM 12/1LTR"", ""quantity"": 0.02, ""unit"": ""l"", ""item_code"": ""342384"", ""ingredient_id"": """"}, {""ingredient_name"": ""AL MARAI UHT MILF FF 12/1LTR"", ""quantity"": 20, ""unit"": ""g"", ""item_code"": ""DR000005"", ""ingredient_id"": """"}, {""ingredient_name"": ""Khoya"", ""quantity"": 15, ""unit"": ""g"", ""item_code"": ""RCPMIS-V5-013-KHOYA"", ""ingredient_id"": """"}, {""ingredient_name"": ""TAFGA GOODY VERMICELLI CUT 24/500G"", ""quantity"": 10, ""unit"": ""g"", ""item_code"": ""275514"", ""ingredient_id"": """"}, {""ingredient_name"": ""A-AL AMC CORN STARCH 1/25KG"", ""quantity"": 3, ""unit"": ""g"", ""item_code"": ""139554"", ""ingredient_id"": """"}, {""ingredient_name"": ""(TAFGA) NOVA WATER 24/0.55-0.6LTR"", ""quantity"": 5, ""unit"": ""ml"", ""item_code"": ""224894"", ""ingredient_id"": """"}, {""ingredient_name"": ""Rose syrup"", ""quantity"": 5, ""unit"": ""ml"", ""item_code"": ""RCPMIS-V5-017-ROSESYRU"", ""ingredient_id"": """"}, {""ingredient_name"": ""A-TAFGA REHAN JELLY S/BERRY 4/3KG"", ""quantity"": 20, ""unit"": ""g"", ""item_code"": ""145008"", ""ingredient_id"": """"}, {""ingredient_name"": ""A- SPIXA ALMONDS 1/1KG"", ""quantity"": 3, ""unit"": ""g"", ""item_code"": ""404350"", ""ingredient_id"": """"}, {""ingredient_name"": ""A- SPIXA PISTACHIO CLEAN 1/1KG"", ""quantity"": 3, ""unit"": ""g"", ""item_code"": ""404353"", ""ingredient_id"": """"}, {""ingredient_name"": ""Chia seeds / Tukmaria"", ""quantity"": 2, ""unit"": ""g"", ""item_code"": ""RCPMIS-V5-018-CHIASEED"", ""ingredient_id"": """"}, {""ingredient_name"": ""NIAZ CARDAMON 1/1KG"", ""quantity"": 0.2, ""unit"": ""g"", ""item_code"": ""GR003571"", ""ingredient_id"": """"}]",[],"Boil Milk Base: | Heat milk in a large pot. | Add sugar and cook on medium flame. | Thicken: | Add roasted vermicelli and cook until soft. | Mix cornflour with water and add slowly while stirring. | Cook until slightly thick. | Richness Addition: | Add khoya and condensed milk. | Stir well until fully dissolved. | Cool Down: | Let mixture cool to room temperature. | Final Mixing: | Add fresh cream, rose syrup, and cardamom powder. | Fold in fruits, jelly cubes, soaked chia seeds, and nuts. | Chill: | Refrigerate for 4–6 hours before serving. | 🔥 Approximate Calories (Per 150 g Serving): | Calories: ~220–260 kcal(varies depending on cream and sugar level) | ⚠️ Allergen Information: | Allergen | Source | Dairy | Milk, cream, khoya, condensed milk | Nuts | Almonds, pistachios | Gluten | Vermicelli (if wheat-based) | Food Color / Additives | Jelly, canned fruits | Seeds (optional) | Chia / Tukmaria | 💡 Notes: | You can adjust sweetness by reducing condensed milk or sugar. | For better presentation, serve chilled in glass cups with extra nuts topping. | Shelf life: 24–36 hours refrigerated",,,"[""wheat""]",specific,"[""KBR-384""]","[""KBR""]",,true
Mahalabia KBR-384 ONEGO V3,RCP-086-MAHALABIA-KBR384ONEGOV3,Mahalabia Recipe (100 Pax | 150 g per serving),,Sweet,1,"[{""ingredient_name"": ""AL MARAI UHT MILF FF 12/1LTR"", ""quantity"": 0.13, ""unit"": ""l"", ""item_code"": ""DR000005"", ""ingredient_id"": """"}, {""ingredient_name"": ""A-AL AMC CORN STARCH 1/25KG"", ""quantity"": 12, ""unit"": ""g"", ""item_code"": ""139554"", ""ingredient_id"": """"}, {""ingredient_name"": ""A-TFG MAMIA ROSE WATER 12/430ML"", ""quantity"": 1.5, ""unit"": ""ml"", ""item_code"": ""266115"", ""ingredient_id"": """"}, {""ingredient_name"": ""(TAFGA) NOVA WATER 24/0.55-0.6LTR"", ""quantity"": 1, ""unit"": ""ml"", ""item_code"": ""224894"", ""ingredient_id"": """"}, {""ingredient_name"": ""TAFGA MARAI COOKING CREAM 12/1LTR"", ""quantity"": 0.01, ""unit"": ""l"", ""item_code"": ""342384"", ""ingredient_id"": """"}, {""ingredient_name"": ""A- SPIXA PISTACHIO CLEAN 1/1KG"", ""quantity"": 5, ""unit"": ""g"", ""item_code"": ""404353"", ""ingredient_id"": """"}, {""ingredient_name"": ""A-ADELCO COCONUT POWDR 1/7KG"", ""quantity"": 3, ""unit"": ""g"", ""item_code"": ""404322"", ""ingredient_id"": """"}]",[],"Mix slurry | In a separate bowl, dissolve cornstarch in 2 liters of cold milk (taken from total milk). | Heat milk | In a large pot, heat remaining milk and sugar over medium heat. Stir continuously. | Thicken | Add cornstarch slurry slowly while stirring to avoid lumps. | Cook until mixture thickens (custard-like consistency). | Flavoring | Add rose water and orange blossom water. | Stir well and remove from heat. | Finish | Add cream (optional) for richness. | Portioning | Pour into 100 serving cups (~150 g each). | Chill & garnish | Refrigerate for at least 3–4 hours. | Garnish with pistachios and coconut before serving. | 🔥 Approximate Nutrition (Per 150 g Serving) | Nutrient | Amount | Calories | 180–220 kcal | Carbohydrates | 28–32 g | Protein | 4–5 g | Fat | 5–7 g | Sugar | 20–24 g | (Varies depending on cream and sugar levels) | ⚠️ Allergen Information | Allergen | Present? | Milk / Dairy | ✅ Yes | Nuts (Pistachios) | ✅ Yes | Gluten | ❌ No | Eggs | ❌ No | Soy | ❌ No | 💡 Notes & Tips | For a lighter version, skip cream and reduce sugar slightly. | You can substitute rose water with vanilla for a different flavor profile. | Keep stirring continuously to prevent lumps or burning. | Ideal for buffets, banquets, and Ramadan service menus.",,,[],specific,"[""KBR-384""]","[""KBR""]",,true
omali KBR-384 ONEGO V3,RCP-087-OMALI-KBR384ONEGOV3,"Easy & Creamy Egyptian Umm Ali (100 Pax). To optimize for a large-scale catering environment, this version utilizes ready-made croissants or pre-baked puff pastry sheets, which drastically cuts down prep time while guaranteeing a rich, buttery texture that absorbs the sweet milk bath perfectly without turning into mush.",,Sweet,1,"[{""ingredient_name"": ""A-TAFGA SB PUFF PASTRY SQUARE 18/400G"", ""quantity"": 35, ""unit"": ""g"", ""item_code"": ""230797"", ""ingredient_id"": """"}, {""ingredient_name"": ""A-ADELCO COCONUT POWDR 1/7KG"", ""quantity"": 7, ""unit"": ""g"", ""item_code"": ""404322"", ""ingredient_id"": """"}, {""ingredient_name"": ""A-5 DIAMOND RAISIN 1/10KG"", ""quantity"": 6, ""unit"": ""g"", ""item_code"": ""404314"", ""ingredient_id"": """"}, {""ingredient_name"": ""A- SPIXA ALMONDS 1/1KG"", ""quantity"": 5, ""unit"": ""g"", ""item_code"": ""404350"", ""ingredient_id"": """"}, {""ingredient_name"": ""A- SPIXA PISTACHIO CLEAN 1/1KG"", ""quantity"": 4, ""unit"": ""g"", ""item_code"": ""404353"", ""ingredient_id"": """"}, {""ingredient_name"": ""AL MARAI UHT MILF FF 12/1LTR"", ""quantity"": 0.12, ""unit"": ""l"", ""item_code"": ""DR000005"", ""ingredient_id"": """"}, {""ingredient_name"": ""TAFGA MARAI COOKING CREAM 12/1LTR"", ""quantity"": 0.03, ""unit"": ""l"", ""item_code"": ""342384"", ""ingredient_id"": """"}, {""ingredient_name"": ""AL OSRA SUGAR FINE 10/2KG"", ""quantity"": 22, ""unit"": ""g"", ""item_code"": ""176065"", ""ingredient_id"": """"}, {""ingredient_name"": ""TFGA CUSTARD POWDER 24/450G"", ""quantity"": 0.6, ""unit"": ""g"", ""item_code"": ""132875"", ""ingredient_id"": """"}, {""ingredient_name"": ""NIAZ CINNAMON STICK 1/1KG"", ""quantity"": 0.15, ""unit"": ""g"", ""item_code"": ""GR003481"", ""ingredient_id"": """"}, {""ingredient_name"": ""TAFGA MARAI COOKING CREAM 12/1LTR"", ""quantity"": 20, ""unit"": ""g"", ""item_code"": ""342384"", ""ingredient_id"": """"}, {""ingredient_name"": ""AL OSRA SUGAR FINE 10/2KG"", ""quantity"": 1.5, ""unit"": ""g"", ""item_code"": ""176065"", ""ingredient_id"": """"}, {""ingredient_name"": ""AL MARAI UHT MILF FF 12/1LTR"", ""quantity"": 0.03, ""unit"": ""l"", ""item_code"": ""DR000005"", ""ingredient_id"": """"}]",[],,,,"[""milk""]",specific,"[""KBR-384""]","[""KBR""]",,true
Rice pudding KBR-384 ONEGO V3,RCP-088-RICEPUDDIN-KBR384ONEGOV3,"Easy & Creamy Coconut Rice Pudding (100 Pax). It uses Jasmine or short-grain white rice cooked directly in a blend of milk and full-fat coconut milk to extract maximum starch, creating an ultra-velvety texture without requiring a complex custard base.",,Sweet,1,"[{""ingredient_name"": ""AAA WHITE THAI RICE  1/40KG"", ""quantity"": 22, ""unit"": ""g"", ""item_code"": ""139868"", ""ingredient_id"": """"}, {""ingredient_name"": ""(TAFGA) NOVA WATER 24/0.55-0.6LTR"", ""quantity"": 0.04, ""unit"": ""l"", ""item_code"": ""224894"", ""ingredient_id"": """"}, {""ingredient_name"": ""TAFGA REHAN SALT IODIZED 24/700G"", ""quantity"": 0.15, ""unit"": ""g"", ""item_code"": ""166780"", ""ingredient_id"": """"}, {""ingredient_name"": ""COCONUT MILK POWDER  12/300G"", ""quantity"": 60, ""unit"": ""g"", ""item_code"": ""185539"", ""ingredient_id"": """"}, {""ingredient_name"": ""AL MARAI UHT MILF FF 12/1LTR"", ""quantity"": 0.04, ""unit"": ""l"", ""item_code"": ""DR000005"", ""ingredient_id"": """"}, {""ingredient_name"": ""AL OSRA SUGAR FINE 10/2KG"", ""quantity"": 18, ""unit"": ""g"", ""item_code"": ""176065"", ""ingredient_id"": """"}, {""ingredient_name"": ""TFGA CUSTARD POWDER 24/450G"", ""quantity"": 0.6, ""unit"": ""g"", ""item_code"": ""132875"", ""ingredient_id"": """"}, {""ingredient_name"": ""NIAZ CINNAMON STICK 1/1KG"", ""quantity"": 0.15, ""unit"": ""g"", ""item_code"": ""GR003481"", ""ingredient_id"": """"}, {""ingredient_name"": ""A-AL AMC CORN STARCH 1/25KG"", ""quantity"": 0.8, ""unit"": ""g"", ""item_code"": ""139554"", ""ingredient_id"": """"}, {""ingredient_name"": ""A-ADELCO COCONUT POWDR 1/7KG"", ""quantity"": 4, ""unit"": ""g"", ""item_code"": ""404322"", ""ingredient_id"": """"}, {""ingredient_name"": ""AAA WHITE THAI RICE  1/40KG"", ""quantity"": 40, ""unit"": ""g"", ""item_code"": ""139868"", ""ingredient_id"": """"}]",[],"Par-Cook the Rice: In a massive, heavy-bottomed commercial stockpot, combine the washed rice, 4 liters of water, and salt. Bring to a boil over high heat, then immediately drop to a low simmer. Cover tightly and cook for 10–12 minutes until the water is completely absorbed and the rice is semi-soft. | Infuse the Milks: Pour the full-fat coconut milk, whole milk, sugar, and your choice of aromatics (ground cardamom or cinnamon sticks) directly into the pot with the par-cooked rice. Stir vigorously to break up any rice clumps. | Simmer & Reduce: Bring the entire mixture to a gentle, low simmer over medium-low heat. Cook uncovered for 25 to 30 minutes, stirring frequently with a heavy-duty paddle scraper to prevent the starch from sticking or scorching on the bottom of the pot. The rice will absorb the milk and swell into a thick, creamy porridge. | Thicken (Optional): If you prefer a highly stable, custardy consistency for buffet lines, slowly pour in the cornstarch slurry while stirring continuously. Let it simmer for an extra 2–3 minutes until visibly thickened. | Finish & Cool: Remove the pot from the heat source. Remove the cinnamon sticks if used, and stir in the pure vanilla extract. Keep in mind that the pudding will continue to thicken significantly as it cools down. | Portion & Serve: Pour the warm pudding into individual dessert cups or deep catering inserts. Let it cool slightly at room temperature, then transfer to the refrigerator to chill completely. Just before serving, garnish the top of each portion with a generous sprinkle of toasted shredded coconut flakes. | 🔥 Approximate Nutrition (Per 120 g Serving) | Nutrient | Amount Per Serving | % Daily Value (DV)* | Calories | 260 kcal | 13% | Protein | 4 g | 8% | Fat | 9 g | 12% | Saturated Fat | 7 g | 35% | Carbohydrates | 41 g | 14% | Dietary Fiber | 1 g | 4% | *Percent Daily Values are based on a 2,000-calorie diet. Values are approximate depending on full-fat coconut milk brands and fat percentages. | ⚠️ Allergen Information | Contains: Dairy (Whole milk). | Naturally Gluten-Free & Egg-Free. | To make Vegan/Dairy-Free: Simply replace the 4 liters of whole milk with 4 liters of regular commercial coconut milk drink or oat milk.",,,[],specific,"[""KBR-384""]","[""KBR""]",,true
Shahi Tukra KBR-384 ONEGO V3,RCP-089-SHAHITUKRA-KBR384ONEGOV3,Shahi Tukra Recipe (100 Pax | 100 g per serving),,Sweet,1,"[{""ingredient_name"": ""SLICED BREAD WHITE"", ""quantity"": 1.2, ""unit"": ""pieces"", ""item_code"": ""BK000001"", ""ingredient_id"": """"}, {""ingredient_name"": ""ALMARAI BUTTER GHEE 6/1600G"", ""quantity"": 25, ""unit"": ""g"", ""item_code"": ""242795"", ""ingredient_id"": """"}, {""ingredient_name"": ""(TAFGA) NOVA WATER 24/0.55-0.6LTR"", ""quantity"": 0.02, ""unit"": ""l"", ""item_code"": ""224894"", ""ingredient_id"": """"}, {""ingredient_name"": ""NIAZ CARDAMON 1/1KG"", ""quantity"": 0.15, ""unit"": ""g"", ""item_code"": ""GR003571"", ""ingredient_id"": """"}, {""ingredient_name"": ""A-TFG MAMIA ROSE WATER 12/430ML"", ""quantity"": 0.5, ""unit"": ""ml"", ""item_code"": ""266115"", ""ingredient_id"": """"}, {""ingredient_name"": ""AL MARAI UHT MILF FF 12/1LTR"", ""quantity"": 0.15, ""unit"": ""l"", ""item_code"": ""DR000005"", ""ingredient_id"": """"}, {""ingredient_name"": ""NIAZ CARDAMON 1/1KG"", ""quantity"": 0.1, ""unit"": ""g"", ""item_code"": ""GR003571"", ""ingredient_id"": """"}, {""ingredient_name"": ""Saffron"", ""quantity"": 0.02, ""unit"": ""g"", ""item_code"": ""RCPMIS-V5-007-SAFFRON"", ""ingredient_id"": """"}, {""ingredient_name"": ""A- SPIXA ALMONDS 1/1KG"", ""quantity"": 5, ""unit"": ""g"", ""item_code"": ""404350"", ""ingredient_id"": """"}, {""ingredient_name"": ""A- SPIXA PISTACHIO CLEAN 1/1KG"", ""quantity"": 4, ""unit"": ""g"", ""item_code"": ""404353"", ""ingredient_id"": """"}]",[],"1. Prepare Rabri | Boil milk in a wide pan. | Simmer on low heat, stirring continuously until reduced to ~⅓ (thick consistency). | Add sugar, saffron, and cardamom. | Cook for 10 more minutes, then cool. | 2. Prepare Sugar Syrup | Boil sugar and water until slightly sticky (1-string consistency). | Add cardamom and rose water. | Keep warm. | 3. Fry Bread | Cut bread into triangles. | Deep fry in ghee until golden and crisp. | Remove excess oil. | 4. Assemble | Dip fried bread lightly in sugar syrup. | Arrange in trays. | Pour rabri on top. | Garnish with nuts and silver leaf. | 🍽️ Portioning | Each serving: 1–2 bread pieces with rabri (~100 g total) | 🔥 Approximate Nutrition (per 100 g serving) | Calories: 280–320 kcal | Carbohydrates: 30–35 g | Protein: 5–6 g | Fat: 15–18 g | Sugar: 18–22 g | (Values are approximate depending on ghee and sugar usage) | ⚠️ Allergen Information | Contains: | Gluten (bread) | Milk/Dairy (rabri, ghee) | Nuts (almonds, pistachios) | May contain: | Saffron sensitivity (rare) | Cross-contact allergens depending on kitchen environment",,,"[""milk"", ""wheat""]",specific,"[""KBR-384""]","[""KBR""]",,true
Standard Catering Sweet KBR-384 ONEGO V3,RCP-090-STANDARDCA-KBR384ONEGOV3,"Standard Catering-Style Jelly, Crème Caramel, and Custard scaled for 100 Portions (100 Pax).",,Sweet,1,"[{""ingredient_name"": ""Flavored Gelatin Powder"", ""quantity"": 14, ""unit"": ""g"", ""item_code"": ""RCPMIS-V5-019-FLAVORED"", ""ingredient_id"": """"}, {""ingredient_name"": ""(TAFGA) NOVA WATER 24/0.55-0.6LTR"", ""quantity"": 0.045, ""unit"": ""l"", ""item_code"": ""224894"", ""ingredient_id"": """"}, {""ingredient_name"": ""(TAFGA) NOVA WATER 24/0.55-0.6LTR"", ""quantity"": 0.045, ""unit"": ""l"", ""item_code"": ""224894"", ""ingredient_id"": """"}, {""ingredient_name"": ""AL OSRA SUGAR FINE 10/2KG"", ""quantity"": 15, ""unit"": ""g"", ""item_code"": ""176065"", ""ingredient_id"": """"}, {""ingredient_name"": ""(TAFGA) NOVA WATER 24/0.55-0.6LTR"", ""quantity"": 4, ""unit"": ""ml"", ""item_code"": ""224894"", ""ingredient_id"": """"}, {""ingredient_name"": ""TFG MOONATY LEMON JUICE 12/1LTR"", ""quantity"": 0.15, ""unit"": ""ml"", ""item_code"": ""429366"", ""ingredient_id"": """"}, {""ingredient_name"": ""AL MARAI UHT MILF FF 12/1LTR"", ""quantity"": 0.075, ""unit"": ""l"", ""item_code"": ""DR000005"", ""ingredient_id"": """"}, {""ingredient_name"": ""TAFGA MARAI COOKING CREAM 12/1LTR"", ""quantity"": 0.02, ""unit"": ""l"", ""item_code"": ""342384"", ""ingredient_id"": """"}, {""ingredient_name"": ""AL OSRA SUGAR FINE 10/2KG"", ""quantity"": 12, ""unit"": ""g"", ""item_code"": ""176065"", ""ingredient_id"": """"}, {""ingredient_name"": ""SAEDCO FRESH EGGS MEDIUM 12/30 CT"", ""quantity"": 0.3, ""unit"": ""pieces"", ""item_code"": ""142110"", ""ingredient_id"": """"}, {""ingredient_name"": ""Unflavored gelatin powder"", ""quantity"": 1.2, ""unit"": ""g"", ""item_code"": ""RCPMIS-V5-020-UNFLAVOR"", ""ingredient_id"": """"}, {""ingredient_name"": ""A-AL AMC CORN STARCH 1/25KG"", ""quantity"": 1, ""unit"": ""g"", ""item_code"": ""139554"", ""ingredient_id"": """"}, {""ingredient_name"": ""TFGA CUSTARD POWDER 24/450G"", ""quantity"": 0.6, ""unit"": ""g"", ""item_code"": ""132875"", ""ingredient_id"": """"}, {""ingredient_name"": ""AL MARAI UHT MILF FF 12/1LTR"", ""quantity"": 0.085, ""unit"": ""l"", ""item_code"": ""DR000005"", ""ingredient_id"": """"}, {""ingredient_name"": ""TAFGA MARAI COOKING CREAM 12/1LTR"", ""quantity"": 0.01, ""unit"": ""l"", ""item_code"": ""342384"", ""ingredient_id"": """"}, {""ingredient_name"": ""TFGA CUSTARD POWDER 24/450G"", ""quantity"": 5, ""unit"": ""g"", ""item_code"": ""132875"", ""ingredient_id"": """"}, {""ingredient_name"": ""TFGA CUSTARD POWDER 24/450G"", ""quantity"": 0.5, ""unit"": ""g"", ""item_code"": ""132875"", ""ingredient_id"": """"}, {""ingredient_name"": ""AL MARAI BUTTER UNSALT 4/100/10G"", ""quantity"": 1.5, ""unit"": ""g"", ""item_code"": ""DR000039"", ""ingredient_id"": """"}]",[],"✅ Yield & Portion: 100 servings | 100g per person (~1/2 cup) | Total: 10 kg | 🧾 Ingredients | Flavored Gelatin Powder (e.g., Strawberry, Raspberry, or Orange): 1.4 kg | Boiling Water (100°C / 212°F): 4.5 liters | Ice-Cold Water (with ice cubes strained out): 4.5 liters | Dissolve Powder: Place the dry gelatin powder into a massive heatproof catering container or clean food-safe bucket. Pour in the boiling water. Whisk continuously for 2 to 3 minutes until every single sugar and gelatin crystal has completely dissolved. | Accelerate Cooling: Immediately pour in the ice-cold water. Whisk for another 30 seconds. This rapidly drops the liquid temperature closer to its setting threshold. | Portion Immediately: Set out 100 clear plastic dessert cups on sheet trays. Using a large commercial pitcher or a mechanical multi-pour funnel, fill each cup with 100g of the liquid jelly. | Chill: Slide the trays into the walk-in refrigerator. Because of the cold water technique, the jelly will set firm in 1.5 to 2 hours instead of the typical 4 hours. | 🍮 2. Catering-Style Crème Caramel (100 Pax) | ✅ Yield & Portion: 100 servings | 120g per person | Total: 12 kg | 🧾 IngredientsThe Caramel Base (For the cups) | White granulated sugar: 1.5 kg | Water (for caramelization): 400 ml | Lemon juice: 1 tbsp (prevents crystallization) | The Custard Body | Whole milk: 7.5 liters | Heavy whipping cream: 2 liters | White granulated sugar: 1.2 kg | Egg yolks (whisked): 30 large (for authentic richness and color) | Unflavored gelatin powder: 120 g (bloomed in 400ml cold water) | Cornstarch: 100 g (whisked into 300ml cold milk) | Pure vanilla extract: 60 ml | Coat the Cups: Combine the sugar, water, and lemon juice in a heavy saucepan. Cook over high heat without stirring until it turns a deep amber caramel. Working incredibly fast, drop 1 small teaspoon of hot caramel into the bottom of 100 aluminum or plastic ramekins. It will harden instantly. | Bloom Gelatin: Sprinkle the unflavored gelatin powder over 400ml of cold water. Let it sit for 5–10 minutes to absorb the liquid. | Cook the Custard: In a massive stockpot, scald the milk, heavy cream, and sugar. In a separate bowl, whisk your egg yolks and cornstarch slurry together. Slowly temper the hot milk into the egg yolks, then pour everything back into the main pot. | Thicken & Melt: Cook over medium heat, stirring constantly with a paddle scraper until it thickens enough to coat the back of a spoon. Turn off the heat, stir in the bloomed gelatin until completely melted, and mix in the vanilla extract. | Fill and Chill: Pour the warm custard mix right over the hardened caramel in the ramekins. Refrigerate for at least 4 hours (ideally overnight). To serve, run a thin knife around the edge and invert onto a banquet plate—the caramel will create a beautiful, self-saucing topping. | 🟡 3. Banquet Vanilla Custard Sauce / Base (100 Pax) | This velvety, pourable vanilla custard is an absolute necessity for dessert bars. It can be served warm over pies, layered cold into fruit trifles, or used as a base blanket under your fruit jelly. | ✅ Yield & Portion: 100 servings | 100g per person (~1/2 cup) | Total: 10 kg | 🧾 Ingredients | Whole milk: 8.5 liters | Heavy cream: 1 liter | Custard Powder (or Cornstarch + Yellow food color): 500 g | White granulated sugar: 1.2 kg | Pure vanilla extract: 50 ml | Unsalted butter: 150 g (stirred in at the end for a glossy finish) | Slurry the Powder: Measure out 1.5 liters of the cold milk into a bowl. Whisk the custard powder into it until it forms a completely smooth slurry with absolutely no dry pockets. | Heat the Base: Pour the remaining 7 liters of milk, heavy cream, and sugar into a commercial steam kettle or heavy-bottomed stockpot. Bring it to a bare simmer over medium heat, stirring occasionally to ensure the sugar melts. | Thicken: Lower the heat. Give your custard powder slurry a quick stir, then slowly pour it into the hot milk while whisking the main pot aggressively. | Cook Out Starch: Continue to cook and whisk over low heat for 3 to 4 minutes. The mixture will thicken dramatically. Cooking it for those few minutes is critical to remove any raw, chalky starch flavor. | Gloss Finish: Remove from the heat. Whisk in the vanilla extract and cold butter cubes until completely incorporated. | Holding Option: | To serve warm: Place the container directly into a chafing dish or hot-water holding cabinet (keep above 140°F / 60°C). | To serve cold: Pour into shallow pans and immediately press plastic wrap directly against the surface of the hot custard. This stops a tough leather-like ""custard skin"" from forming as it cools in your refrigerator. | 🔥 Approximate Nutrition Comparison (Per Portion) | Dessert Variant | Calories | Protein | Fat | Carbohydrates | Key Allergens | 1. Fruity Jelly (100g) | 80 kcal | 1.5 g | 0 g | 19 g | None | 2. Crème Caramel (120g) | 290 kcal | 6 g | 13 g | 37 g | Dairy, Eggs | 3. Vanilla Custard (100g) | 140 kcal | 3.5 g | 5 g | 21 g | Dairy | Would you like me to output the Python script to generate a clean, consolidated Microsoft Word document (.docx) containing all three of these banquet sweet treats?",,,"[""egg"", ""milk""]",specific,"[""KBR-384""]","[""KBR""]",,true
Vermicelli with Milk KBR-384 ONEGO V3,RCP-091-VERMICELLI-KBR384ONEGOV3,Vermicelli with Milk Recipe (100 Pax),,Sweet,1,"[{""ingredient_name"": ""TAFGA GOODY VERMICELLI CUT 24/500G"", ""quantity"": 25, ""unit"": ""g"", ""item_code"": ""275514"", ""ingredient_id"": """"}, {""ingredient_name"": ""AL MARAI UHT MILF FF 12/1LTR"", ""quantity"": 0.12, ""unit"": ""l"", ""item_code"": ""DR000005"", ""ingredient_id"": """"}, {""ingredient_name"": ""ALMARAI BUTTER GHEE 6/1600G"", ""quantity"": 7, ""unit"": ""g"", ""item_code"": ""242795"", ""ingredient_id"": """"}, {""ingredient_name"": ""NIAZ CARDAMON 1/1KG"", ""quantity"": 0.2, ""unit"": ""g"", ""item_code"": ""GR003571"", ""ingredient_id"": """"}, {""ingredient_name"": ""A- SPIXA ALMONDS 1/1KG"", ""quantity"": 5, ""unit"": ""g"", ""item_code"": ""404350"", ""ingredient_id"": """"}, {""ingredient_name"": ""A- SPIXA CASHEW NUTS 1/1KG"", ""quantity"": 5, ""unit"": ""g"", ""item_code"": ""404349"", ""ingredient_id"": """"}, {""ingredient_name"": ""A-5 DIAMOND RAISIN 1/10KG"", ""quantity"": 4, ""unit"": ""g"", ""item_code"": ""404314"", ""ingredient_id"": """"}, {""ingredient_name"": ""Saffron"", ""quantity"": 0.02, ""unit"": ""g"", ""item_code"": ""RCPMIS-V5-007-SAFFRON"", ""ingredient_id"": """"}, {""ingredient_name"": ""A-TFG MAMIA ROSE WATER 12/430ML"", ""quantity"": 0.5, ""unit"": ""ml"", ""item_code"": ""266115"", ""ingredient_id"": """"}]",[],"Heat ghee in a large pot. | Add vermicelli and lightly roast (if not pre-roasted) until golden. | Pour in milk and bring to a boil. | Cook on medium heat, stirring continuously to avoid sticking. | Add sugar and mix well until dissolved. | Add cardamom powder and saffron (soaked in warm milk). | In a separate pan, lightly fry nuts and raisins in a little ghee. | Add fried nuts and raisins to the vermicelli mixture. | Simmer until slightly thick (milk reduces and vermicelli softens). | Finish with rose water. | Serve hot or chilled. | ⚖️ Portioning | 150 g per person | Use ladle/portion control to maintain consistency. | 🔥 Approximate Nutrition (Per 150 g Serving) | Nutrient | Value | Calories | ~220–260 kcal | Carbohydrates | 30–35 g | Protein | 5–6 g | Fat | 8–10 g | ⚠️ Allergen Information | Contains: | Milk (Dairy) | Gluten (from vermicelli/wheat) | Nuts (almonds, cashews) | May contain: | Traces of other nuts depending on sourcing | 💡 Notes for Bulk Cooking | Stir continuously to prevent burning at the bottom. | Adjust milk for thinner consistency if holding for long service. | Can be pre-prepared and reheated with extra milk.",,,"[""milk""]",specific,"[""KBR-384""]","[""KBR""]",,true
Achari Okra KBR-384 ONEGO V3,RCP-092-ACHARIOKRA-KBR384ONEGOV3,Achari Okra (Indian Style) for 100 servings of 150 grams each,,Vegetable,1,"[{""ingredient_name"": ""OKRA (LOCAL)"", ""quantity"": 150, ""unit"": ""g"", ""item_code"": ""PR000048"", ""ingredient_id"": """"}, {""ingredient_name"": ""TAFGA DALAL COOKING OIL-(SAUDI) 1/18LTR"", ""quantity"": 0.015, ""unit"": ""l"", ""item_code"": ""221871"", ""ingredient_id"": """"}, {""ingredient_name"": ""DRY ONION (LOCAL)"", ""quantity"": 50, ""unit"": ""g"", ""item_code"": ""PR000020"", ""ingredient_id"": """"}, {""ingredient_name"": ""TOMATO (ADY)"", ""quantity"": 30, ""unit"": ""g"", ""item_code"": ""PR000005"", ""ingredient_id"": """"}, {""ingredient_name"": ""GARLIC  (CHINA)"", ""quantity"": 3, ""unit"": ""g"", ""item_code"": ""PR000018"", ""ingredient_id"": """"}, {""ingredient_name"": ""GREEN CHILLI (INDIAN)"", ""quantity"": 2, ""unit"": ""g"", ""item_code"": ""PR000016"", ""ingredient_id"": """"}, {""ingredient_name"": ""Achari Masala"", ""quantity"": 2, ""unit"": ""g"", ""item_code"": ""RCPMIS-V5-021-ACHARIMA"", ""ingredient_id"": """"}, {""ingredient_name"": ""SHAN TURMERIC POWDER  10/1KG"", ""quantity"": 0.5, ""unit"": ""g"", ""item_code"": ""GR000043"", ""ingredient_id"": """"}, {""ingredient_name"": ""SHAN RED CHILLI POWDER 10/1KG"", ""quantity"": 1, ""unit"": ""g"", ""item_code"": ""GR000042"", ""ingredient_id"": """"}, {""ingredient_name"": ""SHAN CORIANDER POWDER  10/1KG"", ""quantity"": 1.5, ""unit"": ""g"", ""item_code"": ""GR000553"", ""ingredient_id"": """"}, {""ingredient_name"": ""TAFGA REHAN SALT IODIZED 24/700G"", ""quantity"": 3.5, ""unit"": ""g"", ""item_code"": ""166780"", ""ingredient_id"": """"}, {""ingredient_name"": ""TFG MOONATY LEMON JUICE 12/1LTR"", ""quantity"": 1.5, ""unit"": ""g"", ""item_code"": ""429366"", ""ingredient_id"": """"}, {""ingredient_name"": ""CORIANDER LEAVES (BDL)"", ""quantity"": 5, ""unit"": ""g"", ""item_code"": ""PR000062"", ""ingredient_id"": """"}]",[],"Prep the Okra | Wash and dry the okra thoroughly. | Cut into 1–2 inch pieces, keeping them as dry as possible to avoid sliminess. | Cook Aromatics | Heat oil in a large kadhai or wok. | Add chopped onions, sauté until golden brown. | Add ginger-garlic paste and green chilies; sauté for 2–3 minutes. | Add Spices & Tomatoes | Add turmeric, red chili, coriander powder, and achari masala. | Cook until the spices release aroma. | Add chopped tomatoes; cook until soft and oil separates. | Cook Okra | Add okra to the masala. Mix gently to coat with spices. | Cook on medium heat for 15–20 minutes, stirring occasionally, until okra is tender and cooked through. | Finish & Garnish | Add lemon juice or amchur powder for tanginess. | Adjust salt. | Garnish with fresh coriander leaves. Serve hot. | Nutritional Information (Per 150 g Serving, Approx.) | Calories – 180–200 kcal | Protein – 3–4 g | Carbohydrates – 12–15 g | Fat – 13–15 g | Fiber – 4–5 g | Allergens | Contains: Mustard seeds (from achari masala) | May contain traces of: Fenugreek (in achari masala), garlic, onion | This is suitable for vegetarian diets. Vegan-friendly if oil used is plant-based.",,,"[""milk""]",specific,"[""KBR-384""]","[""KBR""]",,true
allo bujiya for KBR-384 ONEGO V3,RCP-093-ALLOBUJIYA-KBR384ONEGOV3,Allo Bhujiya Ingredients For 100 Servings (150 G Each),,Vegetable,1,"[{""ingredient_name"": ""POTATO (LOCAL)"", ""quantity"": 80, ""unit"": ""g"", ""item_code"": ""PR000022"", ""ingredient_id"": """"}, {""ingredient_name"": ""TFGA ADELCO CHICK PEAS PWDR INDIA 1/15KG"", ""quantity"": 25, ""unit"": ""g"", ""item_code"": ""307316"", ""ingredient_id"": """"}, {""ingredient_name"": ""TAFGA DALAL COOKING OIL-(SAUDI) 1/18LTR"", ""quantity"": 0.04, ""unit"": ""l"", ""item_code"": ""221871"", ""ingredient_id"": """"}, {""ingredient_name"": ""SHAN RED CHILLI POWDER 10/1KG"", ""quantity"": 1, ""unit"": ""g"", ""item_code"": ""GR000042"", ""ingredient_id"": """"}, {""ingredient_name"": ""SHAN TURMERIC POWDER  10/1KG"", ""quantity"": 0.5, ""unit"": ""g"", ""item_code"": ""GR000043"", ""ingredient_id"": """"}, {""ingredient_name"": ""SHAN KORMA MASALA 10/1KG"", ""quantity"": 0.5, ""unit"": ""g"", ""item_code"": ""GR001943"", ""ingredient_id"": """"}, {""ingredient_name"": ""Asafoetida"", ""quantity"": 0.05, ""unit"": ""g"", ""item_code"": ""RCPMIS-V5-022-ASAFOETI"", ""ingredient_id"": """"}, {""ingredient_name"": ""TAFGA REHAN SALT IODIZED 24/700G"", ""quantity"": 1.5, ""unit"": ""g"", ""item_code"": ""166780"", ""ingredient_id"": """"}, {""ingredient_name"": ""CORIANDER LEAVES (BDL)"", ""quantity"": 1, ""unit"": ""g"", ""item_code"": ""PR000062"", ""ingredient_id"": """"}]",[],"Boil and mash the potatoes. | Mix mashed potatoes with besan, spices, salt, and coriander leaves. | Knead into a soft dough, then shape using a sev press or piping bag into thin strands. | Deep fry in hot oil until crisp and golden. | Drain excess oil and cool before serving. | Approximate Nutrition (per 150 g serving) | Nutrient | Amount | Calories | 320–350 kcal | Protein | 6–7 g | Fat | 18–20 g | Carbohydrates | 38–40 g | Fiber | 3–4 g | Allergen Information | Contains: Gluten (besan), may contain traces of other allergens if fried in shared oil. | Optional adjustments: Use gluten-free flour if needed.",,,"[""milk""]",specific,"[""KBR-384""]","[""KBR""]",,true
ALOO GOBI KBR-384 ONEGO V3,RCP-094-ALOOGOBI-KBR384ONEGOV3,Aloo Gobi (Cauliflower Potato Masala),,Vegetable,1,"[{""ingredient_name"": ""CAULIFLOWER (LOCAL)"", ""quantity"": 100, ""unit"": ""g"", ""item_code"": ""PR000032"", ""ingredient_id"": """"}, {""ingredient_name"": ""POTATO (LOCAL)"", ""quantity"": 50, ""unit"": ""g"", ""item_code"": ""PR000022"", ""ingredient_id"": """"}, {""ingredient_name"": ""DRY ONION (LOCAL)"", ""quantity"": 30, ""unit"": ""g"", ""item_code"": ""PR000020"", ""ingredient_id"": """"}, {""ingredient_name"": ""TOMATO (ADY)"", ""quantity"": 30, ""unit"": ""g"", ""item_code"": ""PR000005"", ""ingredient_id"": """"}, {""ingredient_name"": ""GREEN CHILLI (INDIAN)"", ""quantity"": 2, ""unit"": ""g"", ""item_code"": ""PR000016"", ""ingredient_id"": """"}, {""ingredient_name"": ""GARLIC  (CHINA)"", ""quantity"": 4, ""unit"": ""g"", ""item_code"": ""PR000018"", ""ingredient_id"": """"}, {""ingredient_name"": ""TAFGA DALAL COOKING OIL-(SAUDI) 1/18LTR"", ""quantity"": 0.015, ""unit"": ""l"", ""item_code"": ""221871"", ""ingredient_id"": """"}, {""ingredient_name"": ""SHAN CUMIN WHOLE  10/1KG"", ""quantity"": 1, ""unit"": ""g"", ""item_code"": ""GR000554"", ""ingredient_id"": """"}, {""ingredient_name"": ""SHAN TURMERIC POWDER  10/1KG"", ""quantity"": 0.8, ""unit"": ""g"", ""item_code"": ""GR000043"", ""ingredient_id"": """"}, {""ingredient_name"": ""SHAN RED CHILLI POWDER 10/1KG"", ""quantity"": 1.2, ""unit"": ""g"", ""item_code"": ""GR000042"", ""ingredient_id"": """"}, {""ingredient_name"": ""SHAN CORIANDER POWDER  10/1KG"", ""quantity"": 2, ""unit"": ""g"", ""item_code"": ""GR000553"", ""ingredient_id"": """"}, {""ingredient_name"": ""SHAN KORMA MASALA 10/1KG"", ""quantity"": 0.8, ""unit"": ""g"", ""item_code"": ""GR001943"", ""ingredient_id"": """"}, {""ingredient_name"": ""TAFGA REHAN SALT IODIZED 24/700G"", ""quantity"": 3, ""unit"": ""g"", ""item_code"": ""166780"", ""ingredient_id"": """"}, {""ingredient_name"": ""CORIANDER LEAVES (BDL)"", ""quantity"": 10, ""unit"": ""g"", ""item_code"": ""PR000062"", ""ingredient_id"": """"}, {""ingredient_name"": ""TFG MOONATY LEMON JUICE 12/1LTR"", ""quantity"": 2, ""unit"": ""ml"", ""item_code"": ""429366"", ""ingredient_id"": """"}]",[],"Prep Vegetables | Wash and cut cauliflower into medium florets. | Dice potatoes evenly. | Blanch Cauliflower (optional but recommended) | Lightly blanch in salted hot water for 2–3 minutes. Drain. | Heat oil in large tilting pan or kadhi. | Add cumin seeds → let them splutter. | Add onions → sauté until golden brown. | Masala Cooking | Add ginger-garlic paste → cook till raw smell disappears. | Add tomatoes + green chilies → cook until soft and oil separates. | Spices | Add turmeric, red chili, coriander powder → mix well. | Vegetables Cooking | Add potatoes → cook for 5–7 minutes. | Add cauliflower → mix gently. | Add salt and little water (about 1–1.5 liters). | Simmer | Cover and cook on medium heat for 20–25 minutes. | Stir occasionally to avoid breaking cauliflower. | Finishing | Sprinkle garam masala. | Add fresh coriander and lemon juice. | Holding | Keep hot at 65°C+ for service. | 🍽️ Portion Size | 150 g per person | Total yield: 15 kg finished product | 🔥 Approximate Nutrition (Per 150 g Serving) | Nutrient | Value | Calories | 140–160 kcal | Carbohydrates | 18–20 g | Protein | 3–4 g | Fat | 6–8 g | Fiber | 4–5 g | ⚠️ Allergen Information | Contains: | None of the major allergens naturally",,,"[""milk""]",specific,"[""KBR-384""]","[""KBR""]",,true
Bitter Gourd POTATO KBR-384 ONEGO V3,RCP-095-BITTERGOUR-KBR384ONEGOV3,"Bitter Gourd (Karela) and Potato Cooked in Indian Style, portioned for 150 grams per serving,",,Vegetable,1,"[{""ingredient_name"": ""BITTERGOURD (LOCAL)"", ""quantity"": 50, ""unit"": ""g"", ""item_code"": ""PR000030"", ""ingredient_id"": """"}, {""ingredient_name"": ""POTATO (LOCAL)"", ""quantity"": 50, ""unit"": ""g"", ""item_code"": ""PR000022"", ""ingredient_id"": """"}, {""ingredient_name"": ""TAFGA DALAL COOKING OIL-(SAUDI) 1/18LTR"", ""quantity"": 7, ""unit"": ""ml"", ""item_code"": ""221871"", ""ingredient_id"": """"}, {""ingredient_name"": ""SHAN CUMIN WHOLE  10/1KG"", ""quantity"": 1, ""unit"": ""g"", ""item_code"": ""GR000554"", ""ingredient_id"": """"}, {""ingredient_name"": ""A-NASEEL MUSTARD WHOLE 1/1KG"", ""quantity"": 0.25, ""unit"": ""g"", ""item_code"": ""404344"", ""ingredient_id"": """"}, {""ingredient_name"": ""SHAN TURMERIC POWDER  10/1KG"", ""quantity"": 0.5, ""unit"": ""g"", ""item_code"": ""GR000043"", ""ingredient_id"": """"}, {""ingredient_name"": ""SHAN RED CHILLI POWDER 10/1KG"", ""quantity"": 1, ""unit"": ""g"", ""item_code"": ""GR000042"", ""ingredient_id"": """"}, {""ingredient_name"": ""SHAN CORIANDER POWDER  10/1KG"", ""quantity"": 0.8, ""unit"": ""g"", ""item_code"": ""GR000553"", ""ingredient_id"": """"}, {""ingredient_name"": ""SHAN KORMA MASALA 10/1KG"", ""quantity"": 0.5, ""unit"": ""g"", ""item_code"": ""GR001943"", ""ingredient_id"": """"}, {""ingredient_name"": ""TAFGA REHAN SALT IODIZED 24/700G"", ""quantity"": 1, ""unit"": ""g"", ""item_code"": ""166780"", ""ingredient_id"": """"}, {""ingredient_name"": ""DRY ONION (LOCAL)"", ""quantity"": 50, ""unit"": ""g"", ""item_code"": ""PR000020"", ""ingredient_id"": """"}, {""ingredient_name"": ""TOMATO (ADY)"", ""quantity"": 30, ""unit"": ""g"", ""item_code"": ""PR000005"", ""ingredient_id"": """"}, {""ingredient_name"": ""GREEN CHILLI (INDIAN)"", ""quantity"": 2, ""unit"": ""g"", ""item_code"": ""PR000016"", ""ingredient_id"": """"}, {""ingredient_name"": ""GARLIC  (CHINA)"", ""quantity"": 2, ""unit"": ""g"", ""item_code"": ""PR000018"", ""ingredient_id"": """"}, {""ingredient_name"": ""GINGER (CHINA)"", ""quantity"": 2, ""unit"": ""g"", ""item_code"": ""PR000019"", ""ingredient_id"": """"}, {""ingredient_name"": ""CORIANDER LEAVES (BDL)"", ""quantity"": 2, ""unit"": ""g"", ""item_code"": ""PR000062"", ""ingredient_id"": """"}]",[],"Prep the Bitter Gourd: | Wash, deseed, and slice bitter gourd thinly. | Optional: Sprinkle with salt and leave for 15–20 minutes to reduce bitterness, then rinse. | Fry Potatoes: | Heat half the oil in a large pan. | Fry cubed potatoes until lightly golden. Remove and set aside. | Cook Bitter Gourd: | Heat remaining oil, add cumin and mustard seeds. Let them splutter. | Add onions, sauté until golden brown. | Add garlic and ginger paste, sauté for 1–2 minutes. | Add chopped tomatoes, turmeric, chili powder, coriander powder, and salt. Cook until tomatoes soften. | Combine & Simmer: | Add sliced bitter gourd and green chilies. Stir well. | Cover and cook on low-medium heat for 10–15 minutes. | Add fried potatoes, mix gently, cover, and cook for another 5–10 minutes until all vegetables are tender. | Finish: | Sprinkle garam masala and chopped coriander leaves. | Mix gently and serve hot. | Serving Size: 150 g per portion | Approximate Nutritional Information (per serving): | Calories: 95 kcal | Carbohydrates: 18 g | Protein: 2 g | Fat: 2.5 g | Fiber: 4 g | Allergen Information: | Contains: None (vegan & gluten-free) | Optional Allergens: If using mustard seeds or certain oils, check for seed allergies.",,,"[""milk""]",specific,"[""KBR-384""]","[""KBR""]",,true
carrot potato green peas mix KBR-384 ONEGO V3,RCP-096-CARROTPOTA-KBR384ONEGOV3,"Indian-Style Carrot, Potato & Green Peas Mix (150 g per serving)",,Vegetable,1,"[{""ingredient_name"": ""CARROT (AUSTALIA/CHINA)"", ""quantity"": 50, ""unit"": ""g"", ""item_code"": ""PR000026"", ""ingredient_id"": """"}, {""ingredient_name"": ""POTATO (LOCAL)"", ""quantity"": 50, ""unit"": ""g"", ""item_code"": ""PR000022"", ""ingredient_id"": """"}, {""ingredient_name"": ""A-TOMEX GREEN PEAS 4/2.5KG"", ""quantity"": 50, ""unit"": ""g"", ""item_code"": ""404330"", ""ingredient_id"": """"}, {""ingredient_name"": ""DRY ONION (LOCAL)"", ""quantity"": 25, ""unit"": ""g"", ""item_code"": ""PR000020"", ""ingredient_id"": """"}, {""ingredient_name"": ""GARLIC  (CHINA)"", ""quantity"": 2, ""unit"": ""g"", ""item_code"": ""PR000018"", ""ingredient_id"": """"}, {""ingredient_name"": ""GINGER (CHINA)"", ""quantity"": 1.5, ""unit"": ""g"", ""item_code"": ""PR000019"", ""ingredient_id"": """"}, {""ingredient_name"": ""GREEN CHILLI (INDIAN)"", ""quantity"": 1, ""unit"": ""g"", ""item_code"": ""PR000016"", ""ingredient_id"": """"}, {""ingredient_name"": ""TOMATO (ADY)"", ""quantity"": 20, ""unit"": ""g"", ""item_code"": ""PR000005"", ""ingredient_id"": """"}, {""ingredient_name"": ""TAFGA DALAL COOKING OIL-(SAUDI) 1/18LTR"", ""quantity"": 5, ""unit"": ""ml"", ""item_code"": ""221871"", ""ingredient_id"": """"}, {""ingredient_name"": ""SHAN CUMIN WHOLE  10/1KG"", ""quantity"": 0.5, ""unit"": ""g"", ""item_code"": ""GR000554"", ""ingredient_id"": """"}, {""ingredient_name"": ""SHAN TURMERIC POWDER  10/1KG"", ""quantity"": 0.25, ""unit"": ""g"", ""item_code"": ""GR000043"", ""ingredient_id"": """"}, {""ingredient_name"": ""SHAN CORIANDER POWDER  10/1KG"", ""quantity"": 0.5, ""unit"": ""g"", ""item_code"": ""GR000553"", ""ingredient_id"": """"}, {""ingredient_name"": ""SHAN KORMA MASALA 10/1KG"", ""quantity"": 0.2, ""unit"": ""g"", ""item_code"": ""GR001943"", ""ingredient_id"": """"}, {""ingredient_name"": ""SHAN RED CHILLI POWDER 10/1KG"", ""quantity"": 0.2, ""unit"": ""g"", ""item_code"": ""GR000042"", ""ingredient_id"": """"}, {""ingredient_name"": ""TAFGA REHAN SALT IODIZED 24/700G"", ""quantity"": 2, ""unit"": ""g"", ""item_code"": ""166780"", ""ingredient_id"": """"}, {""ingredient_name"": ""CORIANDER LEAVES (BDL)"", ""quantity"": 2, ""unit"": ""g"", ""item_code"": ""PR000062"", ""ingredient_id"": """"}]",[],"Prep vegetables: Wash, peel, and dice carrots and potatoes. Wash green peas. | Heat oil: In a large pan or wok, heat oil over medium heat. Add cumin seeds and let them splutter. | Sauté aromatics: Add chopped onions, garlic, ginger, and green chilies. Cook until onions are golden brown. | Add spices: Stir in turmeric, coriander powder, red chili powder, and salt. Cook for 1–2 minutes. | Add vegetables: Add carrots and potatoes first. Cook for 5–7 minutes, stirring occasionally. | Add tomatoes and peas: Mix in tomato puree and green peas. Add a splash of water if needed. Cover and cook on medium-low heat until vegetables are tender (15–20 minutes). | Finish: Sprinkle garam masala and fresh coriander leaves. Mix well. | Serve: Portion 150 g per serving. | Nutritional Information (Approx. per 150 g serving) | Nutrient | Amount | Calories | 120–130 kcal | Protein | 3 g | Carbohydrates | 25 g | Dietary Fiber | 4 g | Fat | 3–4 g | Saturated Fat | 0.5 g | Allergen Information | Contains: None (vegan & gluten-free). | May contain traces of: If using shared kitchen equipment, may contain nuts or other allergens. | This dish is low cost, vegetarian, and healthy, suitable as a side or main dish in Indian-style meals.",,,"[""milk""]",specific,"[""KBR-384""]","[""KBR""]",,true
Cauliflower Potato Curry KBR-384 ONEGO V3,RCP-097-CAULIFLOWE-KBR384ONEGOV3,"Cauliflower Potato Curry (100 Pax, 150 g per serving)",,Vegetable,1,"[{""ingredient_name"": ""CAULIFLOWER (LOCAL)"", ""quantity"": 75, ""unit"": ""g"", ""item_code"": ""PR000032"", ""ingredient_id"": """"}, {""ingredient_name"": ""POTATO (LOCAL)"", ""quantity"": 75, ""unit"": ""g"", ""item_code"": ""PR000022"", ""ingredient_id"": """"}, {""ingredient_name"": ""DRY ONION (LOCAL)"", ""quantity"": 50, ""unit"": ""g"", ""item_code"": ""PR000020"", ""ingredient_id"": """"}, {""ingredient_name"": ""TOMATO (ADY)"", ""quantity"": 40, ""unit"": ""g"", ""item_code"": ""PR000005"", ""ingredient_id"": """"}, {""ingredient_name"": ""GINGER (CHINA)"", ""quantity"": 2.5, ""unit"": ""g"", ""item_code"": ""PR000019"", ""ingredient_id"": """"}, {""ingredient_name"": ""GARLIC  (CHINA)"", ""quantity"": 2.5, ""unit"": ""g"", ""item_code"": ""PR000018"", ""ingredient_id"": """"}, {""ingredient_name"": ""GREEN CHILLI (INDIAN)"", ""quantity"": 2, ""unit"": ""g"", ""item_code"": ""PR000016"", ""ingredient_id"": """"}, {""ingredient_name"": ""ALMARAI LABNEH FF 1/2.75KG"", ""quantity"": 15, ""unit"": ""g"", ""item_code"": ""DR000284"", ""ingredient_id"": """"}, {""ingredient_name"": ""TAFGA DALAL COOKING OIL-(SAUDI) 1/18LTR"", ""quantity"": 0.015, ""unit"": ""l"", ""item_code"": ""221871"", ""ingredient_id"": """"}, {""ingredient_name"": ""SHAN CUMIN WHOLE  10/1KG"", ""quantity"": 0.5, ""unit"": ""g"", ""item_code"": ""GR000554"", ""ingredient_id"": """"}, {""ingredient_name"": ""A-NASEEL MUSTARD WHOLE 1/1KG"", ""quantity"": 0.25, ""unit"": ""g"", ""item_code"": ""404344"", ""ingredient_id"": """"}, {""ingredient_name"": ""SHAN TURMERIC POWDER  10/1KG"", ""quantity"": 0.5, ""unit"": ""g"", ""item_code"": ""GR000043"", ""ingredient_id"": """"}, {""ingredient_name"": ""SHAN RED CHILLI POWDER 10/1KG"", ""quantity"": 0.5, ""unit"": ""g"", ""item_code"": ""GR000042"", ""ingredient_id"": """"}, {""ingredient_name"": ""SHAN CORIANDER POWDER  10/1KG"", ""quantity"": 1, ""unit"": ""g"", ""item_code"": ""GR000553"", ""ingredient_id"": """"}, {""ingredient_name"": ""SHAN KORMA MASALA 10/1KG"", ""quantity"": 0.5, ""unit"": ""g"", ""item_code"": ""GR001943"", ""ingredient_id"": """"}, {""ingredient_name"": ""TAFGA REHAN SALT IODIZED 24/700G"", ""quantity"": 2, ""unit"": ""g"", ""item_code"": ""166780"", ""ingredient_id"": """"}, {""ingredient_name"": ""CORIANDER LEAVES (BDL)"", ""quantity"": 2, ""unit"": ""g"", ""item_code"": ""PR000062"", ""ingredient_id"": """"}, {""ingredient_name"": ""(TAFGA) NOVA WATER 24/0.55-0.6LTR"", ""quantity"": 0.06, ""unit"": ""l"", ""item_code"": ""224894"", ""ingredient_id"": """"}]",[],"Prep vegetables: Wash and cut cauliflower into florets; peel and dice potatoes. | Tempering: Heat oil in a large pan or kadai. Add cumin and mustard seeds, allow them to splutter. | Sauté aromatics: Add onions, sauté until golden brown. Add ginger-garlic paste and green chilies; cook 2–3 mins. | Spices: Add turmeric, red chili, and coriander powder. Fry for 1–2 mins until aromatic. | Add tomatoes: Mix in tomatoes, cook until soft and oil separates (5–7 mins). | Add vegetables: Add cauliflower and potatoes. Mix well. | Cooking: Add water (enough to cover vegetables) and salt. Cover and simmer until vegetables are tender (15–20 mins). | Finishing: Stir in yogurt (if using) and garam masala. Cook 2–3 mins more. | Garnish: Sprinkle fresh coriander before serving. | Serving | Portion: 150 g per person | For 100 people, total: 15 kg | Calories & Nutritional Info (approx. per 150 g serving) | Nutrient | Amount | Calories | 120–140 kcal | Protein | 3 g | Carbohydrates | 20 g | Fat | 5 g | Fiber | 4 g | Allergens | Dairy: if yogurt is used | Mustard: if mustard seeds are used | Naturally gluten-free",,,"[""milk""]",specific,"[""KBR-384""]","[""KBR""]",,true
Dahi Kari with Pakora KBR-384 ONEGO V3,RCP-098-DAHIKARIWI-KBR384ONEGOV3,Dahi Kari with Pakora (100 Pax),,Vegetable,1,"[{""ingredient_name"": ""ALMARAI LABNEH FF 1/2.75KG"", ""quantity"": 80, ""unit"": ""g"", ""item_code"": ""DR000284"", ""ingredient_id"": """"}, {""ingredient_name"": ""A-FOOM WHITE FLOUR 1/45KG"", ""quantity"": 15, ""unit"": ""g"", ""item_code"": ""188559"", ""ingredient_id"": """"}, {""ingredient_name"": ""(TAFGA) NOVA WATER 24/0.55-0.6LTR"", ""quantity"": 0.12, ""unit"": ""l"", ""item_code"": ""224894"", ""ingredient_id"": """"}, {""ingredient_name"": ""SHAN TURMERIC POWDER  10/1KG"", ""quantity"": 0.8, ""unit"": ""g"", ""item_code"": ""GR000043"", ""ingredient_id"": """"}, {""ingredient_name"": ""SHAN RED CHILLI POWDER 10/1KG"", ""quantity"": 1.2, ""unit"": ""g"", ""item_code"": ""GR000042"", ""ingredient_id"": """"}, {""ingredient_name"": ""TAFGA REHAN SALT IODIZED 24/700G"", ""quantity"": 2.5, ""unit"": ""g"", ""item_code"": ""166780"", ""ingredient_id"": """"}, {""ingredient_name"": ""GINGER (CHINA)"", ""quantity"": 3, ""unit"": ""g"", ""item_code"": ""PR000019"", ""ingredient_id"": """"}, {""ingredient_name"": ""GARLIC  (CHINA)"", ""quantity"": 3, ""unit"": ""g"", ""item_code"": ""PR000018"", ""ingredient_id"": """"}, {""ingredient_name"": ""SHAN CUMIN WHOLE  10/1KG"", ""quantity"": 1, ""unit"": ""g"", ""item_code"": ""GR000554"", ""ingredient_id"": """"}, {""ingredient_name"": ""A-MEHRAN KAUSRI METHILEAVES 12/50G"", ""quantity"": 0.5, ""unit"": ""g"", ""item_code"": ""276502"", ""ingredient_id"": """"}, {""ingredient_name"": ""A-NASEEL MUSTARD WHOLE 1/1KG"", ""quantity"": 0.8, ""unit"": ""g"", ""item_code"": ""404344"", ""ingredient_id"": """"}, {""ingredient_name"": ""Curry leaves"", ""quantity"": 2, ""unit"": ""g"", ""item_code"": ""RCPMIS-V5-023-CURRYLEA"", ""ingredient_id"": """"}, {""ingredient_name"": ""GREEN CHILLI (INDIAN)"", ""quantity"": 3, ""unit"": ""g"", ""item_code"": ""PR000016"", ""ingredient_id"": """"}, {""ingredient_name"": ""TAFGA DALAL COOKING OIL-(SAUDI) 1/18LTR"", ""quantity"": 0.015, ""unit"": ""l"", ""item_code"": ""221871"", ""ingredient_id"": """"}, {""ingredient_name"": ""A-FOOM WHITE FLOUR 1/45KG"", ""quantity"": 30, ""unit"": ""g"", ""item_code"": ""188559"", ""ingredient_id"": """"}, {""ingredient_name"": ""DRY ONION (LOCAL)"", ""quantity"": 40, ""unit"": ""g"", ""item_code"": ""PR000020"", ""ingredient_id"": """"}, {""ingredient_name"": ""TFG BOREAL/TOMEX BELGIUM SPINACH 4/2.5KG"", ""quantity"": 20, ""unit"": ""g"", ""item_code"": ""139837"", ""ingredient_id"": """"}, {""ingredient_name"": ""GREEN CHILLI (INDIAN)"", ""quantity"": 2, ""unit"": ""g"", ""item_code"": ""PR000016"", ""ingredient_id"": """"}, {""ingredient_name"": ""CORIANDER LEAVES (BDL)"", ""quantity"": 3, ""unit"": ""g"", ""item_code"": ""PR000062"", ""ingredient_id"": """"}, {""ingredient_name"": ""TAFGA REHAN SALT IODIZED 24/700G"", ""quantity"": 1.5, ""unit"": ""g"", ""item_code"": ""166780"", ""ingredient_id"": """"}, {""ingredient_name"": ""SHAN RED CHILLI POWDER 10/1KG"", ""quantity"": 1, ""unit"": ""g"", ""item_code"": ""GR000042"", ""ingredient_id"": """"}, {""ingredient_name"": ""A-TAFGA ORIENT GARDEN BAKING SODA 12/12Z"", ""quantity"": 0.2, ""unit"": ""g"", ""item_code"": ""182376"", ""ingredient_id"": """"}, {""ingredient_name"": ""TAFGA DALAL COOKING OIL-(SAUDI) 1/18LTR"", ""quantity"": 0.08, ""unit"": ""l"", ""item_code"": ""221871"", ""ingredient_id"": """"}]",[],"Step 1: Prepare Pakora | Mix besan, onion, spinach, spices, and water to form thick batter. | Heat oil and deep fry small pakoras until golden. | Remove and keep aside. | Step 2: Prepare Dahi Kari | Whisk yogurt + besan + water until smooth (no lumps). | In a large pot, heat oil and add: | Cumin, mustard, fenugreek seeds | Curry leaves, green chilies | Ginger & garlic paste | Add yogurt mixture and cook on medium heat. | Stir continuously to avoid curdling. | Add turmeric, chili powder, and salt. | Cook for 45–60 minutes until slightly thick. | Step 3: Final Assembly | Add fried pakoras into karhi. | Simmer for 10–15 minutes. | Adjust consistency and seasoning. | 🔥 Calories (Per 150 g Serving – Approx.) | Energy: 180–220 kcal | Protein: 6–8 g | Fat: 8–10 g | Carbohydrates: 18–22 g | (Varies depending on oil absorption in pakoras) | ⚠️ Allergen Information | Dairy: Yogurt | Gluten-free: Yes (if no cross-contamination) | Legumes: Gram flour (besan) | Possible allergens: | Mustard seeds | Fenugreek | Oil: Deep-fried items (may affect sensitive individuals) | 💡 Notes for Bulk Cooking | Keep karhi slightly thin before adding pakoras (they absorb liquid). | Add pakoras just before service for best texture. | Stir continuously while cooking to prevent splitting.",,,"[""milk"", ""wheat""]",specific,"[""KBR-384""]","[""KBR""]",,true
Green Beans KBR-384 ONEGO V3,RCP-099-GREENBEANS-KBR384ONEGOV3,Green Beans & Potato (Aloo Beans Sabzi) – 100 Pax,,Vegetable,1,"[{""ingredient_name"": ""A-TOMEX CUT GREEN BEAN 4/2.5KG"", ""quantity"": 80, ""unit"": ""g"", ""item_code"": ""404331"", ""ingredient_id"": """"}, {""ingredient_name"": ""POTATO (LOCAL)"", ""quantity"": 70, ""unit"": ""g"", ""item_code"": ""PR000022"", ""ingredient_id"": """"}]",[],"Heat oil in large tilting pan or stock pot. | Add cumin seeds, let them crackle. | Add onions, sauté until golden brown. | Add ginger-garlic paste & green chilies, cook until raw smell disappears. | Add tomatoes, cook until soft and oil separates. | Add all spice powders, mix well. | Add potatoes, cook for 10 minutes (partial cooking). | Add green beans, mix thoroughly. | Add a little water (~1–1.5 liters), cover and cook on medium heat. | Stir occasionally until vegetables are tender and moisture evaporates. | Finish with garam masala, coriander leaves, and lemon juice. | 🔥 Approximate Nutrition (Per 150 g Serving) | Calories: ~130–150 kcal | Carbohydrates: 18–22 g | Protein: 3–4 g | Fat: 5–6 g | Fiber: 4–5 g | ⚠️ Allergen Information | Contains: | Possible mustard cross-contact (if cooked in shared kitchen) | Free from: | Dairy | Nuts | Gluten (if no cross-contamination)",,,[],specific,"[""KBR-384""]","[""KBR""]",,true
LONE MARROW POTATO SWEET PEPPER KBR-384 ONEGO V3,RCP-100-LONEMARROW-KBR384ONEGOV3,"Long Marrow, Potato, and Sweet Pepper Mix for 100 servings (150 g per serving),",,Vegetable,1,"[{""ingredient_name"": ""MARROW (BIG)"", ""quantity"": 50, ""unit"": ""g"", ""item_code"": ""PR000014"", ""ingredient_id"": """"}, {""ingredient_name"": ""POTATO (LOCAL)"", ""quantity"": 50, ""unit"": ""g"", ""item_code"": ""PR000022"", ""ingredient_id"": """"}, {""ingredient_name"": ""GREEN PEPPER (LBN)"", ""quantity"": 30, ""unit"": ""g"", ""item_code"": ""PR000009"", ""ingredient_id"": """"}, {""ingredient_name"": ""DRY ONION (LOCAL)"", ""quantity"": 25, ""unit"": ""g"", ""item_code"": ""PR000020"", ""ingredient_id"": """"}, {""ingredient_name"": ""TOMATO (ADY)"", ""quantity"": 30, ""unit"": ""g"", ""item_code"": ""PR000005"", ""ingredient_id"": """"}, {""ingredient_name"": ""GARLIC  (CHINA)"", ""quantity"": 2.5, ""unit"": ""g"", ""item_code"": ""PR000018"", ""ingredient_id"": """"}, {""ingredient_name"": ""GREEN CHILLI (INDIAN)"", ""quantity"": 1.5, ""unit"": ""g"", ""item_code"": ""PR000016"", ""ingredient_id"": """"}, {""ingredient_name"": ""TAFGA DALAL COOKING OIL-(SAUDI) 1/18LTR"", ""quantity"": 7.5, ""unit"": ""ml"", ""item_code"": ""221871"", ""ingredient_id"": """"}, {""ingredient_name"": ""SHAN CUMIN WHOLE  10/1KG"", ""quantity"": 0.5, ""unit"": ""g"", ""item_code"": ""GR000554"", ""ingredient_id"": """"}, {""ingredient_name"": ""SHAN TURMERIC POWDER  10/1KG"", ""quantity"": 0.5, ""unit"": ""g"", ""item_code"": ""GR000043"", ""ingredient_id"": """"}, {""ingredient_name"": ""SHAN CORIANDER POWDER  10/1KG"", ""quantity"": 1, ""unit"": ""g"", ""item_code"": ""GR000553"", ""ingredient_id"": """"}, {""ingredient_name"": ""SHAN RED CHILLI POWDER 10/1KG"", ""quantity"": 0.5, ""unit"": ""g"", ""item_code"": ""GR000042"", ""ingredient_id"": """"}, {""ingredient_name"": ""SHAN KORMA MASALA 10/1KG"", ""quantity"": 0.5, ""unit"": ""g"", ""item_code"": ""GR001943"", ""ingredient_id"": """"}, {""ingredient_name"": ""TAFGA REHAN SALT IODIZED 24/700G"", ""quantity"": 2.5, ""unit"": ""g"", ""item_code"": ""166780"", ""ingredient_id"": """"}, {""ingredient_name"": ""CORIANDER LEAVES (BDL)"", ""quantity"": 2.5, ""unit"": ""g"", ""item_code"": ""PR000062"", ""ingredient_id"": """"}, {""ingredient_name"": ""(TAFGA) NOVA WATER 24/0.55-0.6LTR"", ""quantity"": 0.03, ""unit"": ""l"", ""item_code"": ""224894"", ""ingredient_id"": """"}]",[],"Tempering: Heat oil in a large vessel or industrial-sized pan. Add cumin seeds and let them sizzle for a few seconds. | Sautéing: Add onions and sauté until translucent. Add ginger-garlic paste and green chili; sauté until raw smell disappears. | Cooking vegetables: Add potatoes and long marrow. Sauté for 5–7 minutes. | Spices: Add turmeric, coriander, red chili powder, and salt. Mix well. | Tomatoes: Add chopped tomatoes and cook until soft. | Simmer: Add water as needed, cover, and cook on medium heat until potatoes and long marrow are tender (~15–20 minutes). | Final touches: Add sweet peppers last and cook for another 5 minutes. Sprinkle garam masala and chopped coriander leaves before serving. | Portioning | Total cooked weight: ~15 kg | Serving size: 150 g | Number of servings: 100 | Nutritional Information (per 150 g serving) | Nutrient | Amount | Calories | 120 kcal | Carbohydrates | 22 g | Protein | 2 g | Fat | 3 g | Fiber | 3 g | Sodium | 250 mg | Allergens:",,,"[""milk""]",specific,"[""KBR-384""]","[""KBR""]",,true
Mix Vegetable Curry KBR-384 ONEGO V3,RCP-101-MIXVEGETAB-KBR384ONEGOV3,Mix Vegetable Curry (100 Pax | 150 g per portion),,Vegetable,1,"[{""ingredient_name"": ""POTATO (LOCAL)"", ""quantity"": 60, ""unit"": ""g"", ""item_code"": ""PR000022"", ""ingredient_id"": """"}, {""ingredient_name"": ""CARROT (AUSTALIA/CHINA)"", ""quantity"": 30, ""unit"": ""g"", ""item_code"": ""PR000026"", ""ingredient_id"": """"}, {""ingredient_name"": ""MARROW (BIG)"", ""quantity"": 30, ""unit"": ""g"", ""item_code"": ""PR000014"", ""ingredient_id"": """"}, {""ingredient_name"": ""DRY ONION (LOCAL)"", ""quantity"": 20, ""unit"": ""g"", ""item_code"": ""PR000020"", ""ingredient_id"": """"}, {""ingredient_name"": ""TOMATO (ADY)"", ""quantity"": 25, ""unit"": ""g"", ""item_code"": ""PR000005"", ""ingredient_id"": """"}, {""ingredient_name"": ""GREEN CHILLI (INDIAN)"", ""quantity"": 1.5, ""unit"": ""g"", ""item_code"": ""PR000016"", ""ingredient_id"": """"}, {""ingredient_name"": ""GARLIC  (CHINA)"", ""quantity"": 3, ""unit"": ""g"", ""item_code"": ""PR000018"", ""ingredient_id"": """"}, {""ingredient_name"": ""TAFGA DALAL COOKING OIL-(SAUDI) 1/18LTR"", ""quantity"": 0.015, ""unit"": ""l"", ""item_code"": ""221871"", ""ingredient_id"": """"}, {""ingredient_name"": ""SHAN CUMIN WHOLE  10/1KG"", ""quantity"": 0.5, ""unit"": ""g"", ""item_code"": ""GR000554"", ""ingredient_id"": """"}, {""ingredient_name"": ""SHAN TURMERIC POWDER  10/1KG"", ""quantity"": 0.4, ""unit"": ""g"", ""item_code"": ""GR000043"", ""ingredient_id"": """"}, {""ingredient_name"": ""SHAN RED CHILLI POWDER 10/1KG"", ""quantity"": 0.6, ""unit"": ""g"", ""item_code"": ""GR000042"", ""ingredient_id"": """"}, {""ingredient_name"": ""SHAN CORIANDER POWDER  10/1KG"", ""quantity"": 1.2, ""unit"": ""g"", ""item_code"": ""GR000553"", ""ingredient_id"": """"}, {""ingredient_name"": ""SHAN KORMA MASALA 10/1KG"", ""quantity"": 0.5, ""unit"": ""g"", ""item_code"": ""GR001943"", ""ingredient_id"": """"}, {""ingredient_name"": ""TAFGA REHAN SALT IODIZED 24/700G"", ""quantity"": 2, ""unit"": ""g"", ""item_code"": ""166780"", ""ingredient_id"": """"}, {""ingredient_name"": ""CORIANDER LEAVES (BDL)"", ""quantity"": 5, ""unit"": ""g"", ""item_code"": ""PR000062"", ""ingredient_id"": """"}, {""ingredient_name"": ""(TAFGA) NOVA WATER 24/0.55-0.6LTR"", ""quantity"": 0.05, ""unit"": ""l"", ""item_code"": ""224894"", ""ingredient_id"": """"}]",[],"Heat oil in large tilting pan or kettle. | Add cumin seeds, let splutter. | Add onions → sauté until golden brown. | Add ginger-garlic paste and green chili → cook until aromatic. | Add tomatoes → cook until oil separates. | Add all dry spices → mix well. | Add potatoes first → cook 5–7 minutes. | Add carrot and marrow → mix thoroughly. | Add water/stock → cover and cook until vegetables are tender. | Finish with garam masala and fresh coriander. | Adjust seasoning and consistency (semi-dry gravy ideal for buffet). | 🔥 Portion Size | 150 g per person | ⚡ Approximate Nutrition (per 150 g serving) | Nutrient | Amount | Calories | 140–160 kcal | Carbohydrates | 18–22 g | Protein | 2–3 g | Fat | 6–8 g | Fiber | 3–4 g | (Values are approximate depending on oil usage and exact ratios.) | ⚠️ Allergen Information | Contains: | None of the major allergens inherently",,,"[""milk""]",specific,"[""KBR-384""]","[""KBR""]",,true
Roast Potatoes KBR-384 ONEGO V3,RCP-102-ROASTPOTAT-KBR384ONEGOV3,Roast Potatoes (100 Pax),,Vegetable,1,"[{""ingredient_name"": ""POTATO (LOCAL)"", ""quantity"": 120, ""unit"": ""g"", ""item_code"": ""PR000022"", ""ingredient_id"": """"}, {""ingredient_name"": ""TAFGA OLIVE OIL 12/500ML"", ""quantity"": 0.012, ""unit"": ""l"", ""item_code"": ""185208"", ""ingredient_id"": """"}, {""ingredient_name"": ""GARLIC  (CHINA)"", ""quantity"": 2, ""unit"": ""g"", ""item_code"": ""PR000018"", ""ingredient_id"": """"}, {""ingredient_name"": ""Fresh rosemary / thyme"", ""quantity"": 1, ""unit"": ""g"", ""item_code"": ""RCPMIS-V5-024-FRESHROS"", ""ingredient_id"": """"}, {""ingredient_name"": ""TAFGA REHAN SALT IODIZED 24/700G"", ""quantity"": 1.8, ""unit"": ""g"", ""item_code"": ""166780"", ""ingredient_id"": """"}, {""ingredient_name"": ""A-TAFGA FRESHLY PEPPER BLACK PWDR 6/16Z"", ""quantity"": 0.4, ""unit"": ""g"", ""item_code"": ""185836"", ""ingredient_id"": """"}, {""ingredient_name"": ""A-AL MANAKEL PAPRIKA SWEET JAR  6/1KG"", ""quantity"": 0.5, ""unit"": ""g"", ""item_code"": ""404682"", ""ingredient_id"": """"}]",[],"Prep Potatoes | Peel and cut into even chunks. | Wash to remove excess starch. | Parboil | Boil potatoes in salted water for 8–10 minutes (slightly tender). | Drain and allow to steam dry. | Preheat Oven | Preheat to 200°C. | Seasoning | Toss potatoes with oil, garlic, herbs, salt, pepper, and paprika. | Roasting | Spread evenly on baking trays (single layer). | Roast for 35–45 minutes, turning occasionally until golden and crispy. | Final Check | Adjust seasoning before serving. | 🔥 Approximate Nutrition (Per 100 g Serving) | Nutrient | Amount | Calories | ~150–180 kcal | Carbohydrates | 22 g | Protein | 2 g | Fat | 6–8 g | Fiber | 2–3 g",,,"[""milk""]",specific,"[""KBR-384""]","[""KBR""]",,true
